,0,1,2,3,4,5,6,7,8,9,10,11,12,13,14,15,16,17,18,19,20,21,22,23,24,25,26,27,28,29,30,31,32,33,34,35,36,37,38,39,40,41,42,43,44,45,46,47,48,49,50,51,52,53,54,55,56,57,58,59,60,61,62,63
0,0.040138964,0.16857414,-0.0928206,-0.9538159,-0.005705147,-0.25447074,0.067440026,0.23440813,0.29556456,-0.38229167,0.17580186,0.24590282,-0.009076893,-0.20393178,-0.09308569,-0.06432444,-0.88219434,0.036981516,0.19578129,-0.7499569,-0.06972169,0.36230227,-0.41564286,-0.24442977,0.10675717,-0.07427536,-0.117558956,0.05963854,0.57957333,-0.52661,0.18684334,0.35377324,0.31172112,-0.20530234,0.69097155,0.06443766,-0.2648419,0.06442873,0.106015034,-0.14159614,0.03207748,0.30829197,0.011984717,-0.028804144,-0.15131801,0.1994986,-0.90901864,-0.3655389,0.19341025,0.27544698,0.42417452,0.05237093,-0.024597429,-0.06617035,0.117527455,0.0019798893,0.05223542,-0.037106108,-0.025524136,0.32649794,-0.1694654,-0.054698464,0.51905906,-0.0355689
1,0.0363855,0.17628452,-0.10493179,-0.9485448,-0.006647976,-0.24773426,0.06907216,0.23902132,0.2876409,-0.38234642,0.17255652,0.26278844,-0.019879298,-0.21104488,-0.10184795,-0.06469428,-0.8698101,0.040010303,0.18819654,-0.75593424,-0.07175836,0.368009,-0.4158452,-0.2375687,0.10942893,-0.07417458,-0.11714466,0.07072367,0.60682714,-0.5292515,0.19160096,0.33362162,0.30523595,-0.18883854,0.68307817,0.068948105,-0.25859058,0.054414853,0.11423787,-0.12976179,0.03525347,0.30096814,0.0004930449,-0.03979752,-0.14643079,0.19695824,-0.9153143,-0.36294588,0.20569788,0.2681494,0.42390037,0.053318355,-0.0240694,-0.06694081,0.122621514,-0.0024920877,0.047529172,-0.032481328,-0.029846001,0.33739597,-0.17566815,-0.05240261,0.5105908,-0.0314096
2,0.028272986,0.18090735,-0.10330867,-0.951711,-0.009526926,-0.22932747,0.07208867,0.24434914,0.2798717,-0.38962638,0.19276568,0.2584725,-0.020859078,-0.19441384,-0.10094924,-0.06212188,-0.8660376,0.042294428,0.19415984,-0.7684759,-0.06889694,0.36786917,-0.39753127,-0.23979887,0.103178024,-0.0685536,-0.11605718,0.08256604,0.6066984,-0.51636606,0.19279324,0.32663187,0.2908091,-0.17798354,0.6881441,0.07333417,-0.2626979,0.059866987,0.11571591,-0.12771356,0.036005743,0.285303,-0.0027103496,-0.04082343,-0.15710256,0.18080316,-0.9180272,-0.3754771,0.19730026,0.26571915,0.4429902,0.05344407,-0.021158868,-0.07190252,0.12735252,-0.0050132726,0.052306972,-0.034253217,-0.029593075,0.3523103,-0.17268196,-0.050160345,0.5037499,-0.022957083
3,0.030946136,0.17063235,-0.09890691,-0.95239645,-0.008283612,-0.23110586,0.069579296,0.23691548,0.28745192,-0.3903277,0.18219884,0.2514138,-0.01670958,-0.20873655,-0.10460296,-0.06480371,-0.87083364,0.037168898,0.19274083,-0.75086886,-0.07303884,0.36035544,-0.40444702,-0.24933422,0.10568653,-0.0724065,-0.1249019,0.057089977,0.59039897,-0.51721156,0.18626021,0.34117395,0.3060383,-0.20435767,0.688347,0.06895179,-0.2629749,0.059213806,0.11166075,-0.13722081,0.035792068,0.30928537,0.009388437,-0.035814177,-0.14471582,0.1973876,-0.9131565,-0.3704489,0.20215851,0.2770437,0.44008294,0.052605487,-0.026154526,-0.0653537,0.12295072,-0.00068441185,0.046973966,-0.039322846,-0.026914522,0.3297656,-0.17234677,-0.05404173,0.5091189,-0.029674353
4,0.035039663,0.17211084,-0.09760513,-0.95206237,-0.008080484,-0.24812482,0.07179448,0.24448319,0.2854572,-0.38685328,0.18786086,0.25100607,-0.009240562,-0.19568478,-0.09354941,-0.063251264,-0.87342215,0.03912952,0.19433136,-0.7564017,-0.06952463,0.36591044,-0.41475612,-0.2454687,0.11097781,-0.069917075,-0.122296795,0.0669588,0.593016,-0.521495,0.19286107,0.33722025,0.3075168,-0.20255736,0.6935442,0.07166782,-0.2610482,0.05989541,0.106524356,-0.13731611,0.034880627,0.29864016,0.004429936,-0.030053137,-0.14998105,0.20135841,-0.9110173,-0.36187038,0.19911052,0.26806295,0.4300303,0.053780526,-0.022661028,-0.06831982,0.12686759,-0.00010634352,0.049502302,-0.03322325,-0.027818324,0.33727634,-0.17080294,-0.053243846,0.5109445,-0.030431764
5,0.022841875,0.16314198,-0.09885351,-0.95556796,-0.008609309,-0.2471201,0.07382664,0.22916512,0.29294336,-0.36931074,0.17680575,0.2481793,-0.014060367,-0.18747011,-0.092949815,-0.06175354,-0.8830299,0.039576504,0.1952701,-0.7567668,-0.071923845,0.36837137,-0.39799178,-0.24098128,0.10673968,-0.07622298,-0.11769365,0.074035816,0.57783747,-0.51563996,0.18257095,0.33414924,0.2848034,-0.1831994,0.6832837,0.07197609,-0.2655909,0.06531167,0.10244275,-0.13673905,0.03445866,0.27754936,0.0016221353,-0.024975898,-0.14865059,0.18007573,-0.9157285,-0.35429448,0.18319783,0.26241606,0.43677714,0.04738731,-0.02305881,-0.07102216,0.12105009,0.00025331666,0.042954072,-0.033643596,-0.02438686,0.3299185,-0.16523409,-0.05492457,0.510071,-0.024723237
6,0.036529373,0.17626919,-0.09942532,-0.95047206,-0.007973057,-0.24772999,0.07161493,0.23823866,0.28805363,-0.39194936,0.1821279,0.24698253,-0.016100314,-0.1969279,-0.09594312,-0.06386664,-0.8815949,0.038930483,0.19773543,-0.7567314,-0.069618605,0.36088023,-0.41466185,-0.24647388,0.10356377,-0.07224813,-0.11853017,0.07118869,0.5891196,-0.5184246,0.19029449,0.33630025,0.30533198,-0.19039589,0.6859558,0.06431109,-0.26970157,0.063275985,0.11201128,-0.13612834,0.035481684,0.29914403,0.005252351,-0.03562406,-0.15848592,0.1901406,-0.9137559,-0.3702687,0.19531171,0.28284243,0.42786506,0.053531773,-0.023395434,-0.07005957,0.120735265,-0.0011500661,0.052562308,-0.038163275,-0.027668836,0.33598953,-0.172396,-0.053659443,0.5150768,-0.030521773
7,0.037991032,0.17488034,-0.09553694,-0.9526194,-0.0037527075,-0.25977367,0.06426262,0.24727695,0.2935115,-0.38799933,0.17545754,0.25559786,-0.011682022,-0.21764879,-0.10088871,-0.06559039,-0.8725201,0.039872315,0.19191031,-0.7647123,-0.07002012,0.36066902,-0.4147596,-0.23802722,0.10963898,-0.07226998,-0.11530255,0.07695408,0.6032181,-0.5147545,0.19940746,0.33567545,0.30854523,-0.19363345,0.6905497,0.06988153,-0.26220518,0.055563524,0.115972534,-0.12853856,0.035230007,0.300842,0.0007990641,-0.042358488,-0.15598485,0.20368412,-0.9143576,-0.35939127,0.20621589,0.26377243,0.43093145,0.055308793,-0.023964535,-0.06562573,0.12177954,-0.0028146063,0.048614856,-0.027742993,-0.034064345,0.32709605,-0.1697176,-0.0505553,0.5083733,-0.03743728
8,0.02651666,0.16757225,-0.09308741,-0.95521104,-0.008531563,-0.23329794,0.07026998,0.24020769,0.2849596,-0.38100994,0.18957092,0.24514204,-0.01150037,-0.18642734,-0.09213248,-0.060548343,-0.87286556,0.038046613,0.18775274,-0.75356144,-0.072685674,0.36630666,-0.39926887,-0.24574055,0.10731273,-0.070284754,-0.12563482,0.066037044,0.58389467,-0.5066034,0.18684313,0.3356485,0.29618123,-0.19922736,0.69086796,0.07482737,-0.26195428,0.058239713,0.104967535,-0.13489397,0.036680702,0.29179925,0.00699372,-0.028210305,-0.14971437,0.19049916,-0.9113241,-0.35797387,0.19352874,0.26654935,0.44085056,0.050364904,-0.022907075,-0.067010865,0.123218946,0.00015631829,0.044656947,-0.03713994,-0.02598891,0.32897636,-0.16782406,-0.051682916,0.5051483,-0.025618972
9,0.036466334,0.16178732,-0.09229917,-0.9550415,-0.0049752793,-0.26291215,0.068676725,0.2223968,0.3001144,-0.374535,0.16227497,0.2464574,-0.0073472676,-0.20756878,-0.090665765,-0.06263215,-0.88608104,0.03660062,0.19449374,-0.74709743,-0.07259729,0.36757046,-0.4168476,-0.24163343,0.108398825,-0.07956057,-0.118924126,0.05899703,0.5716048,-0.5318357,0.18021831,0.35339046,0.30687052,-0.20996498,0.68903214,0.06706959,-0.26207298,0.0669869,0.10805926,-0.14255148,0.031118492,0.3080648,0.013825786,-0.026179729,-0.14437245,0.19492437,-0.9085757,-0.35805014,0.18719572,0.27451798,0.41844177,0.049480364,-0.026143136,-0.06288906,0.11705695,0.0025525745,0.046328362,-0.03589566,-0.022969775,0.32244655,-0.16795556,-0.056606878,0.5230847,-0.031789735
10,0.03596664,0.17268367,-0.09935243,-0.9494158,-0.004975963,-0.26204368,0.070342235,0.24793196,0.28613508,-0.393481,0.17293817,0.25914708,-0.010506765,-0.2181357,-0.098958224,-0.06605353,-0.8749277,0.039020654,0.19537161,-0.76145196,-0.07058232,0.3643111,-0.4287248,-0.24525213,0.11173349,-0.072382554,-0.11980115,0.06864283,0.61174417,-0.53020734,0.19801417,0.33468553,0.31927478,-0.20269118,0.6860634,0.06944755,-0.26123387,0.056641784,0.11713018,-0.13216926,0.03558776,0.3099048,0.0034603856,-0.039419547,-0.14585517,0.20970619,-0.9127337,-0.36250418,0.21171755,0.26821873,0.42820576,0.054758843,-0.024053577,-0.06294699,0.12455154,-0.0016430584,0.048493072,-0.030144526,-0.032330044,0.33262527,-0.17420106,-0.053643692,0.51729405,-0.037854046
11,0.04079677,0.17920779,-0.100850664,-0.9494425,-0.0050418815,-0.2622803,0.072143085,0.24268359,0.28652313,-0.407195,0.1724326,0.25641906,-0.013636845,-0.22181448,-0.096576564,-0.06715797,-0.88154554,0.038951464,0.20348117,-0.7627259,-0.07088738,0.36446297,-0.42755532,-0.2525341,0.10697392,-0.073328,-0.116664425,0.07248845,0.608726,-0.5355759,0.1983515,0.33495,0.32153243,-0.20378076,0.6797351,0.060978793,-0.27295533,0.06517757,0.12492885,-0.13702461,0.034938294,0.32057884,0.0023029146,-0.04188414,-0.14907217,0.20893052,-0.9118538,-0.3740193,0.20893821,0.2821222,0.43149513,0.056344908,-0.026370106,-0.06425991,0.12560199,-0.003943487,0.05131242,-0.029830737,-0.03523083,0.33963466,-0.17686418,-0.055877637,0.51898605,-0.037807766
12,0.027148671,0.1728363,-0.09601058,-0.9510042,-0.004042831,-0.24642658,0.068878405,0.24821937,0.28450418,-0.3987877,0.1804542,0.25074983,-0.013650113,-0.20870668,-0.094222404,-0.06293755,-0.87403244,0.037944164,0.19023879,-0.75884646,-0.07377393,0.36403635,-0.4138772,-0.25207123,0.10562903,-0.07267141,-0.121752016,0.07419697,0.6034789,-0.51249415,0.1992155,0.327123,0.31317103,-0.20063414,0.67897606,0.07135603,-0.2701286,0.056120384,0.120583564,-0.12752281,0.040351007,0.31015196,0.0022350946,-0.043119397,-0.15254495,0.20181954,-0.91105515,-0.36374027,0.20910154,0.27171656,0.44799486,0.053656057,-0.02533896,-0.06559463,0.12370548,-0.002598394,0.040973123,-0.029354509,-0.03500693,0.3287111,-0.17189859,-0.05177094,0.5068707,-0.03473979
13,0.01751089,0.17086789,-0.095424846,-0.9554668,-0.008742741,-0.23070227,0.07501285,0.24053968,0.28276405,-0.37223253,0.19915265,0.24698585,-0.015640613,-0.16642663,-0.10415195,-0.06116962,-0.8738106,0.04115572,0.19364339,-0.763783,-0.0661721,0.36594647,-0.3895444,-0.23735093,0.10446955,-0.06949835,-0.118860245,0.080453925,0.5844476,-0.500915,0.18990003,0.3290292,0.27623072,-0.17140914,0.70042765,0.075624235,-0.26160076,0.062213067,0.103865616,-0.13119404,0.03635807,0.2621706,-0.0022388217,-0.026680171,-0.16228381,0.17334892,-0.91958666,-0.3598691,0.18625809,0.25741902,0.4427065,0.04960938,-0.02039536,-0.07546414,0.12561014,-0.0026422322,0.05143727,-0.03920985,-0.023943547,0.3401979,-0.16296889,-0.05073476,0.49678308,-0.021286152
14,0.031236041,0.1705315,-0.09273055,-0.9540716,-0.005732742,-0.24316835,0.06786186,0.23649454,0.2871654,-0.38140172,0.17881663,0.24990952,-0.01366994,-0.19461727,-0.094144836,-0.06488158,-0.8792189,0.037506256,0.19202867,-0.7516959,-0.072031364,0.36661267,-0.40445325,-0.24679151,0.107129924,-0.074186794,-0.124293245,0.0657203,0.5884805,-0.5195826,0.18738188,0.33989328,0.3030099,-0.19540301,0.68710065,0.065630555,-0.26787397,0.06343923,0.11335144,-0.13886228,0.03535254,0.30101103,0.004504461,-0.030763196,-0.14663531,0.19860679,-0.91387105,-0.3587087,0.19912818,0.2681105,0.43766204,0.05132601,-0.025227146,-0.06337033,0.12256519,-0.002650584,0.046791285,-0.037712965,-0.030998003,0.3281658,-0.16978969,-0.055626813,0.5061257,-0.031896226
15,0.02919284,0.16837597,-0.10192926,-0.9514929,-0.0091802785,-0.24027427,0.06985725,0.23304786,0.28989947,-0.37415668,0.18055625,0.24391022,-0.014091292,-0.18796778,-0.1048785,-0.06618708,-0.88234687,0.039185878,0.19714567,-0.7558623,-0.06922898,0.35442248,-0.39553294,-0.2372878,0.103737324,-0.07240634,-0.11918384,0.0700419,0.570747,-0.508903,0.18274896,0.33753866,0.2890209,-0.1777626,0.69044954,0.066095546,-0.26812935,0.06572012,0.103118606,-0.13760065,0.032557644,0.28011438,0.0004626589,-0.02851626,-0.1568346,0.1823172,-0.9191567,-0.35708427,0.18856417,0.27091986,0.43197635,0.050186925,-0.02306173,-0.07148258,0.122658126,-0.00017151466,0.05655163,-0.041985143,-0.026890969,0.327104,-0.16807881,-0.053588007,0.5060611,-0.029588008
16,0.03784624,0.17414866,-0.09124636,-0.95194894,-0.0030737945,-0.26228195,0.06997392,0.2440049,0.2929552,-0.39128387,0.17799006,0.2547155,-0.009755705,-0.21032311,-0.09591852,-0.06427632,-0.8750702,0.03811753,0.19070853,-0.75640064,-0.06737941,0.36516008,-0.42982283,-0.24528882,0.10843986,-0.07459018,-0.11849419,0.06815574,0.604314,-0.5275035,0.19640303,0.34395862,0.31583792,-0.20259218,0.6939304,0.067445256,-0.25838944,0.057020623,0.11669173,-0.13056302,0.035984136,0.30966306,0.008137889,-0.03762863,-0.14862539,0.20241895,-0.9088202,-0.36478883,0.20562525,0.27247208,0.42447817,0.054552924,-0.024619935,-0.06269425,0.117932975,-0.0017152677,0.045602486,-0.03374571,-0.028463999,0.33146027,-0.17198336,-0.05266602,0.5160374,-0.037196446
17,0.03413653,0.1791305,-0.092039004,-0.9536049,-0.007234595,-0.2225424,0.06702509,0.25016958,0.27267006,-0.40968296,0.19343355,0.25089428,-0.016743045,-0.19835943,-0.09613428,-0.06521019,-0.87386215,0.036682677,0.19512077,-0.7582325,-0.076593496,0.36678898,-0.40457028,-0.2583848,0.10325781,-0.06859501,-0.12938179,0.067856364,0.6080706,-0.5117898,0.196186,0.32592323,0.315958,-0.20415893,0.682531,0.06584571,-0.28049463,0.060496744,0.12617694,-0.13681044,0.04339471,0.31965315,0.0041085007,-0.041737363,-0.1534276,0.20545192,-0.91323835,-0.3781261,0.21524772,0.27480257,0.45766264,0.05549957,-0.027399037,-0.065143235,0.12953204,-0.0057583353,0.052448876,-0.035615474,-0.038645275,0.3372891,-0.17147122,-0.05177885,0.505725,-0.028787017
18,0.024816565,0.17094065,-0.09520491,-0.9557925,-0.009401511,-0.22012252,0.069394685,0.23938544,0.28145412,-0.39307353,0.19211943,0.241837,-0.02121141,-0.19191436,-0.0944713,-0.06178809,-0.87624943,0.037517242,0.19581181,-0.7586172,-0.07649067,0.3611936,-0.3878178,-0.25356904,0.099157326,-0.068121836,-0.123134345,0.07202631,0.58401537,-0.49417728,0.18635748,0.326062,0.29091072,-0.18925202,0.67999005,0.0716593,-0.27833325,0.0622789,0.11368591,-0.13541207,0.041512083,0.2950067,0.004527813,-0.036973808,-0.16080627,0.18166482,-0.9169121,-0.3709872,0.19410293,0.27352613,0.46185756,0.050523076,-0.02258214,-0.070819624,0.12340738,-0.0015322553,0.048251167,-0.0385781,-0.029743632,0.32922885,-0.16633727,-0.051977526,0.5048195,-0.022793116
19,0.019758051,0.16011128,-0.09855318,-0.958535,-0.01398573,-0.24064833,0.07523157,0.2253648,0.29687184,-0.370286,0.18821974,0.24043682,-0.012492995,-0.17073503,-0.10162305,-0.05894497,-0.8817983,0.038034726,0.19355236,-0.75338435,-0.07550574,0.36957538,-0.3945503,-0.23515767,0.10832863,-0.072045214,-0.11708921,0.059387907,0.58163756,-0.50804985,0.1795608,0.3398035,0.2823916,-0.18914732,0.6856093,0.08128539,-0.26334321,0.06319874,0.09903295,-0.141836,0.034072977,0.2726445,0.009523093,-0.015062614,-0.14542876,0.175889,-0.912421,-0.35847992,0.17953834,0.26738662,0.43711022,0.046542037,-0.023859445,-0.07326117,0.11692969,0.0030728856,0.047432844,-0.035434194,-0.016708476,0.329921,-0.16615331,-0.050481223,0.5184586,-0.018589463
20,0.032472793,0.1779121,-0.10072301,-0.9470488,-0.006308261,-0.2280825,0.06950691,0.254976,0.2746818,-0.40678033,0.19051139,0.2569706,-0.017053997,-0.2067922,-0.11384158,-0.0664842,-0.8612603,0.038627956,0.19324447,-0.75743,-0.07208298,0.3605597,-0.4165147,-0.25349534,0.106775366,-0.06806369,-0.12789743,0.0642045,0.6123874,-0.51358074,0.1992731,0.32987803,0.3160604,-0.20156877,0.6929371,0.07173817,-0.26429647,0.05431881,0.12041579,-0.12959033,0.041063417,0.31277955,-0.000797961,-0.04337128,-0.14830063,0.20699187,-0.9149606,-0.37293217,0.22271967,0.27172068,0.44933298,0.05768116,-0.026725138,-0.06618306,0.1325434,-0.0053540175,0.052567728,-0.037299484,-0.03411659,0.33902952,-0.17645623,-0.051049035,0.5020571,-0.03252824
21,0.028984133,0.16415249,-0.1015657,-0.95371586,-0.0069599063,-0.24534667,0.067490235,0.22386928,0.29992637,-0.35539094,0.16809621,0.24758027,-0.02076792,-0.18887876,-0.10924715,-0.06269627,-0.87848914,0.03793309,0.18207875,-0.7404714,-0.07273915,0.36756685,-0.399472,-0.22906704,0.1081908,-0.076016515,-0.11335002,0.066412956,0.57543766,-0.5147925,0.1799153,0.34151572,0.28334504,-0.17523967,0.6881708,0.06874097,-0.26018324,0.059266664,0.10098452,-0.13335834,0.032507226,0.28081277,-0.002279144,-0.02394042,-0.14810114,0.18287106,-0.91651785,-0.34489644,0.18699943,0.26240093,0.42120492,0.047933947,-0.02387971,-0.0700253,0.11674564,0.0009961479,0.04616063,-0.038168773,-0.024498053,0.32242048,-0.16771628,-0.052081972,0.5034581,-0.026288388
22,0.031035464,0.16980816,-0.10072182,-0.9535185,-0.009503299,-0.24635501,0.07174867,0.23753272,0.28766477,-0.37830988,0.18168333,0.24608473,-0.014522609,-0.19291751,-0.103699476,-0.06499629,-0.88063943,0.0390966,0.1950174,-0.756837,-0.07029373,0.36139616,-0.40291947,-0.23859686,0.108838364,-0.0715463,-0.11894115,0.0713762,0.5836451,-0.50786984,0.18713634,0.33006886,0.29202878,-0.18474722,0.6902758,0.06856146,-0.26796985,0.062007822,0.10428119,-0.13741507,0.035178535,0.28272858,-0.0011800951,-0.02767566,-0.15342173,0.18924412,-0.91664565,-0.35144398,0.19287552,0.26640794,0.43077523,0.050639763,-0.022770055,-0.07085834,0.12555537,-2.7993292e-05,0.05292825,-0.035196003,-0.028799497,0.32796738,-0.1674013,-0.053350795,0.5050544,-0.028525317
23,0.041894928,0.17660257,-0.097029045,-0.9513822,-0.005846268,-0.2688984,0.06972131,0.24344312,0.288874,-0.40638375,0.17057018,0.24874169,-0.008598216,-0.22079195,-0.08224671,-0.06536384,-0.88584197,0.038781367,0.20410094,-0.76243657,-0.072890125,0.36364934,-0.42543125,-0.249564,0.10642645,-0.07571919,-0.117095485,0.07611496,0.5979025,-0.5258555,0.19981362,0.33778512,0.32446712,-0.20927475,0.67558974,0.062384315,-0.2772399,0.06393204,0.11842712,-0.13860211,0.036085196,0.31704062,0.0070478935,-0.041164085,-0.15553921,0.20762953,-0.9084621,-0.37221146,0.20198981,0.2811987,0.4308747,0.055804465,-0.027066862,-0.06659189,0.12234135,-0.000794981,0.048814286,-0.026128026,-0.03607346,0.3329454,-0.17623438,-0.054369885,0.5229092,-0.039178178
24,0.038691793,0.17998898,-0.09117771,-0.95297366,-0.0054349187,-0.23572657,0.06656474,0.24758309,0.28119794,-0.4060514,0.18952179,0.24601837,-0.01532556,-0.19991134,-0.09728281,-0.066436715,-0.88038737,0.036776423,0.19711217,-0.75804013,-0.072111465,0.36041862,-0.41124663,-0.25234225,0.10189468,-0.06999594,-0.12237727,0.06834726,0.599313,-0.51296633,0.19665156,0.33513114,0.31775397,-0.1991955,0.68436533,0.060673147,-0.27977276,0.062483083,0.12051393,-0.13747928,0.040304303,0.3163933,0.0064906483,-0.040627204,-0.16140054,0.20305547,-0.91268265,-0.37768775,0.20785353,0.28125495,0.44525868,0.055768512,-0.027133122,-0.069172956,0.1226524,-0.0033071304,0.05597977,-0.03648753,-0.035272542,0.33182582,-0.17019917,-0.051701035,0.51108384,-0.034772713
25,0.033778146,0.17895564,-0.09576605,-0.9544459,-0.0087942965,-0.22304355,0.06421412,0.24511713,0.2802574,-0.3919657,0.19292516,0.24854678,-0.019452102,-0.18989147,-0.10048229,-0.06456289,-0.87442213,0.039360967,0.19244,-0.7631517,-0.07253287,0.36205342,-0.39036188,-0.24033901,0.10179761,-0.06925156,-0.121535584,0.07699418,0.59412426,-0.5026802,0.19108994,0.32809773,0.2966933,-0.1824572,0.6858569,0.06758057,-0.27429613,0.06018982,0.11509205,-0.13210985,0.039240412,0.29365456,0.0012398283,-0.040548906,-0.16239505,0.18823275,-0.9182413,-0.37134737,0.1993624,0.26861346,0.45035726,0.053212468,-0.024230734,-0.07195487,0.12435745,-0.0035505577,0.05496769,-0.035787277,-0.033710055,0.33499935,-0.16818985,-0.048820153,0.50184083,-0.025958316
26,0.024715243,0.15747601,-0.09874343,-0.9550823,-0.009621464,-0.2630942,0.07232724,0.22720921,0.29975152,-0.3734021,0.16643845,0.24737062,-0.009075691,-0.20046869,-0.09426336,-0.06007243,-0.88716894,0.037646398,0.19263315,-0.7532959,-0.07926703,0.37476167,-0.41315347,-0.23639962,0.11353549,-0.073247425,-0.11453648,0.060906496,0.593424,-0.5238869,0.18333022,0.33382827,0.29553667,-0.19752921,0.6797596,0.079120085,-0.26270542,0.062166605,0.104798704,-0.14050788,0.03341294,0.28945678,0.0055656587,-0.021550968,-0.14075366,0.19339311,-0.90981233,-0.35048032,0.18719834,0.26602575,0.427794,0.04758743,-0.024342459,-0.06819866,0.119368784,0.0023574242,0.041349504,-0.026155433,-0.02354034,0.32374984,-0.16446151,-0.052717794,0.528793,-0.025714926
27,0.02886058,0.16181901,-0.10101812,-0.9606823,-0.014302018,-0.24213149,0.06261879,0.22360411,0.30585006,-0.36178997,0.17350839,0.23948699,-0.015256108,-0.20640668,-0.1045205,-0.061336823,-0.88339627,0.039928026,0.19322042,-0.7648906,-0.07813954,0.35962135,-0.37144282,-0.2178647,0.10698345,-0.07190884,-0.1084872,0.07211278,0.56871855,-0.49012318,0.17929408,0.3360568,0.2741277,-0.17757988,0.6813642,0.07935857,-0.26744044,0.060384635,0.09849018,-0.13839214,0.030038854,0.26569667,0.0072025214,-0.025994465,-0.15481508,0.17462498,-0.9190279,-0.3487194,0.17668422,0.25932962,0.43405607,0.046810877,-0.023785755,-0.071290046,0.11549036,0.002789234,0.050036866,-0.026977919,-0.025384186,0.31176978,-0.16146545,-0.048343092,0.510054,-0.023712285
28,0.031779017,0.18325922,-0.09735151,-0.9537736,-0.0050060926,-0.24420136,0.07127102,0.24897009,0.28465885,-0.39877,0.18504325,0.26029631,-0.020365797,-0.20777704,-0.09159317,-0.0628331,-0.8672887,0.04024425,0.18866588,-0.761612,-0.07369371,0.37533054,-0.4120239,-0.24748379,0.107749246,-0.07336253,-0.11981494,0.08092663,0.62034106,-0.5180677,0.203416,0.32533547,0.31020078,-0.19734734,0.6755853,0.07116732,-0.26785088,0.0551002,0.12243805,-0.12833457,0.041264802,0.30315524,8.7205706e-05,-0.043743797,-0.14735335,0.20322046,-0.9131961,-0.36757436,0.21270862,0.26923436,0.44589558,0.05596587,-0.027964154,-0.067251824,0.12508023,-0.007361855,0.038506325,-0.02533734,-0.036182873,0.34171808,-0.17788327,-0.051403508,0.50279886,-0.030950561
29,0.031374972,0.16442277,-0.08976653,-0.95736134,-0.009067731,-0.25059223,0.07002638,0.23241702,0.29620647,-0.367335,0.18086548,0.24162875,-0.007852574,-0.17637725,-0.08648715,-0.060628008,-0.8850858,0.0381527,0.19087026,-0.74755347,-0.07006272,0.36499718,-0.40428135,-0.24166346,0.105014995,-0.07267354,-0.11712943,0.071125776,0.575637,-0.5111344,0.18129608,0.34211648,0.28642747,-0.1840847,0.6946621,0.07057678,-0.26649278,0.06505419,0.09786137,-0.13705602,0.033705197,0.27776283,0.0031103387,-0.019444969,-0.15461181,0.18363519,-0.910396,-0.35247114,0.18388097,0.2636061,0.42852488,0.0492315,-0.02001531,-0.06825543,0.11643013,0.0012141272,0.045469277,-0.035699595,-0.026011938,0.3286402,-0.16381228,-0.053286776,0.510727,-0.02605507
30,0.022875763,0.16645151,-0.10022426,-0.9526541,-0.010591945,-0.2328926,0.07015306,0.23546696,0.2844544,-0.37214768,0.18890429,0.24473959,-0.01459532,-0.17801493,-0.10391187,-0.06316615,-0.87640786,0.039562535,0.19483069,-0.7574867,-0.06887202,0.3600541,-0.39093432,-0.236286,0.105082914,-0.06890724,-0.119764425,0.07068655,0.5760066,-0.50664365,0.18161367,0.3323977,0.2812614,-0.17742161,0.6971193,0.07210462,-0.26260206,0.06362632,0.10123746,-0.13525623,0.03318273,0.27488592,-0.0017137217,-0.026675912,-0.15659584,0.17756277,-0.91736835,-0.35744932,0.18546571,0.26126254,0.43627262,0.049080454,-0.020649487,-0.07232628,0.12629378,-3.070243e-05,0.05410024,-0.040245585,-0.025559418,0.335576,-0.16456094,-0.05217085,0.5029562,-0.022908622
31,0.034272593,0.17861985,-0.09531678,-0.95102286,-0.0034050401,-0.2467709,0.07164191,0.24686565,0.28054652,-0.40553606,0.17971039,0.25739375,-0.016748857,-0.20626336,-0.095469214,-0.06370079,-0.87451345,0.037631076,0.19210194,-0.75756073,-0.07462862,0.37169638,-0.42182332,-0.25784752,0.10762713,-0.07563612,-0.12460169,0.070695534,0.614033,-0.5289537,0.20079416,0.3299389,0.3240057,-0.20804635,0.6733139,0.06701295,-0.2723377,0.058156952,0.12605274,-0.13370535,0.03972248,0.32224327,0.0050888844,-0.040703613,-0.14366983,0.21213391,-0.91049564,-0.37005237,0.21437034,0.2766159,0.4462826,0.054265168,-0.028738637,-0.06293379,0.12420379,-0.0049453434,0.040100068,-0.02931681,-0.035542488,0.33727768,-0.17826352,-0.054855138,0.5093368,-0.035910934
32,0.035289057,0.17298779,-0.09818617,-0.95294225,-0.0049299654,-0.25860485,0.064107984,0.24056017,0.2963116,-0.38645554,0.1689175,0.25250375,-0.010148354,-0.22493666,-0.094833374,-0.064280435,-0.87883395,0.039699446,0.19135214,-0.76285356,-0.07207447,0.36125204,-0.4086322,-0.23767038,0.1081722,-0.076593,-0.115650944,0.07575037,0.5930937,-0.5183865,0.19521357,0.33666146,0.3093068,-0.19720262,0.67911154,0.06841074,-0.26426244,0.057585727,0.11318099,-0.13044423,0.033955432,0.30242407,0.006130071,-0.042186856,-0.1510215,0.20151474,-0.9126511,-0.35900536,0.19804426,0.2709509,0.43062592,0.053439584,-0.026336217,-0.06559357,0.11809021,-0.0015337168,0.03967232,-0.025751855,-0.032310925,0.32289568,-0.17174892,-0.05247824,0.51302785,-0.037371334
33,0.026558511,0.15409376,-0.09054338,-0.95679605,-0.008797924,-0.23191516,0.06139737,0.22762764,0.29590213,-0.364593,0.16970405,0.23621689,-0.0059237727,-0.19278388,-0.09205799,-0.061876886,-0.8866164,0.03594258,0.19170192,-0.7447675,-0.0749544,0.35478264,-0.3859901,-0.23925938,0.09919233,-0.07316098,-0.12138886,0.061657492,0.5527592,-0.50077957,0.17191495,0.3476038,0.28442395,-0.18691775,0.69520044,0.07042436,-0.26806965,0.06598694,0.09669675,-0.13733669,0.032289125,0.28592968,0.0073351143,-0.024179637,-0.15630277,0.18120322,-0.912372,-0.35474673,0.18335232,0.262426,0.44050205,0.047556933,-0.021079753,-0.06383071,0.11668211,0.0033438958,0.04851898,-0.039369557,-0.027257217,0.31150648,-0.15978123,-0.051963165,0.50875425,-0.028009301
34,0.022802887,0.15988114,-0.09043544,-0.959931,-0.010936973,-0.21769759,0.06369278,0.23172534,0.29475272,-0.35043105,0.18454339,0.24199837,-0.013548205,-0.15974835,-0.09016593,-0.059231605,-0.8757549,0.038612854,0.18339552,-0.74551404,-0.07419825,0.36568967,-0.3741878,-0.23082219,0.1000135,-0.07055055,-0.11867371,0.07324516,0.56564736,-0.49599826,0.17494276,0.3395869,0.26911953,-0.16781312,0.69392437,0.07582736,-0.26351762,0.06075921,0.09340112,-0.13122767,0.03359467,0.26405102,0.0005142522,-0.02071711,-0.1587145,0.16851436,-0.9150658,-0.35413936,0.18046224,0.24785294,0.44556695,0.04637076,-0.019043863,-0.07051238,0.11642946,0.0014253949,0.04560867,-0.037344687,-0.027497435,0.32772708,-0.15981916,-0.047898903,0.49768317,-0.019154621
35,0.033832602,0.17719686,-0.100995556,-0.9502636,-0.0065384274,-0.22602457,0.06644601,0.24555683,0.27984145,-0.39103055,0.18400429,0.2605023,-0.022753542,-0.20464036,-0.10871332,-0.06435431,-0.8641007,0.038924083,0.18566422,-0.7546353,-0.07475246,0.36835626,-0.40453678,-0.24546073,0.10531993,-0.07009525,-0.1218803,0.07114234,0.6102481,-0.51724356,0.19340353,0.32637608,0.3037284,-0.18995221,0.6849056,0.07096325,-0.2651696,0.054425344,0.11959266,-0.12714727,0.04024708,0.30648956,-0.0029909096,-0.041967317,-0.14870298,0.19771634,-0.91567403,-0.36803934,0.2131468,0.2663477,0.44703287,0.054754164,-0.025086097,-0.06674605,0.12711495,-0.004869468,0.04860025,-0.0343739,-0.033948027,0.33975604,-0.17433438,-0.05052373,0.50155455,-0.02673643
36,0.022978801,0.1602444,-0.102940634,-0.9514264,-0.011406689,-0.23752333,0.06892305,0.2387894,0.29104865,-0.37671268,0.17328764,0.24919924,-0.014424554,-0.19215949,-0.09813393,-0.062404558,-0.8786709,0.03719107,0.1892269,-0.749839,-0.08054061,0.3648542,-0.40277418,-0.24334252,0.112237036,-0.07085308,-0.122910716,0.055308845,0.5949202,-0.5166864,0.1842191,0.3333147,0.30340445,-0.1952426,0.67187107,0.07918819,-0.26548213,0.056630794,0.103731655,-0.13889138,0.034814324,0.29404908,0.006652244,-0.02489513,-0.1378625,0.20134287,-0.9138501,-0.35291958,0.20027079,0.2670744,0.44318664,0.04857163,-0.0247188,-0.06659609,0.1207884,0.002041723,0.04225471,-0.032534912,-0.026807273,0.31979716,-0.1694586,-0.052514315,0.51797664,-0.030680578
37,0.039676655,0.17749797,-0.093857005,-0.9550527,-0.008691944,-0.246223,0.065581664,0.24077237,0.28898135,-0.38661262,0.1843781,0.24826467,-0.013180202,-0.19934043,-0.08839159,-0.06348537,-0.88147527,0.03995999,0.19455382,-0.76397055,-0.06954808,0.3630686,-0.4024947,-0.23717807,0.104377486,-0.07106021,-0.11685102,0.079419434,0.5921343,-0.51332545,0.19008224,0.3346584,0.29956853,-0.18653154,0.6879106,0.06586013,-0.26916078,0.06207598,0.11104981,-0.13410453,0.035045512,0.291895,0.0047123292,-0.036838572,-0.16103722,0.18923777,-0.9137052,-0.36696693,0.19228092,0.27081326,0.42856374,0.053284008,-0.022252806,-0.06967793,0.119876295,-0.0018074893,0.05264245,-0.0323283,-0.031346038,0.333814,-0.16727987,-0.05049756,0.5118929,-0.028565569
38,0.038052533,0.17877534,-0.10569374,-0.95155346,-0.008779449,-0.24049485,0.06657441,0.24016233,0.28897902,-0.37989432,0.17629635,0.2614409,-0.020132586,-0.21589404,-0.10405336,-0.06390069,-0.8640432,0.04139739,0.18561411,-0.7569538,-0.07314415,0.36609867,-0.40236753,-0.23101911,0.108420484,-0.07189452,-0.11620284,0.07637336,0.6041538,-0.517749,0.1919466,0.32987216,0.2983599,-0.18637556,0.68527997,0.07123016,-0.25770453,0.05294021,0.11241604,-0.12719858,0.034697603,0.2940636,-0.0021978416,-0.041075062,-0.14909177,0.19436239,-0.91565824,-0.3609699,0.20493841,0.2645009,0.42464155,0.054436848,-0.024650577,-0.06841792,0.12483026,-0.0031069797,0.04678833,-0.029366976,-0.032555994,0.33858296,-0.17617367,-0.05008631,0.50257474,-0.028009744
39,0.02998912,0.1597245,-0.095151275,-0.95730597,-0.00894814,-0.24972905,0.06385193,0.23929039,0.29818216,-0.36089638,0.17010476,0.2466328,-0.004320607,-0.1982389,-0.08908039,-0.062447123,-0.87673825,0.039905787,0.19098435,-0.7530851,-0.07420058,0.3626112,-0.39884824,-0.22535942,0.106295556,-0.07126336,-0.11415665,0.07539925,0.5764276,-0.5002979,0.18562195,0.3404858,0.28677076,-0.1842013,0.6985677,0.077313475,-0.26015186,0.057496138,0.0956993,-0.1301629,0.032871272,0.27451453,-4.6977646e-05,-0.029327856,-0.16160117,0.18360457,-0.9134723,-0.35265982,0.19178396,0.2483097,0.4284518,0.0514433,-0.019703522,-0.06856493,0.12159553,0.0033165663,0.05294926,-0.027789902,-0.03342658,0.32261315,-0.16315646,-0.047022887,0.5089787,-0.028704036
40,0.03319779,0.15532906,-0.102536075,-0.9542777,-0.011276068,-0.26160476,0.06858861,0.22174506,0.29958236,-0.38175505,0.15627442,0.24329406,-0.007404864,-0.22515492,-0.09914401,-0.06431906,-0.8929334,0.037165757,0.20712978,-0.7585539,-0.08134629,0.36122608,-0.40375105,-0.23567088,0.10901595,-0.07594726,-0.11471652,0.05643891,0.5737778,-0.5204641,0.17878062,0.3437822,0.30152634,-0.20265806,0.6772761,0.07281819,-0.27231774,0.06910409,0.10741966,-0.14871553,0.030040557,0.299481,0.011594733,-0.024454989,-0.14294209,0.19283392,-0.9139084,-0.3580673,0.18767071,0.2725336,0.43141165,0.048007965,-0.02610302,-0.06494107,0.12065108,0.004113845,0.054397497,-0.029611133,-0.026172971,0.31319395,-0.16668022,-0.054962613,0.5324883,-0.03114338
41,0.023238922,0.16118453,-0.09953385,-0.95741296,-0.011888547,-0.22849749,0.06949044,0.22425969,0.29408044,-0.3497729,0.18195711,0.2449459,-0.017636424,-0.17306016,-0.10481259,-0.060374215,-0.875353,0.0398007,0.18545361,-0.7500316,-0.0720512,0.36443388,-0.37875435,-0.22732192,0.10490074,-0.07340945,-0.1178392,0.072271354,0.5634945,-0.4980932,0.1755618,0.33414048,0.26684946,-0.17096059,0.6960451,0.07547929,-0.25816303,0.058890417,0.09430663,-0.13150093,0.033080924,0.2598448,-0.00020317071,-0.022123728,-0.15528983,0.16702642,-0.9174303,-0.3487673,0.17789055,0.25429294,0.4288808,0.04593792,-0.021180393,-0.07377048,0.1203169,0.002240174,0.047895264,-0.038500883,-0.021713244,0.3269807,-0.16157994,-0.050041884,0.49592522,-0.018166548
42,0.026930347,0.16523659,-0.09796724,-0.9559149,-0.010329016,-0.22922696,0.068089336,0.22575203,0.29643154,-0.35538915,0.1864675,0.24553668,-0.017204475,-0.17147598,-0.10136159,-0.060701754,-0.87515706,0.039345223,0.18641278,-0.75088763,-0.07021342,0.36368915,-0.384577,-0.2325684,0.105618306,-0.073212385,-0.11819427,0.06757778,0.56549644,-0.50971144,0.17756586,0.343702,0.27859554,-0.17843148,0.693131,0.07453373,-0.258305,0.060691305,0.09647351,-0.13446985,0.031620916,0.27152702,0.0060913223,-0.022878852,-0.15405238,0.17463852,-0.9161623,-0.35615808,0.17834419,0.26412198,0.42899588,0.04755679,-0.021755528,-0.07272495,0.11705226,0.001560841,0.047255732,-0.040303934,-0.01852518,0.32971996,-0.16363382,-0.050787527,0.5028293,-0.02120645
43,0.03517734,0.15900514,-0.090588935,-0.959966,-0.008235233,-0.2602026,0.06546625,0.21755034,0.30359486,-0.35779554,0.1585972,0.2430233,-0.008957584,-0.19472392,-0.08425613,-0.06020072,-0.8920478,0.037868515,0.18927014,-0.74539185,-0.07598243,0.37131095,-0.3993696,-0.23349462,0.10604685,-0.07871073,-0.11332666,0.07120323,0.56860054,-0.51834744,0.17435598,0.34446853,0.2841591,-0.1896719,0.68599045,0.06921423,-0.26887366,0.06713443,0.10018153,-0.13892756,0.03207857,0.28301483,0.004712309,-0.020812945,-0.14898433,0.18220983,-0.9094133,-0.34753898,0.17727233,0.26220202,0.41948882,0.04713836,-0.02274857,-0.06601672,0.11406157,0.0025668447,0.043566775,-0.029605879,-0.027582048,0.32053337,-0.16197273,-0.0538483,0.5167635,-0.02475269
44,0.039404117,0.16459647,-0.08854446,-0.95820314,-0.0057750028,-0.2581051,0.06686824,0.22301137,0.30372098,-0.36957753,0.1697311,0.24210455,-0.0072912695,-0.20311546,-0.09929561,-0.06432153,-0.88657445,0.03704408,0.19628938,-0.7482753,-0.06930639,0.35987926,-0.40595075,-0.23708871,0.10518279,-0.08001804,-0.118911244,0.061182577,0.563221,-0.5165263,0.18047771,0.3590625,0.2979551,-0.19890045,0.6967392,0.063791566,-0.2639709,0.06804752,0.10385445,-0.14322291,0.030975465,0.29230574,0.014255493,-0.023648279,-0.15022355,0.18832575,-0.9114904,-0.35860717,0.18474236,0.27295688,0.4203946,0.0500132,-0.026021065,-0.065155156,0.11343907,0.0022554463,0.05018101,-0.04041267,-0.022656295,0.31728366,-0.16643444,-0.055567767,0.5155324,-0.0339622
45,0.03519605,0.18336572,-0.09363956,-0.95268124,-0.003139146,-0.25530708,0.07320121,0.24977005,0.2820759,-0.41166323,0.1856008,0.25722277,-0.014718623,-0.21350163,-0.091694385,-0.06422974,-0.87451094,0.038784068,0.19553864,-0.76353186,-0.072250314,0.37271535,-0.42388505,-0.25655466,0.10871315,-0.07205345,-0.122219324,0.07461796,0.6225759,-0.52665275,0.20488587,0.32881272,0.32086846,-0.20988119,0.67911404,0.06572579,-0.27148706,0.060291916,0.13031098,-0.13343865,0.040741436,0.31977323,0.0022410376,-0.042565543,-0.14461355,0.21256092,-0.9103234,-0.37086755,0.21516097,0.27628413,0.44513986,0.057017643,-0.028150786,-0.06346208,0.12692617,-0.00785129,0.041802283,-0.027822532,-0.037049443,0.34216774,-0.17784621,-0.054393843,0.510525,-0.035083536
46,0.028351756,0.16411048,-0.09850947,-0.95286524,-0.010018266,-0.23800907,0.06819007,0.23446529,0.29322025,-0.3663136,0.18270878,0.2427781,-0.010923644,-0.18834843,-0.107313156,-0.06451148,-0.8756078,0.038805477,0.19257952,-0.7514032,-0.06884156,0.35363895,-0.3948155,-0.23295893,0.10570106,-0.07123725,-0.12099517,0.06383436,0.5654867,-0.5018916,0.18104668,0.3423302,0.28601655,-0.183044,0.7019499,0.07233652,-0.25792643,0.060123164,0.09538979,-0.13603175,0.032067128,0.2760403,0.0037281334,-0.024996314,-0.15509698,0.18144733,-0.9164257,-0.35364214,0.18761842,0.26426104,0.42731854,0.050020494,-0.021871254,-0.06992414,0.1216871,0.0023440544,0.05407605,-0.04181863,-0.023333535,0.32314873,-0.16602719,-0.051373385,0.5047164,-0.028006975
47,0.03727347,0.16932145,-0.09726519,-0.95583546,-0.010340988,-0.2389905,0.06318686,0.23088124,0.29597932,-0.37760493,0.17731239,0.24199961,-0.013777786,-0.20472144,-0.094797194,-0.06449703,-0.8853963,0.0388438,0.19679071,-0.7597053,-0.070957206,0.35383537,-0.39035514,-0.23347287,0.10019125,-0.071775205,-0.113319635,0.07354449,0.5705432,-0.50581557,0.18023369,0.34006032,0.29018888,-0.18151814,0.68739676,0.064540125,-0.2707654,0.06498328,0.10399796,-0.1356315,0.03275252,0.28820425,0.006089032,-0.035380755,-0.16378054,0.17964971,-0.91592616,-0.36575857,0.1837172,0.27224004,0.4303544,0.05065088,-0.022766678,-0.071076795,0.11693659,0.0008998528,0.056134276,-0.03688551,-0.027879301,0.32351756,-0.16384494,-0.05118284,0.5132379,-0.02780246
48,0.028090497,0.16508774,-0.10001047,-0.95432293,-0.010103731,-0.25886014,0.07378371,0.23376624,0.29471582,-0.3811766,0.17731556,0.24700399,-0.0129684685,-0.19243848,-0.09681617,-0.06017929,-0.883055,0.038045987,0.19209449,-0.753952,-0.07721219,0.37238634,-0.4135582,-0.23984158,0.11215132,-0.07141293,-0.11451457,0.062928714,0.60014176,-0.5199672,0.18893112,0.33261406,0.3000133,-0.194469,0.6765083,0.07715931,-0.26646802,0.0599664,0.10849175,-0.1396725,0.034317832,0.29148066,0.004456352,-0.023359759,-0.14358287,0.1944943,-0.9102575,-0.35501206,0.19226636,0.26896977,0.43179187,0.048974004,-0.023835715,-0.069466285,0.11935231,0.0013926494,0.04413283,-0.028506499,-0.025359219,0.3298886,-0.17036068,-0.05333038,0.5223472,-0.027685022
49,0.033169024,0.16403915,-0.09523675,-0.95529,-0.00849489,-0.27078992,0.07025624,0.23881544,0.29785234,-0.38576186,0.1700365,0.24836113,-0.0059532057,-0.21245831,-0.09387784,-0.062318992,-0.88285005,0.037879895,0.19756506,-0.75896215,-0.07746625,0.36909282,-0.42096362,-0.23747681,0.11418999,-0.07145777,-0.113646016,0.06253516,0.6025019,-0.520246,0.1941029,0.33975992,0.31190455,-0.20667344,0.6822886,0.076941475,-0.2666631,0.060160186,0.11109564,-0.14053662,0.033587214,0.30001983,0.007891684,-0.026981797,-0.14462481,0.20516358,-0.9087673,-0.35643387,0.19904327,0.2654072,0.4289688,0.051591817,-0.025181923,-0.065652885,0.1204565,0.002276684,0.04898059,-0.025026085,-0.03002674,0.32405856,-0.1693049,-0.05224062,0.5275246,-0.034417793
50,0.04177372,0.17788517,-0.09667862,-0.9525576,-0.008673029,-0.2527356,0.06851843,0.23578262,0.29057574,-0.40229324,0.18238623,0.2426782,-0.013767191,-0.20790473,-0.09166367,-0.06643488,-0.89025754,0.038496763,0.2072318,-0.7642499,-0.069946915,0.3550599,-0.40883443,-0.24906832,0.10144095,-0.07136113,-0.11499168,0.07403403,0.58348787,-0.51636827,0.18925144,0.33749488,0.30445597,-0.19069773,0.6839557,0.05831546,-0.28100047,0.07153736,0.11454654,-0.1414482,0.03537587,0.30411747,0.0045815883,-0.037512824,-0.1639458,0.19089477,-0.91374433,-0.37505615,0.190133,0.2869863,0.43438622,0.053842757,-0.02422601,-0.071285784,0.12074313,-0.0018374029,0.057489052,-0.035081383,-0.030805105,0.33210683,-0.16812594,-0.054451093,0.51931715,-0.031848893
51,0.026741948,0.16635454,-0.101595625,-0.9524112,-0.011497309,-0.25243858,0.07417525,0.24127868,0.29233533,-0.38150036,0.18042988,0.24996129,-0.009228103,-0.19398224,-0.09828968,-0.061578814,-0.87857836,0.039391983,0.19348395,-0.7590597,-0.075927116,0.36677915,-0.413185,-0.2377067,0.1131054,-0.070572674,-0.11807005,0.06446299,0.60141,-0.51521456,0.19184431,0.33223298,0.30142018,-0.19257885,0.68288845,0.08016958,-0.26234943,0.056411,0.10465343,-0.13659084,0.034840636,0.28508353,0.005194209,-0.02597413,-0.14576072,0.19527626,-0.912831,-0.35776925,0.19665684,0.2681539,0.43243757,0.05055425,-0.022955434,-0.07041782,0.12120435,0.0021900903,0.047069002,-0.028351493,-0.02601926,0.32818246,-0.16968785,-0.050148897,0.52089095,-0.029677331
52,0.03400965,0.16800518,-0.09625017,-0.9589513,-0.010285653,-0.23714927,0.060512073,0.23277222,0.29855663,-0.36079443,0.18269458,0.24413855,-0.012938511,-0.20077038,-0.101412155,-0.06214043,-0.86997974,0.04075872,0.18810605,-0.76082253,-0.070448846,0.35752147,-0.3763577,-0.2213789,0.10727079,-0.0707297,-0.11545643,0.07429577,0.56415576,-0.49354774,0.18259473,0.34210542,0.2798284,-0.1839512,0.698805,0.07641132,-0.25652778,0.057341248,0.097132385,-0.13367134,0.029660797,0.27272648,0.0058733406,-0.030269172,-0.15784349,0.18071872,-0.9171688,-0.34913483,0.1827371,0.2541605,0.426818,0.05011816,-0.022169802,-0.06856019,0.12038199,0.0010416672,0.049747817,-0.032364998,-0.026664715,0.32070595,-0.16463886,-0.04885575,0.49674827,-0.025356883
53,0.020599158,0.17248476,-0.094834626,-0.9557836,-0.008403458,-0.21590602,0.073392265,0.24379244,0.28043148,-0.3942966,0.19616418,0.24828233,-0.021244433,-0.19205984,-0.10284571,-0.060813114,-0.8629534,0.037830975,0.1884413,-0.7555706,-0.07323433,0.36358264,-0.39403722,-0.2562378,0.102263436,-0.069243446,-0.12840463,0.06873331,0.5946578,-0.4947704,0.18997322,0.328455,0.29202965,-0.19507383,0.68889815,0.07565205,-0.26508132,0.055530407,0.113203384,-0.13080432,0.04142381,0.29395354,0.005331137,-0.037265867,-0.15072607,0.18682328,-0.9157348,-0.36854848,0.20219287,0.27130628,0.45876876,0.051542882,-0.024282673,-0.06759614,0.124668434,-0.0032033892,0.04022193,-0.039958652,-0.027362106,0.33141518,-0.17010869,-0.05190411,0.4943725,-0.023512233
54,0.030665167,0.16435212,-0.09572382,-0.9558404,-0.008642736,-0.22240973,0.061264608,0.22993709,0.29374257,-0.36302298,0.1759656,0.24518844,-0.018044196,-0.18759716,-0.10420804,-0.06417529,-0.8779798,0.037555605,0.18483597,-0.74768347,-0.0746363,0.35934553,-0.3803648,-0.23558944,0.10409673,-0.07667971,-0.12410308,0.06522342,0.5654881,-0.50426424,0.1778974,0.34198177,0.28712133,-0.18098669,0.6844483,0.068123214,-0.26702338,0.06051547,0.0995589,-0.13616659,0.034452792,0.28361055,0.0054954547,-0.027048292,-0.15044765,0.18537034,-0.9177714,-0.35295543,0.18728565,0.2637792,0.44129398,0.047926635,-0.02544304,-0.06832029,0.11667459,0.0010955438,0.04624212,-0.040234406,-0.026457453,0.3157395,-0.16530555,-0.051766697,0.4998093,-0.02756167
55,0.026223646,0.1570643,-0.09815996,-0.9528629,-0.007679734,-0.24618214,0.06608385,0.23446526,0.29332578,-0.3688371,0.17290543,0.24383809,-0.005341408,-0.20039774,-0.09238218,-0.061144482,-0.87725466,0.037781794,0.19248776,-0.752235,-0.073543616,0.3581467,-0.40090853,-0.23861714,0.10805594,-0.07319694,-0.120317474,0.06175248,0.5650468,-0.5125276,0.1826826,0.3420896,0.29993334,-0.20208311,0.69016993,0.07720655,-0.25761604,0.058821823,0.09662031,-0.13668278,0.030957194,0.2943158,0.009816495,-0.028310101,-0.15213329,0.19086976,-0.91047466,-0.35518423,0.18690905,0.26153913,0.43204352,0.04867133,-0.021777445,-0.06740351,0.121337816,0.0055218823,0.04397028,-0.032498848,-0.024685841,0.3205201,-0.16531602,-0.052445836,0.51440114,-0.031449806
56,0.03743154,0.17741239,-0.09772079,-0.9550216,-0.005105154,-0.25148714,0.06231859,0.24147502,0.29492643,-0.38012165,0.17531489,0.25721732,-0.015302113,-0.22123918,-0.10269069,-0.06498071,-0.8701954,0.041201416,0.1875611,-0.7656423,-0.06914862,0.36475,-0.4010935,-0.22738236,0.10870379,-0.07398716,-0.11388902,0.08058342,0.59966385,-0.5138102,0.1943078,0.33669788,0.29886267,-0.18781239,0.69119793,0.070718035,-0.25691885,0.05577267,0.11537775,-0.12766905,0.033190772,0.2920907,0.002097721,-0.042860705,-0.15147094,0.19668216,-0.91717964,-0.35552606,0.20234501,0.26096052,0.4253677,0.054778654,-0.025426026,-0.06481121,0.12146346,-0.004346296,0.045605518,-0.027612412,-0.03276558,0.327443,-0.1706263,-0.050309386,0.5021257,-0.03246975
57,0.025705323,0.16610876,-0.09812348,-0.95066154,-0.009263755,-0.22445405,0.06688745,0.23928168,0.283874,-0.37653884,0.18803406,0.24604963,-0.013828096,-0.18448833,-0.09923442,-0.06301381,-0.87251306,0.038077522,0.1895,-0.7526402,-0.07212453,0.35864094,-0.3926596,-0.24476309,0.10593358,-0.06938689,-0.12715282,0.061112605,0.5763971,-0.5101476,0.18210086,0.33953643,0.29438436,-0.19038762,0.6903017,0.07326266,-0.26116732,0.059986636,0.10190751,-0.13669017,0.034400713,0.29104888,0.00594404,-0.027922966,-0.14934306,0.18975878,-0.9158652,-0.35966852,0.19335634,0.26801717,0.44366688,0.049997263,-0.021885898,-0.067254335,0.123239435,-7.033404e-05,0.04926591,-0.043310042,-0.024168326,0.32720068,-0.16854317,-0.052326955,0.50606924,-0.02689451
58,0.036005367,0.16134624,-0.09728651,-0.95256823,-0.007462703,-0.25064313,0.06646596,0.23354535,0.29451972,-0.3722956,0.17012225,0.24698338,-0.007058071,-0.20424585,-0.09525505,-0.06475334,-0.8804499,0.03693957,0.19364685,-0.7471343,-0.07174153,0.35895136,-0.4116925,-0.23977825,0.10948858,-0.07271653,-0.12116145,0.056191564,0.5734419,-0.52432144,0.18180214,0.34884682,0.3080553,-0.20441736,0.69363165,0.069179796,-0.25874853,0.061490025,0.09918377,-0.14177853,0.030325804,0.30235735,0.010265929,-0.025636533,-0.14758535,0.20106144,-0.9109874,-0.35641268,0.19461675,0.2684545,0.42010623,0.05085471,-0.023608314,-0.06486712,0.121179424,0.0039133634,0.05061153,-0.036561377,-0.0254521,0.32100016,-0.16735007,-0.054262012,0.51725626,-0.034301136
59,0.03691443,0.17696114,-0.093860485,-0.95587116,-0.009347493,-0.22526467,0.06343791,0.24027094,0.29185307,-0.37863895,0.1894155,0.2501012,-0.015934737,-0.19538566,-0.10092666,-0.06385817,-0.86662656,0.0381355,0.18644981,-0.7496219,-0.07258525,0.36350182,-0.3928624,-0.23871699,0.10698708,-0.07002204,-0.12197506,0.061417118,0.58813214,-0.5115357,0.18781307,0.34556016,0.30093747,-0.1953601,0.69151366,0.07004097,-0.2623229,0.057225037,0.10590154,-0.13738903,0.03467113,0.29865006,0.008442762,-0.031054597,-0.15043972,0.19781277,-0.913245,-0.3658332,0.19843756,0.27034432,0.43723828,0.053437795,-0.025213938,-0.06762988,0.11981288,-0.0016640192,0.048198182,-0.03807783,-0.02773361,0.3312394,-0.1714246,-0.05069189,0.5037033,-0.028829124
60,0.033956695,0.16758944,-0.098443404,-0.9527071,-0.0075835334,-0.24264856,0.06157426,0.23947059,0.29525602,-0.3606098,0.1749161,0.25038448,-0.012095688,-0.19384894,-0.106423795,-0.06695031,-0.87363636,0.039776176,0.18718144,-0.7521296,-0.06920607,0.35714105,-0.39635077,-0.22444554,0.108585045,-0.07211544,-0.11904176,0.068689264,0.5785851,-0.5108672,0.18448111,0.3434549,0.2929042,-0.17860554,0.6961377,0.069474384,-0.25631738,0.05776008,0.10087671,-0.13250093,0.030852793,0.27969414,0.0012175343,-0.02961247,-0.15262575,0.19174877,-0.9184502,-0.34924474,0.19607116,0.2567788,0.4222256,0.05160416,-0.022881348,-0.06778871,0.120428786,0.0006280831,0.05397022,-0.038351137,-0.029044434,0.32234156,-0.16806379,-0.050432127,0.5044478,-0.03292846
61,0.034349546,0.17053166,-0.10292753,-0.9509703,-0.0069025178,-0.25135446,0.06369031,0.23857732,0.29296547,-0.38385165,0.16731119,0.2539702,-0.01147503,-0.22399162,-0.09723273,-0.064858176,-0.87766516,0.039932445,0.19049682,-0.7610787,-0.07268185,0.36027145,-0.40542436,-0.23689117,0.107978,-0.07658267,-0.11753042,0.07319451,0.5894178,-0.52045953,0.1898243,0.33555835,0.3060037,-0.1948198,0.6791571,0.0694336,-0.26234397,0.057269543,0.11065072,-0.13026853,0.033638727,0.3006915,0.005446609,-0.0417391,-0.14799014,0.19763766,-0.91421,-0.3579902,0.19830944,0.27043778,0.43098596,0.052546393,-0.025235316,-0.0653724,0.120061465,-6.074431e-05,0.041383915,-0.02802346,-0.031101033,0.32285985,-0.17232323,-0.052520722,0.5132148,-0.03425088
62,0.034984276,0.16364083,-0.09976863,-0.9528242,-0.007680556,-0.25522023,0.07016031,0.2235407,0.29516628,-0.36885458,0.16315663,0.24922904,-0.0128326425,-0.20264953,-0.09986477,-0.064747274,-0.88443166,0.037516084,0.19226897,-0.74425495,-0.07292792,0.36581892,-0.4113781,-0.23837171,0.1095047,-0.07838923,-0.12085137,0.05935122,0.57425344,-0.5263443,0.17796317,0.3437325,0.29869026,-0.19666292,0.68755734,0.065392874,-0.2621596,0.06401713,0.10412977,-0.14126278,0.032148607,0.2960301,0.006574332,-0.025228512,-0.14218436,0.19249055,-0.91319,-0.35169634,0.18986674,0.27239132,0.41648707,0.048998203,-0.025227262,-0.06630099,0.12046213,0.0027560694,0.046891447,-0.03699441,-0.024728037,0.32320383,-0.16920173,-0.056552105,0.51531035,-0.030101499
63,0.02551112,0.16193917,-0.10450904,-0.95158947,-0.01166625,-0.25357187,0.07082497,0.24555545,0.29130477,-0.38224286,0.17676565,0.24903077,-0.0077325753,-0.20527412,-0.10045545,-0.06253889,-0.8777074,0.039717223,0.19860592,-0.7635933,-0.07842363,0.36205328,-0.4096483,-0.23474194,0.113060795,-0.06758497,-0.11607009,0.06510614,0.5990115,-0.50857425,0.1940173,0.33031747,0.3014152,-0.19317776,0.682757,0.08330557,-0.2636739,0.055438798,0.10362754,-0.1360833,0.034727044,0.2857778,0.0030337153,-0.029250171,-0.15171777,0.19560267,-0.9147559,-0.35916418,0.19875278,0.26099193,0.4398003,0.05107173,-0.020758908,-0.07070447,0.12429031,0.0037412676,0.053829156,-0.026125086,-0.029252775,0.3249287,-0.16838753,-0.04822734,0.5235247,-0.03112366
64,0.02779555,0.16726273,-0.10578973,-0.95032454,-0.012583419,-0.25369737,0.07254706,0.24434307,0.28640777,-0.38965344,0.18133354,0.25111568,-0.01044612,-0.20048697,-0.09915498,-0.063021846,-0.8776378,0.039505318,0.19708471,-0.7621586,-0.077193804,0.36694422,-0.41299498,-0.23861226,0.115363166,-0.0669338,-0.118650354,0.06380024,0.6066375,-0.5190109,0.19310203,0.32580665,0.30471888,-0.19654404,0.6807653,0.07954901,-0.26470897,0.05802377,0.108390614,-0.13964944,0.03459252,0.29251117,0.0012737621,-0.027713405,-0.1434099,0.20300809,-0.91354895,-0.35695046,0.20066404,0.26548406,0.435726,0.051639304,-0.023147615,-0.06938419,0.1283857,0.0006790805,0.050237548,-0.02642429,-0.029683687,0.33357465,-0.17158748,-0.051441036,0.5214143,-0.028963558
65,0.034440048,0.16986075,-0.091348216,-0.9512102,-0.0006077823,-0.28212798,0.07284483,0.25185862,0.28638226,-0.40494993,0.17747842,0.2510297,-0.0014610513,-0.22298163,-0.103872076,-0.06467333,-0.88186055,0.037626576,0.20114468,-0.76666886,-0.070215136,0.36143914,-0.43998852,-0.25444052,0.11222463,-0.0731174,-0.120132975,0.06919818,0.61136067,-0.52174044,0.21040753,0.33201912,0.33104974,-0.21572724,0.6908656,0.07158738,-0.26925856,0.05825115,0.12368669,-0.1314216,0.040109724,0.31909516,0.005257188,-0.04011138,-0.15071502,0.21839267,-0.90825,-0.35890472,0.21481916,0.2672855,0.43533194,0.055873808,-0.0252826,-0.062467407,0.12558939,-0.0011089436,0.045753274,-0.023077166,-0.03566465,0.3248885,-0.16853756,-0.054333378,0.5165007,-0.044948224
66,0.04382495,0.17209873,-0.09254653,-0.9537415,-0.0068319626,-0.2603253,0.06733215,0.24226719,0.29168406,-0.39224976,0.1768987,0.24797317,-0.005851272,-0.21833032,-0.09042351,-0.06537292,-0.8813053,0.03799839,0.1982106,-0.7584442,-0.06961576,0.3587684,-0.42069137,-0.2424331,0.107028425,-0.07290215,-0.11927558,0.06718791,0.5891356,-0.518306,0.1921903,0.3439611,0.3156575,-0.20707293,0.6937542,0.06481522,-0.2647799,0.059875976,0.11032936,-0.13687512,0.03466618,0.30813706,0.011121917,-0.037020944,-0.15566836,0.20205216,-0.9092985,-0.36612174,0.20060791,0.27391112,0.4219634,0.054712564,-0.024452938,-0.06481115,0.12029579,0.0011988486,0.051789045,-0.032911573,-0.030384801,0.32594356,-0.1692376,-0.052975234,0.5194402,-0.036654964
67,0.032601137,0.17692111,-0.09252294,-0.95169526,-0.0024027615,-0.24656408,0.07176198,0.24487734,0.28181598,-0.40223286,0.18261531,0.25632247,-0.018294813,-0.20348133,-0.09864937,-0.062297925,-0.8719436,0.0370684,0.18790372,-0.7540429,-0.07356251,0.37421277,-0.42464694,-0.25527897,0.10650752,-0.0726851,-0.12108667,0.0690759,0.6166935,-0.52522874,0.19960898,0.32950497,0.31688136,-0.20547582,0.68241066,0.0681486,-0.268843,0.05651441,0.12658149,-0.12959099,0.041265808,0.32028455,0.0015995905,-0.040703427,-0.14785165,0.20590378,-0.90904975,-0.36951688,0.2132416,0.27318665,0.44336295,0.05451233,-0.02708549,-0.06386337,0.124225765,-0.0051140506,0.043363653,-0.031824637,-0.034028254,0.3394999,-0.17464314,-0.05331618,0.50813496,-0.031908125
68,0.023618022,0.16324261,-0.101298355,-0.9590681,-0.014559587,-0.23591836,0.069809675,0.22720543,0.29742515,-0.36672884,0.18447019,0.24004868,-0.015921934,-0.18668202,-0.10514442,-0.06013895,-0.8833359,0.03975956,0.19418368,-0.7629453,-0.07661094,0.36186957,-0.37878716,-0.22797164,0.10625854,-0.070325926,-0.1128676,0.06938179,0.57712626,-0.49591136,0.18097411,0.334569,0.27708605,-0.1761839,0.6793056,0.07963164,-0.26772952,0.061917394,0.10004868,-0.13841894,0.03230883,0.26420033,0.006865565,-0.021755071,-0.1531808,0.17351662,-0.91919,-0.35501462,0.17864212,0.2645795,0.44003537,0.04650953,-0.02292564,-0.07441741,0.1166822,0.0019906717,0.050618038,-0.03292109,-0.02160899,0.32155216,-0.16311124,-0.04956418,0.5119193,-0.021579321
69,0.032380465,0.17398101,-0.095517725,-0.95620203,-0.008764387,-0.22296147,0.062081657,0.23988388,0.28626886,-0.37578687,0.18651117,0.24689344,-0.018036172,-0.19317596,-0.11229215,-0.066072576,-0.87183905,0.038372364,0.18812856,-0.75498426,-0.07279913,0.36032337,-0.3829085,-0.23236427,0.10514933,-0.07056996,-0.122641794,0.069070034,0.5832862,-0.4998586,0.18634656,0.33504668,0.29158548,-0.18215285,0.6912445,0.068320416,-0.26858786,0.05966983,0.10908316,-0.13544036,0.03562453,0.28743625,0.0009645726,-0.032041647,-0.15393852,0.19078125,-0.91912353,-0.35558465,0.19845183,0.26193354,0.4429649,0.051687468,-0.02595661,-0.068111785,0.124159254,-0.0027066027,0.054873254,-0.039011437,-0.03235828,0.32593605,-0.1686182,-0.05051078,0.4951332,-0.027604572
70,0.021950144,0.16594093,-0.09542285,-0.96014357,-0.0075261085,-0.23488224,0.06104672,0.23739427,0.2972835,-0.3710242,0.1756072,0.2507808,-0.014563837,-0.21706894,-0.10245442,-0.061170973,-0.8715058,0.039376825,0.1830411,-0.7620767,-0.07995332,0.37665373,-0.38235867,-0.21651097,0.109513454,-0.06961134,-0.11278845,0.07469935,0.6020225,-0.5033915,0.18967035,0.3324037,0.28879502,-0.1874144,0.6812699,0.0800781,-0.25930005,0.05636198,0.11780556,-0.13079858,0.03327108,0.28360218,0.0031037708,-0.03417235,-0.14640294,0.18806738,-0.9175809,-0.3508209,0.19817077,0.25173816,0.44343594,0.05038016,-0.027838165,-0.06591832,0.12304471,-0.002471701,0.048849866,-0.027666528,-0.034130342,0.32243088,-0.16485102,-0.046589028,0.5088656,-0.024737943
71,0.03448145,0.17793068,-0.09474347,-0.95475745,-0.008151182,-0.24537499,0.07263352,0.240761,0.28463945,-0.4004537,0.19161251,0.24264285,-0.015339642,-0.19656654,-0.09102292,-0.062198028,-0.8850805,0.039802857,0.20517544,-0.770588,-0.06893735,0.36043948,-0.40386912,-0.2472447,0.10051715,-0.06948587,-0.113353595,0.0835967,0.5904831,-0.5053728,0.19487323,0.32882565,0.29867366,-0.188053,0.68578136,0.06644111,-0.27904847,0.0672809,0.11531791,-0.13570434,0.037875596,0.2928818,0.0032823652,-0.038865164,-0.17128335,0.18306822,-0.9149697,-0.37607345,0.19014156,0.27704597,0.44285107,0.053308144,-0.02208683,-0.07501915,0.123470776,-0.0022346375,0.057121042,-0.032106843,-0.031075837,0.33766294,-0.16579296,-0.051545423,0.51221275,-0.0278525
72,0.02729677,0.16189708,-0.09990022,-0.95798624,-0.012457557,-0.2290805,0.0670333,0.22764637,0.2973804,-0.36349022,0.17563044,0.24795777,-0.017507495,-0.1891022,-0.10011084,-0.06048533,-0.875979,0.037347313,0.18465471,-0.7442857,-0.08126353,0.36905572,-0.38977945,-0.23181249,0.1080443,-0.07193829,-0.11940554,0.055723444,0.5877023,-0.51007634,0.17849468,0.34024996,0.2891123,-0.18843111,0.6763543,0.07895748,-0.26198342,0.05635103,0.10123676,-0.13848671,0.03367437,0.28483707,0.009374262,-0.02219562,-0.14080095,0.1862037,-0.91427535,-0.3557837,0.19105436,0.26260543,0.43775532,0.047270942,-0.024679588,-0.06835968,0.11534267,0.0029569399,0.043053597,-0.034583822,-0.023849515,0.32201213,-0.16954981,-0.050463144,0.5139827,-0.02364247
73,0.027123148,0.16161874,-0.09423574,-0.95332325,-0.005877669,-0.22644332,0.06593884,0.23410314,0.28716224,-0.36849988,0.17945789,0.24572527,-0.01537979,-0.18656424,-0.1078986,-0.06279693,-0.8726684,0.035907533,0.18423131,-0.7406992,-0.072973,0.36212975,-0.39856657,-0.24043515,0.104233995,-0.07223944,-0.12331644,0.05735329,0.5743696,-0.5076974,0.18074545,0.3396859,0.29406178,-0.19032003,0.6967202,0.07102841,-0.26099393,0.057442237,0.103069805,-0.13347688,0.03590958,0.29541397,0.0028233137,-0.027815793,-0.15214744,0.18895595,-0.91353184,-0.3543205,0.1964496,0.26050633,0.4388377,0.049281925,-0.02416422,-0.067383066,0.1224064,0.0011298766,0.04942945,-0.04291497,-0.02639908,0.322678,-0.16541557,-0.052333448,0.5007844,-0.027892655
74,0.029088842,0.1570618,-0.091364965,-0.95618784,-0.009427654,-0.24433061,0.06817572,0.22219115,0.29975733,-0.3566419,0.17184994,0.24279477,-0.007637078,-0.17584282,-0.088177375,-0.061253127,-0.88957,0.03754437,0.19115825,-0.74480814,-0.07119473,0.36506298,-0.3981302,-0.23758844,0.10471244,-0.075747035,-0.1195795,0.06579393,0.56255776,-0.5191632,0.17101744,0.34766585,0.28007123,-0.17911495,0.69746506,0.07060432,-0.26233754,0.06885543,0.09462572,-0.13981426,0.031184109,0.27476206,0.005280513,-0.014830115,-0.14923027,0.17746872,-0.9123809,-0.35188562,0.17759219,0.26346216,0.4245437,0.046430197,-0.020328065,-0.06642598,0.11552011,0.0025091711,0.047032386,-0.038348544,-0.0217802,0.32295662,-0.15964693,-0.05304798,0.5145146,-0.023561155
75,0.028015833,0.16114907,-0.09506903,-0.9547882,-0.008418367,-0.22476375,0.059858035,0.23805036,0.29170334,-0.36534938,0.17989747,0.24698304,-0.012612671,-0.19677055,-0.10144098,-0.0635531,-0.8679446,0.03753857,0.1848235,-0.7491396,-0.07320855,0.3590055,-0.387422,-0.23426035,0.10824658,-0.06922651,-0.124263525,0.06029298,0.57215005,-0.5039452,0.17999238,0.34236497,0.2916496,-0.19399743,0.6990845,0.07607973,-0.2549737,0.0559941,0.098551124,-0.13478181,0.032812838,0.29081303,0.0065349187,-0.02950749,-0.14930777,0.1934103,-0.91556215,-0.3515342,0.19546854,0.25586984,0.43701434,0.050283194,-0.022433646,-0.06420111,0.123463586,0.0017566562,0.04755085,-0.037656356,-0.027155254,0.3176604,-0.16326877,-0.050139204,0.5008434,-0.027742792
76,0.038344216,0.17768192,-0.09520596,-0.95229113,-0.006009858,-0.26155588,0.06952022,0.24202065,0.28571984,-0.40336967,0.17986429,0.24865362,-0.0076927166,-0.21372697,-0.0854894,-0.06469235,-0.8853632,0.039464388,0.20472194,-0.7684211,-0.07062814,0.36293334,-0.41823313,-0.24755959,0.10533133,-0.07249283,-0.117438614,0.078612484,0.59640896,-0.5220943,0.19779354,0.33309862,0.31535044,-0.20231421,0.68513745,0.06431535,-0.2755403,0.06612125,0.12214994,-0.13668516,0.0359741,0.3099455,0.0056417105,-0.042525586,-0.16163534,0.19944032,-0.91170615,-0.3742162,0.19886664,0.2783229,0.43273255,0.055595826,-0.024073167,-0.068361014,0.12491356,-0.0017025606,0.052835304,-0.02846027,-0.035117034,0.33608186,-0.16996783,-0.053485945,0.5201976,-0.034900595
77,0.01566497,0.1591387,-0.098351926,-0.95611876,-0.013553361,-0.21533228,0.07145384,0.22598884,0.28946203,-0.35377747,0.19715025,0.23773056,-0.01649005,-0.15352535,-0.11314505,-0.06132964,-0.8747336,0.039135035,0.1925839,-0.7523528,-0.06744088,0.3561227,-0.37234175,-0.23257357,0.100900635,-0.070844196,-0.12209337,0.06694306,0.5512833,-0.49165055,0.17324279,0.34153864,0.26245275,-0.16730744,0.70408595,0.076256245,-0.25922588,0.06433335,0.08940186,-0.13636328,0.03314679,0.2525764,0.0031884057,-0.015867326,-0.16111019,0.16002633,-0.92088544,-0.3573457,0.17374122,0.25958258,0.4411905,0.04598458,-0.020082258,-0.07649991,0.120014355,0.0022267394,0.055951174,-0.050014526,-0.01432159,0.3295222,-0.16112164,-0.049937118,0.49675557,-0.015382614
78,0.029841736,0.17292938,-0.095328085,-0.952369,-0.003100716,-0.24990107,0.07379566,0.2397017,0.28691217,-0.3933972,0.17527719,0.25973758,-0.016946174,-0.20861398,-0.091514915,-0.06271718,-0.87523586,0.037815977,0.18992725,-0.7554099,-0.07342577,0.37465203,-0.42302024,-0.2560804,0.10933002,-0.075689144,-0.12166862,0.0689251,0.61151433,-0.5294577,0.19492668,0.3309932,0.31173632,-0.20512548,0.68045354,0.06912867,-0.2647991,0.05847622,0.12180463,-0.13186716,0.03974347,0.31298995,0.0034692783,-0.039165355,-0.14250077,0.20498922,-0.9118855,-0.36395383,0.20818725,0.27255765,0.4394538,0.053036746,-0.026463911,-0.06314568,0.12338382,-0.004382069,0.03767972,-0.030858776,-0.031094074,0.33415213,-0.17191778,-0.055800993,0.51112944,-0.03210997
79,0.025100235,0.15996568,-0.09787482,-0.9543896,-0.008920851,-0.2413812,0.07025077,0.23423135,0.2883126,-0.38004628,0.17370762,0.24995242,-0.013840421,-0.19166973,-0.09949574,-0.06031668,-0.8782448,0.036153194,0.18675013,-0.7473066,-0.08184032,0.3745379,-0.41030475,-0.24215737,0.1102159,-0.07230965,-0.1207245,0.05515737,0.60077137,-0.51856315,0.18577732,0.3321398,0.30333877,-0.20079932,0.67763555,0.079437286,-0.26603994,0.056371525,0.110411115,-0.13663177,0.037538406,0.30168,0.005323082,-0.026210852,-0.14084926,0.19780956,-0.91057086,-0.35662186,0.20126279,0.26210803,0.44253433,0.048604067,-0.025857557,-0.06615938,0.12172359,0.0014819986,0.04536808,-0.031261977,-0.028058374,0.32542,-0.1690737,-0.051702812,0.5179439,-0.026694927
80,0.028328126,0.1611661,-0.09247689,-0.9588566,-0.008312744,-0.2425705,0.066894814,0.223101,0.30185342,-0.34923026,0.17514195,0.24416351,-0.015056927,-0.17856297,-0.09935805,-0.06080468,-0.8814812,0.038473055,0.18406418,-0.7471765,-0.071091205,0.36639595,-0.389656,-0.22934686,0.106677815,-0.07611622,-0.11559612,0.07157604,0.56702673,-0.5067971,0.17718016,0.34139356,0.27640724,-0.17551403,0.6935312,0.07164609,-0.26045677,0.06100511,0.09776394,-0.13308261,0.03269288,0.2687482,0.003024909,-0.020952722,-0.15368976,0.17433894,-0.91432947,-0.34554031,0.178246,0.25735566,0.4222114,0.04662308,-0.022060383,-0.07018424,0.1145257,0.0016883123,0.04535475,-0.037392627,-0.0223645,0.32085264,-0.15986778,-0.051244073,0.50332725,-0.022726847
81,0.033900473,0.16763587,-0.0954132,-0.9524573,-0.0049175834,-0.26076266,0.067557804,0.23928401,0.29161003,-0.37913573,0.17152789,0.24848653,-0.008100326,-0.20160978,-0.09742659,-0.06626574,-0.881638,0.038333062,0.19590816,-0.7547573,-0.06966276,0.36130047,-0.41489697,-0.23684251,0.10764368,-0.07430982,-0.118514284,0.06862894,0.5855407,-0.5204294,0.18969534,0.34349,0.30587858,-0.19256082,0.6908691,0.06588362,-0.26469493,0.06283053,0.108977966,-0.13642786,0.03294992,0.2963914,0.0029309585,-0.030971648,-0.15188994,0.19734746,-0.9138286,-0.3554528,0.1976673,0.26397088,0.42679748,0.051980507,-0.024489336,-0.06548426,0.12191099,-9.923804e-05,0.053397324,-0.035748534,-0.031003539,0.32627413,-0.17051247,-0.053861402,0.513262,-0.036292475
82,0.023670647,0.16626504,-0.0941052,-0.9539038,-0.0076091127,-0.21168396,0.06490475,0.24423118,0.27731496,-0.3834537,0.18841267,0.245599,-0.016851788,-0.18640874,-0.109382994,-0.06453733,-0.86984956,0.036358077,0.18600938,-0.74864155,-0.076110624,0.36198205,-0.38858187,-0.24600416,0.10427968,-0.068807505,-0.13121912,0.061056517,0.585297,-0.4974516,0.18538062,0.33022374,0.29528958,-0.19171143,0.6918044,0.07093993,-0.26850674,0.057703957,0.11066284,-0.13405778,0.039848574,0.29722774,0.00046418986,-0.03173771,-0.15056315,0.19467564,-0.9169854,-0.3577486,0.20565999,0.26246715,0.45525056,0.050820973,-0.02562008,-0.06649372,0.12837954,-0.0017840962,0.050749745,-0.042776775,-0.03244013,0.32345015,-0.16629444,-0.051028356,0.49517378,-0.026562493
83,0.0337984,0.17574179,-0.1005911,-0.94795734,-0.0071864505,-0.24544585,0.07251907,0.24674769,0.2848711,-0.39253232,0.18420419,0.25710735,-0.015588108,-0.20125495,-0.100419134,-0.06446974,-0.87072957,0.039692737,0.19263189,-0.75916654,-0.06819898,0.3631211,-0.42044932,-0.2487668,0.10748905,-0.07056184,-0.12000743,0.071973234,0.60540503,-0.52269435,0.19330844,0.33130684,0.30471417,-0.19032657,0.69246024,0.07066099,-0.26043436,0.05750625,0.1134372,-0.12972422,0.037316434,0.2996893,-0.00017781819,-0.03742442,-0.14913909,0.19619182,-0.9139567,-0.36521983,0.20611696,0.2717376,0.43369964,0.054498132,-0.02165065,-0.06631009,0.12491886,-0.0032517912,0.04818818,-0.035937402,-0.028627813,0.33944345,-0.17280892,-0.052705836,0.5100791,-0.030310612
84,0.025059406,0.16079353,-0.10350505,-0.9565863,-0.013767346,-0.24613969,0.07470885,0.22558026,0.2897195,-0.3808046,0.17845841,0.24401964,-0.012073938,-0.19611369,-0.0998727,-0.060461987,-0.88731176,0.03894542,0.20458803,-0.76415884,-0.07859381,0.36778343,-0.3948642,-0.23606686,0.10732867,-0.073254175,-0.11787481,0.0639913,0.58323365,-0.514379,0.18091056,0.33495522,0.28887057,-0.19032316,0.6776662,0.07890692,-0.26872796,0.067657806,0.10731744,-0.14483261,0.03222436,0.2803822,0.009035405,-0.021908224,-0.14393257,0.18053514,-0.91724163,-0.3613473,0.18389206,0.26741788,0.44045934,0.046377096,-0.023934655,-0.069636725,0.12258013,0.0017234732,0.052606225,-0.032491032,-0.022600314,0.32810807,-0.16793379,-0.05343426,0.52264464,-0.022268964
85,0.03474679,0.17877562,-0.10120693,-0.95306534,-0.01074188,-0.24392599,0.075093366,0.24218848,0.27826422,-0.4025449,0.19024163,0.24945697,-0.014140622,-0.20512566,-0.09385475,-0.06306084,-0.88009685,0.04083596,0.20676097,-0.77253664,-0.07118172,0.36348552,-0.40473387,-0.24576856,0.10474055,-0.06933075,-0.118205756,0.08013121,0.59692717,-0.51203287,0.19412023,0.32364392,0.30184248,-0.19433913,0.6855113,0.06956753,-0.27403265,0.065062,0.11672815,-0.13747731,0.036974795,0.29531255,0.0028331957,-0.038918044,-0.1603916,0.1878835,-0.91612256,-0.3748579,0.1953542,0.2745878,0.44036132,0.05352528,-0.022764187,-0.07203918,0.13033435,-0.002529601,0.057151254,-0.030687492,-0.031850435,0.3438388,-0.17036073,-0.052671075,0.51284623,-0.02609531
86,0.029846197,0.17985007,-0.09137081,-0.9570987,-0.0070604323,-0.22309591,0.0701591,0.24149005,0.28560248,-0.38770926,0.19613935,0.25149623,-0.021324223,-0.18903185,-0.1040278,-0.06143025,-0.86741006,0.03865708,0.1859768,-0.7579325,-0.070352376,0.36719278,-0.39503068,-0.24570669,0.10293473,-0.07185917,-0.12265187,0.07372186,0.6002554,-0.5057549,0.19227618,0.33468705,0.29579285,-0.18820383,0.68835,0.07068493,-0.265665,0.05726991,0.11617443,-0.1303572,0.039002664,0.29265925,0.0063388217,-0.03645123,-0.15344888,0.18712534,-0.91514134,-0.37047175,0.19841775,0.27199134,0.4471823,0.052375223,-0.025252862,-0.069132864,0.11945162,-0.004246167,0.044897124,-0.038202934,-0.027607804,0.33637473,-0.17047343,-0.050289277,0.4972467,-0.025004981
87,0.029255746,0.15785992,-0.09182627,-0.9605042,-0.010544813,-0.22782569,0.061766054,0.2219323,0.2996436,-0.35659894,0.16977344,0.23796676,-0.012085335,-0.18398172,-0.08700545,-0.061318174,-0.8876592,0.037246678,0.19032612,-0.7452824,-0.07735931,0.36140877,-0.37488323,-0.23182617,0.09816602,-0.074918345,-0.11713066,0.070017666,0.5544456,-0.50052506,0.17105822,0.34466273,0.27579662,-0.17655931,0.6840411,0.06879644,-0.27341104,0.06723483,0.095887415,-0.13805342,0.032026518,0.27643052,0.0050047785,-0.022780199,-0.1572534,0.17292684,-0.9148363,-0.3554631,0.1776983,0.25962746,0.44031966,0.046487767,-0.022537492,-0.06840957,0.11425098,0.002632719,0.048161667,-0.036072228,-0.029044274,0.31670207,-0.15986444,-0.05111029,0.5067543,-0.023457803
88,0.03040536,0.16244839,-0.09337661,-0.9546197,-0.0072789947,-0.23302521,0.06562396,0.23179674,0.2938841,-0.37410945,0.1760869,0.24237,-0.009460676,-0.19683714,-0.09937988,-0.06299819,-0.87815666,0.036254715,0.19030051,-0.745902,-0.07356506,0.35671717,-0.3981165,-0.24611214,0.10582121,-0.07516313,-0.12649143,0.054056134,0.56734806,-0.51126426,0.180898,0.35123414,0.30307865,-0.20419091,0.6906772,0.07007871,-0.26310024,0.06118331,0.10262532,-0.13947672,0.033044964,0.3009137,0.014296789,-0.027934296,-0.14931692,0.19532293,-0.91212094,-0.3608471,0.19217208,0.27510712,0.4349759,0.04997377,-0.024876235,-0.06435189,0.117209345,0.003646828,0.04677317,-0.042550795,-0.023074785,0.31450725,-0.16658571,-0.053637188,0.510935,-0.03266659
89,0.027723111,0.1618714,-0.10028097,-0.9490685,-0.0056803348,-0.25124198,0.06668957,0.23557013,0.29315954,-0.3657357,0.16833319,0.25054663,-0.0119001,-0.1960257,-0.10387558,-0.06528477,-0.87812936,0.038047925,0.18747514,-0.7474712,-0.07005419,0.36280635,-0.4119782,-0.23383242,0.109826,-0.07320133,-0.1173172,0.06395084,0.58140135,-0.5203571,0.18417823,0.33875558,0.29718602,-0.18519574,0.6954157,0.07082925,-0.25770685,0.058853477,0.10265555,-0.13305297,0.033456445,0.28976607,-0.00088570244,-0.028701086,-0.15057269,0.19328693,-0.91514397,-0.34838066,0.19614778,0.26143685,0.42298466,0.0506129,-0.022543468,-0.06774086,0.12280835,0.0014968072,0.04988072,-0.036794987,-0.02701866,0.32219052,-0.1659788,-0.052628316,0.51144964,-0.032219365
90,0.0325833,0.16066402,-0.08791218,-0.9613802,-0.008151991,-0.24303626,0.064188436,0.22101398,0.30992898,-0.34519175,0.17484121,0.24132134,-0.010872655,-0.18539906,-0.10509554,-0.06239793,-0.8786086,0.037635293,0.18389241,-0.7426815,-0.068882816,0.36116436,-0.3878969,-0.22418593,0.10651694,-0.07836297,-0.1172147,0.061584543,0.5580399,-0.503551,0.17580967,0.3592256,0.28204197,-0.18773976,0.70312333,0.07228213,-0.25422376,0.060462214,0.09309385,-0.13798328,0.03073842,0.2712921,0.013337641,-0.016995022,-0.1504505,0.17713743,-0.91277,-0.34875697,0.1781572,0.2600078,0.41588047,0.04789447,-0.024487184,-0.06755657,0.11028349,0.00419243,0.048139874,-0.040658787,-0.018537397,0.31362888,-0.1627369,-0.050614353,0.5061462,-0.026701549
91,0.034451157,0.17303398,-0.100272074,-0.9531167,-0.008301454,-0.24424745,0.068569444,0.23522358,0.28891733,-0.38566276,0.17812274,0.25449112,-0.017068971,-0.20812356,-0.098128654,-0.06352689,-0.8769716,0.0402627,0.19353113,-0.76486385,-0.07086758,0.3646038,-0.40226078,-0.23923123,0.10614794,-0.073803276,-0.11806366,0.076486245,0.5952583,-0.51584995,0.18720183,0.33440077,0.29214895,-0.1854905,0.68922746,0.07049932,-0.26227772,0.061835624,0.11378695,-0.13149947,0.035797317,0.28924268,0.0011634893,-0.037131995,-0.15037216,0.18607756,-0.91683495,-0.3621592,0.19528551,0.26738742,0.43293667,0.05183091,-0.023371402,-0.06629037,0.123031594,-0.0040190057,0.050529312,-0.03402972,-0.028376488,0.33170626,-0.16920434,-0.051875576,0.5073871,-0.025904287
92,0.03155898,0.1588668,-0.09704237,-0.95952773,-0.0106327105,-0.25876978,0.06494573,0.22506176,0.3030135,-0.37337238,0.16315953,0.23914845,-0.006722011,-0.2207147,-0.09886252,-0.06116908,-0.88922834,0.0378284,0.19664623,-0.7596446,-0.07960903,0.36184937,-0.39465782,-0.22492047,0.107647404,-0.07514914,-0.110895745,0.06382173,0.57621896,-0.50370705,0.1826134,0.34313098,0.29587933,-0.19857082,0.6785583,0.076734364,-0.26896828,0.061765604,0.1053693,-0.1401185,0.030767007,0.28825563,0.013129195,-0.027782995,-0.15020256,0.18674417,-0.91221166,-0.35321546,0.1846287,0.26563367,0.42856967,0.048083164,-0.025860144,-0.06714179,0.11548577,0.0050211307,0.04975434,-0.026559774,-0.027142799,0.30984548,-0.16462092,-0.05109448,0.52352965,-0.030825425
93,0.02657985,0.16293503,-0.10382066,-0.95891404,-0.013683256,-0.2436794,0.065603286,0.22613166,0.3024528,-0.36028156,0.17068326,0.24659477,-0.01618174,-0.20023456,-0.10020969,-0.06069708,-0.8822162,0.040923074,0.19004582,-0.76428163,-0.079861626,0.36630023,-0.3772545,-0.22205555,0.11171837,-0.075548105,-0.11271662,0.07366746,0.5795057,-0.50210464,0.18181714,0.3327929,0.2806151,-0.17928506,0.67064565,0.081139736,-0.26564568,0.05796688,0.10013021,-0.13747148,0.030913351,0.26710707,0.007049161,-0.02504037,-0.14499757,0.1811632,-0.918909,-0.3459308,0.18055311,0.25961998,0.43468115,0.04612378,-0.024922276,-0.070347756,0.11597476,0.002072793,0.041818824,-0.02424132,-0.025575304,0.31523302,-0.16477579,-0.049806666,0.51131606,-0.025018938
94,0.030418195,0.17553183,-0.09826212,-0.9491017,-0.006250162,-0.23461689,0.06984483,0.2539575,0.2785513,-0.39741045,0.18925712,0.2567824,-0.015224647,-0.19966358,-0.103569604,-0.06482619,-0.863039,0.03815301,0.18739441,-0.75254965,-0.07181271,0.36395043,-0.41754147,-0.2508246,0.1083781,-0.06716595,-0.12691535,0.06453599,0.61431277,-0.517519,0.19774142,0.32869583,0.3140593,-0.20040055,0.69074017,0.07207519,-0.25995216,0.052188486,0.11721,-0.12920314,0.039812475,0.30982965,0.0003482691,-0.03924685,-0.14522123,0.20826007,-0.9118578,-0.36606777,0.21982458,0.2678902,0.4424736,0.05588199,-0.024619877,-0.06478304,0.1281822,-0.004500877,0.045128733,-0.03494661,-0.03329557,0.33800954,-0.17531827,-0.051577277,0.5027649,-0.032729313
95,0.02275063,0.15697221,-0.099232815,-0.9542435,-0.010076865,-0.2415174,0.06867806,0.23331337,0.29332173,-0.3696344,0.1713879,0.2502822,-0.014155001,-0.19489467,-0.09960532,-0.060448907,-0.8787618,0.036618464,0.18599255,-0.7482221,-0.082087934,0.37257951,-0.4045084,-0.2387506,0.11381121,-0.070541,-0.11877741,0.054349896,0.5981689,-0.51709116,0.18279485,0.33107597,0.29753014,-0.19648579,0.67746216,0.082269214,-0.26229882,0.054896716,0.10567609,-0.13764286,0.035558827,0.29469046,0.0061470517,-0.023460267,-0.13967076,0.19601816,-0.912594,-0.35141447,0.19689511,0.2603083,0.44092786,0.047394037,-0.0230164,-0.066281684,0.12012206,0.003249606,0.043063734,-0.030348733,-0.025367782,0.32006055,-0.164634,-0.05141934,0.521913,-0.026536994
96,0.01900938,0.16867559,-0.0933238,-0.9564898,-0.009567291,-0.22738293,0.07164759,0.23636164,0.285487,-0.3704615,0.19960244,0.24001437,-0.0154909305,-0.16394912,-0.105547026,-0.060887426,-0.875819,0.04022621,0.19488177,-0.7626311,-0.06607518,0.35938329,-0.3817323,-0.2355026,0.100580506,-0.06843034,-0.11741901,0.07897606,0.5711019,-0.4936298,0.18437587,0.33253893,0.27203503,-0.16832711,0.7008676,0.07425837,-0.26538578,0.06470591,0.102494255,-0.1319389,0.034624446,0.26216516,-0.0006228164,-0.02585605,-0.16746949,0.16571817,-0.9189328,-0.36037585,0.17984454,0.25894272,0.44560972,0.04830655,-0.01953655,-0.07576882,0.12280793,-0.0011951376,0.05498995,-0.042556636,-0.023152256,0.33663818,-0.16136539,-0.05005696,0.4969263,-0.020181231
97,0.023457382,0.16151194,-0.097990006,-0.95440143,-0.00888798,-0.2483859,0.06757878,0.24211358,0.2900177,-0.38863233,0.1753744,0.24718603,-0.006040366,-0.21454388,-0.09743041,-0.062243972,-0.87875193,0.037446834,0.19589275,-0.76105106,-0.08083343,0.3665768,-0.4041523,-0.23897009,0.11066215,-0.06959777,-0.119261906,0.0611367,0.5978497,-0.51001847,0.19300225,0.33165807,0.3072279,-0.20585096,0.68017393,0.079904705,-0.26691788,0.058232542,0.11291426,-0.13832569,0.035541687,0.3016991,0.0074727945,-0.03263009,-0.14619704,0.20326984,-0.9124508,-0.35903814,0.20226711,0.2622612,0.447005,0.05093935,-0.025641786,-0.065875664,0.12514852,0.00097967,0.04651661,-0.025722837,-0.03263689,0.3208257,-0.16704373,-0.05090822,0.5204168,-0.032554667
98,0.025286762,0.15665177,-0.09211344,-0.9562596,-0.0074192467,-0.22920857,0.066520564,0.22395879,0.29879606,-0.35343874,0.17474422,0.24335682,-0.016006501,-0.17436609,-0.10162907,-0.06212267,-0.87760866,0.035776664,0.18289378,-0.73317146,-0.073162325,0.3639744,-0.39662036,-0.23955177,0.10445284,-0.075531796,-0.12285215,0.054956503,0.56460434,-0.5095694,0.17295583,0.34814796,0.28527042,-0.18652312,0.69524205,0.07242559,-0.25927848,0.059885275,0.097046085,-0.13555248,0.035017766,0.28553584,0.007861134,-0.01964933,-0.14704369,0.17931014,-0.91304654,-0.35155246,0.18670619,0.26208898,0.4340621,0.04709697,-0.023074076,-0.06697446,0.11463105,0.00324746,0.04538031,-0.045492653,-0.0201036,0.31827495,-0.1634632,-0.051983718,0.50705254,-0.02406181
99,0.025185829,0.1553375,-0.09857096,-0.9544234,-0.010906388,-0.24610065,0.06703925,0.23384883,0.29085323,-0.3594789,0.17133884,0.24476369,-0.0061827553,-0.18482816,-0.09352589,-0.061909705,-0.88423586,0.038879592,0.1945979,-0.75376207,-0.074400745,0.3609881,-0.39687,-0.23213916,0.10735739,-0.07100463,-0.11784941,0.06840741,0.5724589,-0.5097721,0.17783621,0.3362048,0.28384775,-0.17997843,0.6924459,0.077011965,-0.26324975,0.06207105,0.09360348,-0.13588989,0.03189165,0.27269182,0.00062046456,-0.021604769,-0.15442775,0.18121518,-0.91521263,-0.3495126,0.1852623,0.25160247,0.43323934,0.047232583,-0.018142693,-0.0675896,0.121583335,0.003872116,0.052805312,-0.033190995,-0.027960405,0.32357776,-0.16219412,-0.050872955,0.514151,-0.025960576
