Antibody,VH Positive Charge,VH Negative Charge,VH HM
abituzumab,0.084745763,0.084745763,-0.533898305
abrilumab,0.084745763,0.110169492,-0.492372881
adalimumab,0.090909091,0.099173554,-0.462809917
alemtuzumab,0.099173554,0.074380165,-0.536363636
alirocumab,0.093220339,0.076271186,-0.491525424
anifrolumab,0.102564103,0.094017094,-0.476923077
bapineuzumab,0.100840336,0.075630252,-0.621848739
benralizumab,0.123966942,0.082644628,-0.643801653
bevacizumab,0.089430894,0.073170732,-0.38699187
brentuximab,0.076923077,0.05982906,-0.363247863
brodalumab,0.103448276,0.060344828,-0.672413793
canakinumab,0.093220339,0.084745763,-0.550847458
certolizumab,0.076271186,0.084745763,-0.372881356
cetuximab,0.075630252,0.050420168,-0.421008403
clazakizumab,0.075,0.1,-0.465
crenezumab,0.071428571,0.071428571,-0.44375
dacetuzumab,0.096491228,0.061403509,-0.428947368
daclizumab,0.103448276,0.086206897,-0.615517241
daratumumab,0.081967213,0.081967213,-0.304918033
dinutuximab,0.088495575,0.079646018,-0.476106195
eculizumab,0.081967213,0.090163934,-0.494262295
efalizumab,0.107438017,0.082644628,-0.519834711
eldelumab,0.096774194,0.088709677,-0.50483871
elotuzumab,0.084033613,0.100840336,-0.500840336
enokizumab,0.090163934,0.106557377,-0.551639344
epratuzumab,0.103448276,0.094827586,-0.71637931
evolocumab,0.086956522,0.069565217,-0.552173913
farletuzumab,0.092436975,0.084033613,-0.417647059
fasinumab,0.084033613,0.117647059,-0.446218487
fezakinumab,0.123966942,0.099173554,-0.744628099
ficlatuzumab,0.101694915,0.06779661,-0.566949153
fletikumab,0.094488189,0.094488189,-0.64015748
fresolimumab,0.075,0.083333333,-0.349166667
fulranumab,0.105691057,0.089430894,-0.543902439
galiximab,0.062992126,0.05511811,-0.258267717
gemtuzumab,0.086206897,0.077586207,-0.550862069
gevokizumab,0.091666667,0.075,-0.465833333
girentuximab,0.117647059,0.084033613,-0.547058824
glembatumumab,0.075630252,0.042016807,-0.350420168
golimumab,0.103174603,0.071428571,-0.565079365
ibalizumab,0.098360656,0.098360656,-0.608196721
ipilimumab,0.101694915,0.06779661,-0.538983051
lampalizumab,0.07826087,0.095652174,-0.456521739
lebrikizumab,0.076271186,0.06779661,-0.359322034
lintuzumab,0.103448276,0.077586207,-0.625
lumiliximab,0.076271186,0.084745763,-0.495762712
matuzumab,0.115702479,0.099173554,-0.751239669
mavrilimumab,0.083333333,0.108333333,-0.403333333
mepolizumab,0.092436975,0.067226891,-0.5
mogamulizumab,0.092436975,0.075630252,-0.495798319
motavizumab,0.108333333,0.091666667,-0.5275
muromonab,0.117647059,0.075630252,-0.811764706
natalizumab,0.113821138,0.089430894,-0.650406504
necitumumab,0.066115702,0.05785124,-0.331404959
nimotuzumab,0.089430894,0.089430894,-0.61300813
nivolumab,0.115044248,0.088495575,-0.661061947
obinutuzumab,0.100840336,0.084033613,-0.511764706
ocrelizumab,0.090163934,0.06557377,-0.422131148
ofatumumab,0.098360656,0.081967213,-0.527868852
olaratumab,0.062992126,0.05511811,-0.431496063
olokizumab,0.083333333,0.091666667,-0.606666667
omalizumab,0.099173554,0.066115702,-0.437190083
onartuzumab,0.084033613,0.084033613,-0.498319328
otelixizumab,0.100840336,0.067226891,-0.562184874
otlertuzumab,0.103448276,0.068965517,-0.545689655
palivizumab,0.1,0.083333333,-0.5275
panitumumab,0.084033613,0.067226891,-0.444537815
panobacumab,0.103448276,0.086206897,-0.63362069
pembrolizumab,0.1,0.083333333,-0.656666667
pertuzumab,0.084033613,0.084033613,-0.505042017
pinatuzumab,0.091666667,0.1,-0.565833333
polatuzumab,0.085470085,0.094017094,-0.484615385
radretumab,0.077586207,0.068965517,-0.393965517
ramucirumab,0.086206897,0.068965517,-0.464655172
ranibizumab,0.089430894,0.081300813,-0.379674797
reslizumab,0.077586207,0.086206897,-0.474137931
rilotumumab,0.066666667,0.058333333,-0.328333333
rituximab,0.090909091,0.05785124,-0.465289256
romosozumab,0.097560976,0.113821138,-0.655284553
sarilumab,0.112068966,0.103448276,-0.627586207
secukinumab,0.094488189,0.094488189,-0.455905512
seribantumab,0.092436975,0.067226891,-0.367226891
sifalimumab,0.086206897,0.060344828,-0.519827586
siltuximab,0.092436975,0.092436975,-0.489915966
tabalumab,0.073170732,0.056910569,-0.321138211
tanezumab,0.074380165,0.074380165,-0.34214876
tigatuzumab,0.084033613,0.075630252,-0.479831933
tildrakizumab,0.086206897,0.077586207,-0.426724138
tocilizumab,0.092436975,0.050420168,-0.569747899
tovetumab,0.1,0.075,-0.535833333
tralokinumab,0.090163934,0.081967213,-0.630327869
trastuzumab,0.1,0.083333333,-0.515833333
tremelimumab,0.104,0.072,-0.5512
vedolizumab,0.099173554,0.099173554,-0.6
veltuzumab,0.090909091,0.082644628,-0.546280992
zalutumumab,0.112,0.088,-0.5512
zanolimumab,0.07826087,0.052173913,-0.340869565
atezolizumab,0.093220339,0.076271186,-0.372033898
basiliximab,0.102564103,0.068376068,-0.548717949
bavituximab,0.116666667,0.083333333,-0.541666667
belimumab,0.105691057,0.06504065,-0.57398374
bimagrumab,0.095652174,0.060869565,-0.568695652
blosozumab,0.101694915,0.127118644,-0.620338983
bococizumab,0.118644068,0.084745763,-0.73559322
briakinumab,0.130434783,0.069565217,-0.679130435
carlumab,0.075630252,0.084033613,-0.373109244
cixutumumab,0.1,0.076923077,-0.461538462
codrituzumab,0.104347826,0.086956522,-0.562608696
dalotuzumab,0.094017094,0.068376068,-0.520512821
denosumab,0.073770492,0.073770492,-0.352459016
drozitumab,0.099173554,0.082644628,-0.509090909
duligotuzumab,0.082644628,0.107438017,-0.408264463
dupilumab,0.104,0.088,-0.66
emibetuzumab,0.12173913,0.07826087,-0.83826087
etrolizumab,0.076923077,0.05982906,-0.413675214
figitumumab,0.072,0.08,-0.4072
foralumab,0.13559322,0.06779661,-0.563559322
ganitumab,0.092436975,0.058823529,-0.478151261
gantenerumab,0.111111111,0.063492063,-0.569047619
guselkumab,0.094017094,0.068376068,-0.460683761
imgatuzumab,0.1,0.066666667,-0.535
infliximab,0.116666667,0.108333333,-0.703333333
inotuzumab,0.107438017,0.066115702,-0.588429752
ixekizumab,0.100840336,0.084033613,-0.547058824
lenzilumab,0.12605042,0.058823529,-0.760504202
lirilumab,0.073170732,0.081300813,-0.37804878
ozanezumab,0.097345133,0.07079646,-0.596460177
parsatuzumab,0.105691057,0.113821138,-0.654471545
patritumab,0.094017094,0.05982906,-0.423076923
ponezumab,0.103448276,0.077586207,-0.613793103
robatumumab,0.101694915,0.06779661,-0.43559322
simtuzumab,0.094827586,0.077586207,-0.511206897
sirukumab,0.075630252,0.067226891,-0.341176471
teplizumab,0.134453782,0.075630252,-0.866386555
urelumab,0.074380165,0.082644628,-0.367768595
ustekinumab,0.100840336,0.075630252,-0.517647059
visilizumab,0.116666667,0.075,-0.590833333
ADI-14455,0.074380165,0.066115702,-0.516528926
ADI-14461,0.102564103,0.094017094,-0.547863248
ADI-14456,0.112903226,0.080645161,-0.407258065
ADI-14454,0.087301587,0.071428571,-0.39047619
ADI-14479,0.090163934,0.057377049,-0.431967213
ADI-14490,0.098360656,0.06557377,-0.502459016
ADI-14491,0.102564103,0.094017094,-0.547863248
ADI-14467,0.06557377,0.090163934,-0.408196721
ADI-14494,0.102564103,0.094017094,-0.547863248
ADI-14523,0.0859375,0.09375,-0.52734375
ADI-14528,0.103174603,0.071428571,-0.443650794
ADI-14534,0.12295082,0.081967213,-0.640983607
ADI-14515,0.110169492,0.06779661,-0.56779661
ADI-14521,0.090163934,0.06557377,-0.436065574
ADI-14537,0.09375,0.09375,-0.50234375
ADI-14540,0.096774194,0.072580645,-0.444354839
ADI-14511,0.119047619,0.111111111,-0.598412698
ADI-14522,0.12605042,0.100840336,-0.740336134
ADI-14525,0.102564103,0.094017094,-0.564102564
ADI-14536,0.10483871,0.088709677,-0.451612903
ADI-14557,0.098360656,0.073770492,-0.544262295
ADI-14552,0.1,0.092307692,-0.44
ADI-14543,0.089430894,0.06504065,-0.468292683
ADI-14560,0.083333333,0.075,-0.468333333
ADI-15578,0.08,0.064,-0.3824
ADI-15582,0.090163934,0.073770492,-0.562295082
ADI-15583,0.089430894,0.081300813,-0.480487805
ADI-15586,0.096774194,0.10483871,-0.448387097
ADI-15587,0.097560976,0.081300813,-0.418699187
ADI-15593,0.086614173,0.05511811,-0.442519685
ADI-15600,0.081300813,0.081300813,-0.452845528
ADI-15602,0.096774194,0.088709677,-0.346774194
ADI-15607,0.081300813,0.073170732,-0.501626016
ADI-15609,0.094488189,0.086614173,-0.381102362
ADI-15624,0.099173554,0.066115702,-0.538016529
ADI-15630,0.090163934,0.057377049,-0.404098361
ADI-15634,0.090163934,0.073770492,-0.510655738
ADI-15640,0.087301587,0.087301587,-0.456349206
ADI-15642,0.088709677,0.088709677,-0.499193548
ADI-15643,0.097560976,0.089430894,-0.496747967
ADI-15644,0.097560976,0.089430894,-0.560162602
ADI-15645,0.084745763,0.084745763,-0.379661017
ADI-15006,0.080645161,0.080645161,-0.405645161
ADI-15647,0.079365079,0.079365079,-0.394444444
ADI-15650,0.080645161,0.088709677,-0.484677419
ADI-15655,0.1,0.1,-0.48
ADI-15657,0.095238095,0.071428571,-0.46031746
ADI-15662,0.08,0.072,-0.4912
ADI-15663,0.073770492,0.06557377,-0.396721311
ADI-15664,0.090163934,0.081967213,-0.482786885
ADI-15666,0.094488189,0.070866142,-0.660629921
ADI-15566,0.090909091,0.074380165,-0.538016529
ADI-15564,0.080645161,0.096774194,-0.538709677
ADI-15570,0.115702479,0.082644628,-0.648760331
ADI-18875,0.063492063,0.055555556,-0.407936508
ADI-18892,0.073770492,0.073770492,-0.493442623
ADI-18903,0.099173554,0.082644628,-0.553719008
ADI-18878,0.111111111,0.071428571,-0.523015873
ADI-18884,0.096774194,0.072580645,-0.528225806
ADI-18906,0.125,0.083333333,-0.6175
ADI-18879,0.099173554,0.082644628,-0.554545455
ADI-18896,0.098360656,0.090163934,-0.544262295
ADI-18885,0.103174603,0.063492063,-0.525396825
ADI-18888,0.125,0.075,-0.62
ADI-18899,0.098360656,0.090163934,-0.543442623
ADI-18911,0.109243697,0.067226891,-0.501680672
ADI-18909,0.102362205,0.062992126,-0.464566929
ADI-18918,0.083333333,0.058333333,-0.375833333
ADI-18926,0.082644628,0.099173554,-0.511570248
ADI-18933,0.081967213,0.081967213,-0.42704918
ADI-18951,0.089430894,0.081300813,-0.508943089
ADI-18947,0.106557377,0.073770492,-0.529508197
ADI-18936,0.082644628,0.074380165,-0.407438017
ADI-18941,0.109243697,0.084033613,-0.408403361
ADI-18937,0.078125,0.078125,-0.3859375
ADI-18955,0.106557377,0.090163934,-0.547540984
ADI-18942,0.072580645,0.056451613,-0.442741935
ADI-18946,0.102564103,0.076923077,-0.507692308
ADI-19007,0.072580645,0.056451613,-0.408064516
ADI-19008,0.114754098,0.090163934,-0.621311475
ADI-19002,0.096774194,0.080645161,-0.417741935
ADI-18983,0.112903226,0.112903226,-0.631451613
ADI-18995,0.06504065,0.06504065,-0.252845528
ADI-18990,0.072580645,0.056451613,-0.442741935
ADI-18979,0.081967213,0.090163934,-0.502459016
ADI-18991,0.073170732,0.073170732,-0.36504065
ADI-18994,0.105691057,0.056910569,-0.464227642
ADI-18982,0.081967213,0.073770492,-0.518032787
ADI-18999,0.088709677,0.088709677,-0.554032258
ADI-18997,0.090163934,0.06557377,-0.431967213
ADI-15741,0.099173554,0.074380165,-0.566942149
ADI-15749,0.104,0.048,-0.3664
ADI-15747,0.078740157,0.078740157,-0.42992126
ADI-15745,0.088709677,0.056451613,-0.384677419
ADI-15756,0.078740157,0.086614173,-0.448031496
ADI-15743,0.090909091,0.049586777,-0.492561983
ADI-15733,0.080645161,0.080645161,-0.388709677
ADI-15754,0.088,0.064,-0.3624
ADI-15776,0.081967213,0.073770492,-0.368852459
ADI-15791,0.100775194,0.085271318,-0.442635659
ADI-15787,0.086614173,0.094488189,-0.520472441
ADI-15766,0.099173554,0.082644628,-0.636363636
ADI-15774,0.0859375,0.0703125,-0.41875
ADI-15777,0.1,0.066666667,-0.581666667
ADI-15789,0.102362205,0.102362205,-0.566929134
ADI-15764,0.118110236,0.086614173,-0.737795276
ADI-15785,0.098360656,0.073770492,-0.362295082
ADI-15767,0.082644628,0.090909091,-0.433884298
ADI-15775,0.088709677,0.064516129,-0.342741935
ADI-15768,0.085271318,0.07751938,-0.403875969
ADI-15788,0.112903226,0.072580645,-0.513709677
ADI-15804,0.083333333,0.05,-0.35
ADI-15823,0.070866142,0.094488189,-0.429133858
ADI-15794,0.090909091,0.066115702,-0.524793388
ADI-15813,0.098360656,0.081967213,-0.542622951
ADI-15797,0.071428571,0.063492063,-0.342857143
ADI-15800,0.073170732,0.081300813,-0.333333333
ADI-15796,0.095238095,0.071428571,-0.415079365
ADI-15807,0.078125,0.0859375,-0.4578125
ADI-15812,0.084033613,0.058823529,-0.368907563
ADI-15972,0.081967213,0.049180328,-0.357377049
ADI-15959,0.104,0.088,-0.5216
ADI-15957,0.070866142,0.078740157,-0.436220472
ADI-15977,0.099173554,0.041322314,-0.479338843
ADI-15990,0.0859375,0.0703125,-0.5703125
ADI-15993,0.100775194,0.069767442,-0.531782946
ADI-15992,0.080645161,0.072580645,-0.355645161
ADI-15994,0.081300813,0.073170732,-0.386178862
ADI-15933,0.120689655,0.077586207,-0.544827586
ADI-15949,0.103174603,0.079365079,-0.6
ADI-15952,0.082644628,0.074380165,-0.317355372
ADI-15926,0.115384615,0.107692308,-0.681538462
ADI-15940,0.088,0.072,-0.3856
ADI-15951,0.1,0.075,-0.55
ADI-15938,0.070866142,0.05511811,-0.319685039
ADI-16009,0.080645161,0.064516129,-0.382258065
ADI-16011,0.095238095,0.079365079,-0.465079365
ADI-16013,0.086614173,0.086614173,-0.477165354
ADI-15996,0.091666667,0.066666667,-0.565833333
ADI-16012,0.094488189,0.086614173,-0.531496063
ADI-16014,0.081967213,0.06557377,-0.421311475
ADI-16007,0.079365079,0.071428571,-0.542857143
ADI-16017,0.078740157,0.05511811,-0.255905512
ADI-16010,0.078740157,0.086614173,-0.499212598
ADI-16015,0.094488189,0.086614173,-0.461417323
ADI-15831,0.10483871,0.088709677,-0.47983871
ADI-15854,0.096,0.072,-0.5224
ADI-15851,0.085470085,0.051282051,-0.291452991
ADI-15838,0.096774194,0.072580645,-0.403225806
ADI-15859,0.110169492,0.076271186,-0.519491525
ADI-15837,0.078125,0.078125,-0.4109375
ADI-15855,0.074380165,0.074380165,-0.416528926
ADI-15839,0.099173554,0.049586777,-0.490909091
ADI-15841,0.090163934,0.057377049,-0.32704918
ADI-15843,0.090909091,0.049586777,-0.457024793
ADI-15888,0.06504065,0.06504065,-0.270731707
ADI-15886,0.082644628,0.074380165,-0.472727273
ADI-15876,0.090909091,0.082644628,-0.560330579
ADI-15890,0.102362205,0.086614173,-0.45984252
ADI-15892,0.088,0.088,-0.4176
ADI-15920,0.088,0.088,-0.4824
ADI-15911,0.104,0.088,-0.4928
ADI-15896,0.11023622,0.094488189,-0.525984252
ADI-15907,0.1015625,0.1015625,-0.6
ADI-15894,0.0703125,0.0703125,-0.21015625
ADI-15919,0.11023622,0.078740157,-0.526771654
ADI-15912,0.090909091,0.05785124,-0.473553719
ADI-15899,0.112,0.104,-0.572
ADI-15913,0.076271186,0.059322034,-0.311864407
ADI-16036,0.08,0.08,-0.368
ADI-16022,0.112068966,0.068965517,-0.589655172
ADI-16024,0.095238095,0.071428571,-0.416666667
ADI-16028,0.079365079,0.047619048,-0.308730159
ADI-16037,0.089430894,0.081300813,-0.407317073
ADI-16023,0.092436975,0.084033613,-0.449579832
ADI-16029,0.093220339,0.059322034,-0.407627119
ADI-16031,0.090909091,0.049586777,-0.492561983
ADI-16050,0.086206897,0.060344828,-0.438793103
ADI-16055,0.088,0.104,-0.656
ADI-16063,0.112,0.056,-0.42
ADI-16056,0.08,0.08,-0.4728
ADI-24222,0.100840336,0.092436975,-0.543697479
ADI-24198,0.095238095,0.079365079,-0.488888889
ADI-24191,0.106557377,0.081967213,-0.512295082
ADI-24200,0.097560976,0.06504065,-0.47804878
ADI-24249,0.11023622,0.062992126,-0.553543307
ADI-24189,0.0859375,0.0703125,-0.48671875
ADI-24244,0.096774194,0.056451613,-0.493548387
ADI-24208,0.079365079,0.071428571,-0.45
ADI-24246,0.080645161,0.056451613,-0.259677419
ADI-24255,0.090163934,0.081967213,-0.469672131
ADI-24227,0.081967213,0.090163934,-0.540163934
ADI-24238,0.090163934,0.090163934,-0.445901639
ADI-24232,0.090163934,0.081967213,-0.509836066
ADI-24234,0.080645161,0.056451613,-0.390322581
ADI-24206,0.096774194,0.056451613,-0.525
ADI-24258,0.097560976,0.113821138,-0.56504065
ADI-24280,0.074380165,0.082644628,-0.452892562
ADI-24271,0.103174603,0.079365079,-0.681746032
ADI-24285,0.076271186,0.050847458,-0.455084746
ADI-24260,0.112903226,0.088709677,-0.491129032
ADI-24296,0.076271186,0.050847458,-0.476271186
ADI-24311,0.1,0.1,-0.469166667
ADI-24304,0.058823529,0.075630252,-0.245378151
ADI-24358,0.073170732,0.056910569,-0.374796748
ADI-24368,0.117647059,0.100840336,-0.74789916
ADI-24329,0.1015625,0.078125,-0.4984375
ADI-24309,0.06504065,0.081300813,-0.334146341
ADI-24352,0.104347826,0.07826087,-0.516521739
ADI-24349,0.098360656,0.081967213,-0.636065574
ADI-24363,0.087301587,0.071428571,-0.483333333
ADI-24310,0.083333333,0.066666667,-0.370833333
ADI-24369,0.073170732,0.06504065,-0.43495935
ADI-24320,0.1015625,0.078125,-0.61328125
ADI-24371,0.087301587,0.071428571,-0.468253968
ADI-46700,0.106557377,0.090163934,-0.48852459
ADI-37121,0.090909091,0.082644628,-0.502479339
ADI-45472,0.090163934,0.073770492,-0.391803279
ADI-46699,0.091666667,0.075,-0.534166667
ADI-45403,0.113821138,0.089430894,-0.540650407
ADI-54487,0.107438017,0.074380165,-0.581818182
ADI-45474,0.103174603,0.126984127,-0.607936508
ADI-46701,0.109243697,0.075630252,-0.596638655
ADI-46703,0.090163934,0.098360656,-0.470491803
ADI-46702,0.111111111,0.085470085,-0.575213675
ADI-46671,0.104,0.104,-0.6016
ADI-45363,0.102564103,0.085470085,-0.547863248
ADI-45436,0.075630252,0.058823529,-0.342016807
ADI-46673,0.102362205,0.094488189,-0.543307087
ADI-45361,0.1,0.083333333,-0.496666667
ADI-45360,0.104,0.08,-0.5192
ADI-45359,0.091666667,0.083333333,-0.5075
ADI-45364,0.073770492,0.090163934,-0.470491803
ADI-46674,0.092436975,0.084033613,-0.450420168
ADI-45477,0.096774194,0.072580645,-0.476612903
ADI-45410,0.102362205,0.078740157,-0.455905512
ADI-46707,0.094488189,0.086614173,-0.541732283
ADI-45480,0.081967213,0.06557377,-0.245901639
ADI-45408,0.075630252,0.067226891,-0.335294118
ADI-46706,0.081967213,0.073770492,-0.383606557
ADI-45406,0.098360656,0.098360656,-0.521311475
ADI-46705,0.096774194,0.096774194,-0.52016129
ADI-45475,0.079365079,0.103174603,-0.462698413
ADI-46708,0.106557377,0.098360656,-0.596721311
ADI-45409,0.078740157,0.070866142,-0.437795276
ADI-46704,0.109375,0.0625,-0.54765625
ADI-45405,0.099173554,0.074380165,-0.620661157
ADI-45383,0.112,0.072,-0.6224
ADI-45389,0.094017094,0.068376068,-0.516239316
ADI-54488,0.08,0.08,-0.3952
ADI-45467,0.092436975,0.050420168,-0.474789916
ADI-46685,0.105691057,0.073170732,-0.485365854
ADI-45390,0.100840336,0.084033613,-0.621848739
ADI-54489,0.114754098,0.090163934,-0.495081967
ADI-45450,0.109243697,0.075630252,-0.572268908
ADI-46691,0.094827586,0.077586207,-0.41637931
ADI-46686,0.081967213,0.090163934,-0.45
ADI-46684,0.085271318,0.062015504,-0.499224806
ADI-45449,0.083333333,0.083333333,-0.363333333
ADI-45387,0.08,0.08,-0.3952
ADI-45462,0.090909091,0.05785124,-0.404958678
ADI-45464,0.075,0.083333333,-0.433333333
ADI-45468,0.100840336,0.058823529,-0.48487395
ADI-46697,0.107438017,0.082644628,-0.562809917
ADI-46688,0.096,0.088,-0.4824
ADI-46690,0.087719298,0.070175439,-0.514912281
ADI-45457,0.083333333,0.075,-0.449166667
ADI-46695,0.091666667,0.083333333,-0.4475
ADI-46693,0.093023256,0.093023256,-0.525581395
ADI-47219,0.090909091,0.090909091,-0.744628099
ADI-46687,0.087301587,0.079365079,-0.502380952
ADI-45454,0.106557377,0.090163934,-0.447540984
ADI-45392,0.08,0.08,-0.392
ADI-46692,0.082644628,0.107438017,-0.551239669
ADI-45391,0.101694915,0.076271186,-0.527118644
ADI-46689,0.094827586,0.094827586,-0.539655172
ADI-45379,0.084745763,0.110169492,-0.495762712
ADI-45378,0.097560976,0.081300813,-0.504065041
ADI-45446,0.068376068,0.05982906,-0.279487179
ADI-46677,0.093220339,0.084745763,-0.48220339
ADI-45438,0.072580645,0.080645161,-0.281451613
ADI-45437,0.117647059,0.084033613,-0.720168067
ADI-45447,0.107438017,0.107438017,-0.58677686
ADI-46678,0.091666667,0.058333333,-0.405
ADI-38502,0.089430894,0.073170732,-0.510569106
ADI-45374,0.096774194,0.072580645,-0.475806452
ADI-45377,0.08,0.08,-0.4616
ADI-45372,0.084033613,0.058823529,-0.534453782
ADI-45441,0.066115702,0.090909091,-0.401652893
ADI-45445,0.08,0.048,-0.2728
ADI-47224,0.082644628,0.066115702,-0.357024793
ADI-45381,0.10483871,0.112903226,-0.498387097
ADI-46680,0.090163934,0.081967213,-0.360655738
ADI-45448,0.092436975,0.075630252,-0.511764706
ADI-46683,0.073770492,0.049180328,-0.274590164
ADI-46681,0.10483871,0.096774194,-0.487903226
ADI-15857,0.081300813,0.056910569,-0.366666667
ADI-15808,0.100775194,0.069767442,-0.500775194
ADI-15842,0.098360656,0.057377049,-0.595901639
ADI-15772,0.100840336,0.067226891,-0.642016807
ADI-15875,0.100775194,0.069767442,-0.523255814
ADI-46709,0.064516129,0.088709677,-0.452419355
ADI-15895,0.088709677,0.088709677,-0.5
ADI-18976,0.10483871,0.088709677,-0.542741935
ADI-45483,0.092436975,0.084033613,-0.450420168
ADI-54490,0.102564103,0.102564103,-0.565811966
ADI-45484,0.1,0.066666667,-0.500833333
ADI-15821,0.096774194,0.096774194,-0.461290323
ADI-24305,0.098360656,0.073770492,-0.583606557
ADI-15880,0.103174603,0.095238095,-0.494444444
ADI-24217,0.084745763,0.059322034,-0.469491525
ADI-45485,0.070175439,0.078947368,-0.383333333
ADI-15561,0.096774194,0.072580645,-0.54516129
ADI-45414,0.080645161,0.080645161,-0.379032258
ADI-45415,0.06504065,0.056910569,-0.357723577
ADI-19016,0.096774194,0.072580645,-0.465322581
ADI-45487,0.089430894,0.081300813,-0.530081301
ADI-45488,0.097560976,0.089430894,-0.607317073
ADI-15943,0.103448276,0.051724138,-0.420689655
ADI-18977,0.112,0.064,-0.6792
ADI-15954,0.108333333,0.075,-0.614166667
ADI-45419,0.104347826,0.069565217,-0.439130435
ADI-24372,0.087301587,0.071428571,-0.435714286
ADI-15833,0.088,0.08,-0.5048
ADI-15868,0.105691057,0.097560976,-0.595934959
ADI-15902,0.089430894,0.073170732,-0.385365854
ADI-15988,0.088,0.056,-0.3248
ADI-45421,0.096774194,0.080645161,-0.679032258
ADI-45422,0.098360656,0.06557377,-0.47704918
ADI-46710,0.112,0.072,-0.6016
ADI-15822,0.1015625,0.0625,-0.61484375
ADI-15738,0.107692308,0.061538462,-0.522307692
ADI-15746,0.07751938,0.062015504,-0.35503876
ADI-15978,0.082644628,0.041322314,-0.355371901
ADI-15862,0.080645161,0.048387097,-0.333064516
ADI-15656,0.109243697,0.084033613,-0.653781513
ADI-18922,0.091666667,0.066666667,-0.5
ADI-15626,0.102362205,0.11023622,-0.700787402
ADI-15904,0.108333333,0.075,-0.4425
ADI-24239,0.113821138,0.089430894,-0.5
ADI-15793,0.096,0.064,-0.4808
ADI-15594,0.084615385,0.076923077,-0.535384615
ADI-38501,0.092436975,0.084033613,-0.564705882
ADI-15849,0.088,0.08,-0.4024
ADI-15742,0.098360656,0.081967213,-0.433606557
ADI-24373,0.087301587,0.071428571,-0.468253968
ADI-16026,0.095238095,0.071428571,-0.477777778
ADI-15980,0.112903226,0.072580645,-0.727419355
ADI-15871,0.105691057,0.081300813,-0.627642276
ADI-15755,0.096,0.08,-0.4824
ADI-24229,0.081967213,0.073770492,-0.355737705
ADI-15863,0.096,0.08,-0.396
ADI-46711,0.096774194,0.088709677,-0.676612903
ADI-16039,0.105691057,0.081300813,-0.627642276
ADI-46712,0.086956522,0.052173913,-0.452173913
ADI-18956,0.091666667,0.075,-0.501666667
ADI-24223,0.108333333,0.091666667,-0.5475
ADI-45492,0.107438017,0.05785124,-0.585950413
ADI-15616,0.107438017,0.066115702,-0.594214876
ADI-15921,0.09375,0.0703125,-0.56953125
ADI-45493,0.096,0.064,-0.5504
ADI-18984,0.091666667,0.066666667,-0.495
ADI-15918,0.08,0.064,-0.408
ADI-24344,0.098360656,0.090163934,-0.46557377
ADI-45494,0.087301587,0.063492063,-0.551587302
ADI-15916,0.098360656,0.073770492,-0.393442623
ADI-24322,0.084033613,0.067226891,-0.451260504
ADI-16002,0.105691057,0.089430894,-0.597560976
ADI-15925,0.098360656,0.073770492,-0.414754098
ADI-16021,0.102362205,0.05511811,-0.459055118
ADI-14556,0.1,0.083333333,-0.555833333
ADI-24212,0.123966942,0.074380165,-0.587603306
ADI-15819,0.090163934,0.073770492,-0.404918033
ADI-15897,0.1015625,0.1015625,-0.69921875
ADI-15781,0.094827586,0.068965517,-0.515517241
ADI-15574,0.084033613,0.050420168,-0.331092437
ADI-15780,0.100840336,0.067226891,-0.63697479
ADI-15950,0.112903226,0.064516129,-0.540322581
ADI-15908,0.098360656,0.049180328,-0.479508197
ADI-15979,0.105691057,0.073170732,-0.454471545
ADI-14526,0.106557377,0.06557377,-0.537704918
ADI-15924,0.112,0.088,-0.6064
ADI-24335,0.101694915,0.093220339,-0.581355932
ADI-15935,0.117647059,0.067226891,-0.72605042
ADI-46713,0.092436975,0.067226891,-0.41092437
ADI-15929,0.100775194,0.07751938,-0.500775194
ADI-15966,0.108333333,0.066666667,-0.531666667
ADI-15956,0.105691057,0.06504065,-0.575609756
ADI-15811,0.106557377,0.073770492,-0.520491803
ADI-45429,0.08,0.064,-0.3768
ADI-15834,0.087301587,0.079365079,-0.473015873
ADI-15998,0.081967213,0.06557377,-0.420491803
ADI-15751,0.075,0.066666667,-0.440833333
ADI-15572,0.088709677,0.064516129,-0.497580645
ADI-15941,0.10483871,0.064516129,-0.583870968
ADI-16005,0.073770492,0.057377049,-0.330327869
ADI-15927,0.072580645,0.056451613,-0.339516129
ADI-15878,0.098360656,0.057377049,-0.38442623
ADI-15965,0.081300813,0.081300813,-0.478861789
ADI-15852,0.107438017,0.082644628,-0.587603306
ADI-15732,0.098360656,0.057377049,-0.404098361
ADI-24268,0.109375,0.0859375,-0.72890625
ADI-24312,0.123966942,0.074380165,-0.617355372
ADI-15784,0.109243697,0.075630252,-0.677310924
ADI-46714,0.088,0.072,-0.3616
ADI-45496,0.10483871,0.064516129,-0.492741935
ADI-15879,0.083333333,0.058333333,-0.504166667
ADI-45433,0.10483871,0.072580645,-0.498387097
ADI-15820,0.098360656,0.049180328,-0.466393443
ADI-15991,0.09375,0.0625,-0.5453125
ADI-45497,0.078125,0.0625,-0.35390625
ADI-15893,0.097560976,0.06504065,-0.521138211
ADI-15825,0.096,0.064,-0.4408
ADI-15783,0.097560976,0.06504065,-0.411382114
ADI-45435,0.079365079,0.055555556,-0.407936508
ADI-15883,0.107692308,0.061538462,-0.502307692
ADI-16061,0.096774194,0.072580645,-0.524193548
ADI-16062,0.089430894,0.06504065,-0.426829268
ADI-15845,0.096774194,0.064516129,-0.569354839
ADI-24248,0.098360656,0.073770492,-0.520491803
ADI-15805,0.119047619,0.055555556,-0.558730159
ADI-24339,0.093023256,0.062015504,-0.530232558
ADI-15847,0.081967213,0.049180328,-0.38852459
ADI-15844,0.086614173,0.078740157,-0.536220472
SAD8041_P01_F06,0.0859375,0.0625,-0.55859375
SAD8041_P02_H06,0.088,0.072,-0.4264
SAD8041_P01_G07,0.083333333,0.075757576,-0.489393939
SAD8041_P02_E03,0.099236641,0.083969466,-0.502290076
SAD8041_P01_F07,0.080882353,0.073529412,-0.398529412
SAD8041_P01_A11,0.063492063,0.063492063,-0.273015873
SAD8041_P02_H02,0.082644628,0.090909091,-0.430578512
SAD8041_P01_H09,0.088709677,0.080645161,-0.368548387
SAD8041_P01_D08,0.088709677,0.072580645,-0.513709677
SAD8041_P01_F11,0.069230769,0.061538462,-0.396923077
SAD4979_P01_C12,0.085271318,0.069767442,-0.487596899
SAD4979_P09_D04,0.085271318,0.069767442,-0.464341085
SAD4979_P09_D02,0.083969466,0.076335878,-0.489312977
SAD4979_P10_E10,0.083969466,0.061068702,-0.440458015
SAD4979_P12_A04,0.106870229,0.099236641,-0.626717557
SAD4979_P05_F03,0.086614173,0.070866142,-0.469291339
SAD4979_P11_E01,0.09375,0.0625,-0.31328125
SAD4979_P07_B06,0.094488189,0.078740157,-0.372440945
SAD4979_P10_F12,0.088709677,0.080645161,-0.471774194
SAD4979_P03_F06,0.106870229,0.06870229,-0.451145038
SAD4979_P09_B04,0.090909091,0.098484848,-0.500757576
SAD4979_P12_D01,0.07751938,0.085271318,-0.234883721
SAD4979_P02_A07,0.081300813,0.081300813,-0.424390244
SAD4979_P06_E09,0.096774194,0.064516129,-0.514516129
SAD4979_P03_F01,0.107692308,0.076923077,-0.551538462
SAD4979_P03_E12,0.089430894,0.081300813,-0.530081301
SAD4979_P12_A01,0.106557377,0.073770492,-0.468852459
SAD4979_P11_F07,0.075757576,0.075757576,-0.334848485
SAD4979_P06_B07,0.0859375,0.0859375,-0.2671875
SAD4979_P11_G12,0.134920635,0.095238095,-0.83968254
SAD4979_P06_E10,0.103174603,0.095238095,-0.541269841
SAD4979_P03_C10,0.093023256,0.07751938,-0.490697674
SAD4979_P01_G12,0.093023256,0.07751938,-0.501550388
SAD4979_P05_D02,0.090163934,0.090163934,-0.469672131
SAD4979_P03_A03,0.104477612,0.082089552,-0.547761194
SAD4979_P01_A09,0.06870229,0.061068702,-0.225954198
SAD4979_P09_D12,0.0703125,0.0625,-0.28515625
SAD4979_P10_E09,0.089552239,0.074626866,-0.33358209
SAD4979_P11_F03,0.071428571,0.071428571,-0.311904762
SAD4979_P03_G05,0.0859375,0.0390625,-0.45078125
SAD4979_P08_A11,0.079365079,0.055555556,-0.368253968
SAD4979_P09_B05,0.079365079,0.055555556,-0.368253968
SAD4979_P09_H05,0.079365079,0.055555556,-0.368253968
SAD4979_P07_A04,0.086614173,0.062992126,-0.512598425
SAD4979_P03_A09,0.09375,0.0625,-0.428125
SAD4979_P09_A07,0.081300813,0.048780488,-0.410569106
SAD4979_P02_C12,0.084615385,0.061538462,-0.284615385
SAD4979_P09_H02,0.106060606,0.075757576,-0.411363636
SAD4979_P09_B10,0.106060606,0.075757576,-0.411363636
SAD4979_P02_A05,0.09375,0.0703125,-0.49375
SAD4979_P04_E07,0.100775194,0.069767442,-0.503100775
SAD4979_P07_C05,0.079710145,0.072463768,-0.363043478
SAD4979_P07_B11,0.094890511,0.04379562,-0.348175182
SAD4979_P08_B07,0.106870229,0.061068702,-0.581679389
SAD4979_P02_A02,0.108333333,0.083333333,-0.516666667
SAD4979_P09_A11,0.0703125,0.046875,-0.25703125
SAD4979_P04_B04,0.115384615,0.061538462,-0.589230769
SAD4979_P07_B10,0.10483871,0.064516129,-0.456451613
SAD4979_P01_C11,0.097560976,0.073170732,-0.535772358
SAD4979_P04_D09,0.070866142,0.070866142,-0.292913386
SAD4979_P10_F09,0.0859375,0.0859375,-0.49609375
SAD4979_P08_H12,0.086614173,0.070866142,-0.462992126
SAD4979_P06_C04,0.109375,0.09375,-0.5484375
SAD4979_P08_D02,0.073170732,0.048780488,-0.336585366
SAD4979_P02_B08,0.115384615,0.076923077,-0.541538462
SAD4979_P02_B04,0.109375,0.09375,-0.52421875
SAD4979_P03_A04,0.125984252,0.062992126,-0.452755906
SAD4979_P03_F02,0.108527132,0.093023256,-0.65503876
SAD4979_P05_D01,0.112,0.064,-0.48
SAD4979_P06_D12,0.0703125,0.046875,-0.35234375
SAD4979_P06_A09,0.08,0.064,-0.3872
SAD4979_P06_D06,0.106870229,0.083969466,-0.652671756
SAD4979_P09_G05,0.06504065,0.048780488,-0.306504065
SAD8046_P01_F04,0.073170732,0.113821138,-0.56504065
SAD8046_P06_D01,0.087301587,0.095238095,-0.596825397
SAD8046_P01_D05,0.100775194,0.07751938,-0.523255814
SAD8046_P05_G05,0.109375,0.09375,-0.65078125
SAD8046_P01_B08,0.099236641,0.076335878,-0.622900763
SAD8046_P05_B06,0.103174603,0.095238095,-0.587301587
SAD8046_P01_D01,0.104,0.072,-0.524
SAD8046_P05_G01,0.090163934,0.073770492,-0.42704918
SAD8046_P01_E01,0.098360656,0.090163934,-0.568852459
SAD8046_P01_H08,0.103448276,0.068965517,-0.487931034
SAD8046_P01_G04,0.115942029,0.101449275,-0.65942029
SAD8046_P05_C05,0.101694915,0.084745763,-0.331355932
SAD8046_P05_F05,0.101694915,0.084745763,-0.333050847
SAD8046_P02_D04,0.084033613,0.084033613,-0.409243697
SAD8046_P05_B02,0.116788321,0.087591241,-0.58540146
SAD8046_P01_E07,0.142857143,0.117647059,-0.71512605
SAD8046_P05_E04,0.098360656,0.090163934,-0.47704918
SAD8046_P05_A02,0.0859375,0.078125,-0.53828125
SAD8046_P04_E01,0.097345133,0.07079646,-0.520353982
SAD8046_P02_A01,0.087301587,0.071428571,-0.31984127
SAD8046_P05_G04,0.091603053,0.076335878,-0.497709924
SAD8046_P01_B06,0.07751938,0.069767442,-0.59379845
SAD8046_P02_E11,0.073770492,0.057377049,-0.350819672
SAD8046_P06_F03,0.081967213,0.06557377,-0.478688525
SAD8046_P06_H02,0.105263158,0.078947368,-0.674561404
SAD8046_P01_C09,0.078125,0.0625,-0.46171875
SAD8046_P04_F01,0.097345133,0.079646018,-0.563716814
SAD8046_P05_A08,0.090909091,0.074380165,-0.383471074
SAD8046_P05_G08,0.078740157,0.047244094,-0.447244094
SAD8046_P02_H02,0.1,0.033333333,-0.4225
SAD8046_P05_F09,0.093023256,0.054263566,-0.584496124
SAD8045_P02_H09,0.083333333,0.075,-0.365833333
SAD8045_P01_H11,0.091666667,0.066666667,-0.695
SAD8045_P05_F02,0.095238095,0.071428571,-0.676984127
SAD8045_P05_C01,0.085271318,0.07751938,-0.508527132
SAD8045_P02_B08,0.115702479,0.123966942,-0.628099174
SAD8045_P06_G05,0.093023256,0.069767442,-0.482945736
SAD8045_P04_F07,0.093023256,0.085271318,-0.479069767
SAD8045_P02_H07,0.115702479,0.107438017,-0.633057851
SAD8045_P01_A07,0.082089552,0.074626866,-0.376119403
SAD8045_P01_G07,0.089552239,0.067164179,-0.413432836
SAD8045_P01_E02,0.089430894,0.105691057,-0.593495935
SAD8045_P02_C12,0.11023622,0.070866142,-0.570866142
SAD8045_P05_D12,0.090163934,0.081967213,-0.542622951
SAD8045_P04_C01,0.105691057,0.097560976,-0.57804878
SAD8045_P02_F01,0.113821138,0.089430894,-0.500813008
SAD8045_P02_B02,0.113821138,0.081300813,-0.554471545
SAD8045_P05_D08,0.098360656,0.040983607,-0.468852459
SAD8045_P02_A10,0.066666667,0.05,-0.308333333
SAD8045_P04_E11,0.066115702,0.05785124,-0.218181818
SAD8045_P04_H11,0.064516129,0.056451613,-0.305645161
SAD8045_P01_H04,0.086614173,0.070866142,-0.518897638
SAD8045_P02_G06,0.051282051,0.05982906,-0.147008547
SAD8045_P01_C03,0.087301587,0.047619048,-0.371428571
SAD8045_P02_H05,0.097560976,0.081300813,-0.565853659
SAD8045_P01_B08,0.092436975,0.058823529,-0.712605042
SAD8045_P01_A08,0.1,0.083333333,-0.729166667
SAD8045_P01_E12,0.102564103,0.068376068,-0.478632479
SAD8045_P02_A07,0.068965517,0.068965517,-0.372413793
SAD8045_P02_D05,0.097560976,0.081300813,-0.523577236
SAD8045_P02_H06,0.097560976,0.089430894,-0.521138211
SAD8045_P01_F09,0.075,0.075,-0.4575
SAD8045_P02_C07,0.115702479,0.123966942,-0.62892562
SAD8045_P01_H08,0.107692308,0.069230769,-0.508461538
SAD8040_P02_F01,0.113821138,0.06504065,-0.574796748
SAD8040_P01_G11,0.08,0.088,-0.5264
SAD8040_P01_B11,0.112903226,0.080645161,-0.525806452
SAD8040_P01_F01,0.098360656,0.098360656,-0.53852459
SAD8040_P01_D06,0.106870229,0.076335878,-0.590076336
SAD8040_P01_B06,0.114503817,0.076335878,-0.661832061
SAD8040_P01_H06,0.114503817,0.061068702,-0.686259542
SAD8040_P01_D10,0.096774194,0.080645161,-0.546774194
SAD8040_P01_A09,0.096774194,0.088709677,-0.544354839
SAD8040_P02_E04,0.106870229,0.076335878,-0.601526718
SAD8040_P01_A03,0.088709677,0.072580645,-0.562096774
SAD8040_P01_F07,0.106557377,0.098360656,-0.572131148
SAD8040_P02_H02,0.05511811,0.05511811,-0.322047244
SAD8040_P02_D02,0.074380165,0.049586777,-0.33553719
SAD8040_P02_E01,0.073170732,0.073170732,-0.292682927
SAD8040_P01_F03,0.082644628,0.074380165,-0.43553719
SAD8040_P01_B02,0.079365079,0.095238095,-0.393650794
SAD8040_P01_G05,0.106870229,0.076335878,-0.600763359
SAD8040_P02_H05,0.106870229,0.076335878,-0.600763359
SAD8044_P04_H07,0.076923077,0.061538462,-0.438461538
SAD8044_P02_A06,0.103174603,0.063492063,-0.56984127
SAD8044_P03_G06,0.083333333,0.060606061,-0.497727273
SAD8044_P03_C08,0.096774194,0.088709677,-0.514516129
SAD8044_P01_F03,0.088709677,0.080645161,-0.431451613
SAD8044_P01_B12,0.084615385,0.084615385,-0.518461538
SAD8044_P04_D10,0.082706767,0.090225564,-0.409774436
SAD8044_P01_F07,0.119047619,0.079365079,-0.633333333
SAD8044_P03_B08,0.098484848,0.060606061,-0.562121212
SAD8044_P01_B01,0.067226891,0.050420168,-0.374789916
SAD8044_P01_F09,0.054263566,0.046511628,-0.335658915
SAD8044_P02_B02,0.06779661,0.050847458,-0.368644068
SAD8044_P03_D03,0.081300813,0.081300813,-0.448780488
SAD8044_P04_F08,0.108527132,0.093023256,-0.499224806
SAD8044_P03_A03,0.064516129,0.056451613,-0.35
SAD8044_P01_E09,0.086614173,0.05511811,-0.415748031
SAD8044_P03_B09,0.107438017,0.074380165,-0.433057851
SAD8044_P02_G10,0.103174603,0.087301587,-0.598412698
SAD4605_P09_B04,0.099173554,0.082644628,-0.404958678
SAD4931_P21_C05,0.099173554,0.074380165,-0.589256198
SAD4931_P09_D09,0.090909091,0.066115702,-0.533884298
SAD4931_P21_A05,0.099173554,0.082644628,-0.628099174
SAD4605_P10_C05,0.084033613,0.075630252,-0.436134454
SAD4605_P08_D07,0.089430894,0.097560976,-0.504065041
SAD4931_P16_C05,0.066115702,0.05785124,-0.363636364
SAD4843_P06_D02,0.076271186,0.101694915,-0.419491525
SAD4931_P21_E01,0.101694915,0.110169492,-0.523728814
SAD4605_P15_F04,0.084745763,0.144067797,-0.445762712
SAD4843_P08_A06,0.107692308,0.092307692,-0.686153846
SAD4843_P07_H07,0.072,0.072,-0.4008
SAD4605_P08_E02,0.078125,0.0703125,-0.39765625
SAD4605_P09_H02,0.103174603,0.063492063,-0.358730159
SAD4605_P08_E05,0.095238095,0.063492063,-0.416666667
SAD4605_P08_C05,0.0859375,0.0859375,-0.45625
SAD4605_P08_H07,0.095238095,0.063492063,-0.393650794
SAD4605_P08_B02,0.0859375,0.078125,-0.39296875
SAD4931_P21_F09,0.08,0.08,-0.2432
SAD4843_P07_D07,0.084615385,0.092307692,-0.485384615
SAD4683_P15_A06,0.1,0.069230769,-0.481538462
SAD4843_P06_H11,0.09375,0.0703125,-0.559375
SAD4843_P04_D05,0.081967213,0.090163934,-0.557377049
SAD4931_P11_E12,0.08,0.072,-0.2448
SAD4605_P08_E04,0.111111111,0.071428571,-0.444444444
SAD4931_P17_A03,0.096,0.072,-0.3272
SAD4931_P11_G11,0.09375,0.0859375,-0.4921875
SAD4931_P09_G05,0.096,0.056,-0.4008
SAD4843_P07_D06,0.097560976,0.073170732,-0.502439024
SAD4931_P11_A01,0.108333333,0.066666667,-0.534166667
SAD4605_P15_G08,0.119047619,0.095238095,-0.582539683
SAD4931_P09_F06,0.096,0.064,-0.3136
SAD4605_P16_F06,0.100775194,0.085271318,-0.472868217
SAD4605_P15_G09,0.093023256,0.07751938,-0.49379845
SAD4605_P15_A09,0.1015625,0.078125,-0.37890625
SAD4605_P15_C01,0.078125,0.1015625,-0.3828125
SAD4605_P09_E06,0.05785124,0.082644628,-0.32231405
SAD4605_P15_B02,0.1015625,0.0703125,-0.4359375
SAD4605_P15_F07,0.078125,0.078125,-0.2609375
SAD4605_P08_B01,0.099173554,0.090909091,-0.572727273
SAD4931_P23_G02,0.087301587,0.095238095,-0.647619048
SAD4605_P09_C02,0.103174603,0.087301587,-0.449206349
SAD4605_P08_B08,0.095238095,0.087301587,-0.438888889
SAD4605_P09_B05,0.087301587,0.103174603,-0.488888889
SAD4605_P10_A01,0.095238095,0.087301587,-0.424603175
SAD4683_P15_G06,0.088,0.072,-0.32
SAD4605_P10_G04,0.103174603,0.095238095,-0.556349206
SAD4605_P09_B12,0.095238095,0.095238095,-0.504761905
SAD4605_P09_F12,0.095238095,0.095238095,-0.461111111
SAD4605_P09_F04,0.087301587,0.063492063,-0.454761905
SAD4605_P16_A04,0.095238095,0.087301587,-0.569047619
SAD4843_P06_G03,0.103174603,0.095238095,-0.625396825
SAD4605_P09_E02,0.103174603,0.079365079,-0.563492063
SAD4931_P21_F04,0.134920635,0.087301587,-0.623809524
SAD4683_P15_A03,0.080808081,0.090909091,-0.536363636
SAD4931_P17_G01,0.074380165,0.090909091,-0.267768595
SAD4605_P08_D10,0.09375,0.0859375,-0.46484375
SAD4931_P11_C05,0.124031008,0.07751938,-0.715503876
SAD4605_P16_A07,0.1015625,0.0859375,-0.571875
SAD4605_P16_D06,0.0859375,0.0859375,-0.5
SAD4605_P15_B08,0.0859375,0.09375,-0.52734375
SAD4931_P11_C09,0.081300813,0.073170732,-0.528455285
SAD4843_P06_G06,0.10483871,0.072580645,-0.485483871
SAD4931_P21_C12,0.080645161,0.080645161,-0.362903226
SAD4605_P15_F12,0.090163934,0.06557377,-0.285245902
SAD4931_P11_H01,0.097560976,0.06504065,-0.378861789
SAD4931_P11_B06,0.097560976,0.081300813,-0.406504065
SAD4605_P10_B03,0.104,0.088,-0.656
SAD4843_P04_E11,0.087591241,0.080291971,-0.405839416
SAD4843_P04_F02,0.08,0.12,-0.4112
SAD4605_P16_F07,0.080645161,0.072580645,-0.399193548
SAD4605_P16_F08,0.081300813,0.073170732,-0.470731707
SAD4843_P04_A10,0.097560976,0.105691057,-0.532520325
SAD4843_P04_A03,0.095238095,0.119047619,-0.580952381
SAD4931_P17_A04,0.1,0.083333333,-0.4325
SAD4605_P15_G11,0.114754098,0.081967213,-0.559016393
SAD4843_P07_B09,0.098360656,0.090163934,-0.432786885
SAD4843_P06_A02,0.105691057,0.097560976,-0.56504065
SAD4605_P15_B12,0.112903226,0.096774194,-0.541129032
SAD4931_P21_H10,0.083969466,0.091603053,-0.454198473
SAD4683_P15_H09,0.088709677,0.088709677,-0.355645161
SAD4843_P06_B08,0.100775194,0.062015504,-0.424031008
SAD4843_P06_F10,0.107692308,0.084615385,-0.496923077
SAD4605_P16_G03,0.098360656,0.098360656,-0.444262295
SAD4605_P09_E09,0.096,0.08,-0.5536
SAD4931_P16_C04,0.075,0.091666667,-0.410833333
SAD4683_P15_A10,0.090163934,0.098360656,-0.404918033
SAD4843_P07_B06,0.090163934,0.090163934,-0.373770492
SAD4931_P21_B03,0.0859375,0.0703125,-0.48203125
SAD4931_P17_C05,0.071428571,0.055555556,-0.276190476
SAD4931_P16_E01,0.070866142,0.070866142,-0.480314961
SAD4605_P15_F10,0.081300813,0.048780488,-0.449593496
SAD4605_P09_C07,0.081967213,0.06557377,-0.423770492
SAD4605_P08_D09,0.106557377,0.081967213,-0.574590164
SAD4605_P15_G04,0.081967213,0.06557377,-0.360655738
SAD4605_P09_C11,0.098360656,0.06557377,-0.431967213
SAD4931_P16_E06,0.070866142,0.05511811,-0.239370079
SAD4931_P20_E02,0.06504065,0.06504065,-0.388617886
SAD4931_P07_C09,0.06504065,0.06504065,-0.388617886
SAD4931_P09_H11,0.082706767,0.082706767,-0.368421053
SAD4931_P17_D04,0.088,0.072,-0.3544
SAD4931_P09_A11,0.066115702,0.074380165,-0.370247934
SAD4605_P09_A01,0.109243697,0.092436975,-0.697478992
SAD4843_P07_G09,0.110169492,0.076271186,-0.550847458
SAD4931_P17_G04,0.084033613,0.075630252,-0.444537815
SAD4605_P16_B01,0.088709677,0.072580645,-0.331451613
SAD4931_P21_A07,0.084033613,0.058823529,-0.4
SAD4931_P11_E05,0.078125,0.078125,-0.45
SAD4931_P11_C04,0.078125,0.078125,-0.45
SAD4931_P11_E09,0.074380165,0.066115702,-0.461157025
SAD4843_P07_E03,0.110169492,0.076271186,-0.529661017
SAD4605_P09_D12,0.084745763,0.06779661,-0.499152542
SAD4843_P04_A09,0.109243697,0.084033613,-0.58907563
SAD4843_P06_B10,0.108333333,0.066666667,-0.469166667
SAD4605_P10_E02,0.081300813,0.06504065,-0.400813008
SAD4843_P04_D02,0.081967213,0.098360656,-0.51557377
SAD4605_P09_H04,0.095238095,0.087301587,-0.48015873
SAD4931_P11_D07,0.108333333,0.066666667,-0.651666667
SAD4931_P21_F10,0.081300813,0.073170732,-0.335772358
SAD4843_P04_A07,0.112,0.072,-0.6032
SAD4605_P09_G01,0.111111111,0.079365079,-0.484126984
SAD4605_P08_G04,0.095652174,0.086956522,-0.58
SAD4605_P16_A06,0.091603053,0.076335878,-0.614503817
SAD4605_P16_C05,0.12295082,0.06557377,-0.567213115
SAD4843_P07_D08,0.112,0.064,-0.4432
SAD4605_P08_D06,0.116666667,0.075,-0.536666667
SAD4843_P04_D01,0.107692308,0.076923077,-0.503846154
SAD4843_P04_H09,0.095238095,0.079365079,-0.531746032
SAD6302_P03_A02,0.07751938,0.085271318,-0.486046512
SAD6304_P04_E05,0.08,0.056,-0.4512
SAD6304_P04_C04,0.112903226,0.080645161,-0.687096774
SAD6304_P05_E02,0.094488189,0.094488189,-0.577165354
SAD6304_P04_B09,0.111111111,0.079365079,-0.713492063
SAD6304_P04_H09,0.105691057,0.089430894,-0.604878049
SAD6304_P04_G10,0.105691057,0.081300813,-0.607317073
SAD6303_P03_C10,0.106557377,0.081967213,-0.717213115
SAD6304_P04_H11,0.086614173,0.086614173,-0.517322835
SAD6304_P05_E01,0.106557377,0.081967213,-0.609836066
SAD6303_P04_F03,0.118644068,0.059322034,-0.65
SAD6303_P03_G11,0.074626866,0.067164179,-0.373880597
SAD6302_P03_C03,0.088,0.072,-0.4824
SAD6302_P04_D01,0.088,0.088,-0.5016
SAD6304_P03_G01,0.068376068,0.085470085,-0.362393162
SAD6302_P02_H01,0.106557377,0.12295082,-0.486885246
SAD6302_P02_H06,0.103174603,0.087301587,-0.516666667
SAD6302_P02_A03,0.103174603,0.087301587,-0.501587302
SAD6302_P02_G06,0.103174603,0.087301587,-0.501587302
SAD6303_P03_H05,0.118644068,0.084745763,-0.600847458
SAD6302_P04_G09,0.094488189,0.094488189,-0.574015748
SAD6303_P04_G02,0.088709677,0.096774194,-0.467741935
SAD6303_P02_G12,0.079365079,0.111111111,-0.447619048
SAD6303_P03_H07,0.107438017,0.107438017,-0.702479339
SAD6302_P03_E01,0.087301587,0.063492063,-0.347619048
SAD6303_P04_B08,0.083333333,0.066666667,-0.373333333
SAD6302_P04_F07,0.1015625,0.0703125,-0.47734375
SAD6304_P04_H12,0.104,0.072,-0.5248
SAD6304_P04_C07,0.099173554,0.074380165,-0.443801653
SAD6303_P03_B08,0.111111111,0.076923077,-0.627350427
SAD6303_P03_H03,0.105691057,0.06504065,-0.519512195
SAD6303_P03_D04,0.097560976,0.06504065,-0.455284553
SAD6303_P03_E04,0.097560976,0.06504065,-0.513821138
SAD6304_P03_A04,0.107438017,0.099173554,-0.571900826
SAD6304_P02_A12,0.075630252,0.075630252,-0.509243697
SAD6304_P02_D09,0.106557377,0.131147541,-0.732786885
SAD6303_P03_F02,0.094827586,0.094827586,-0.615517241
SAD6303_P04_G08,0.094827586,0.103448276,-0.612931034
SAD6302_P04_H06,0.112903226,0.072580645,-0.588709677
SAD6304_P03_E12,0.078740157,0.047244094,-0.382677165
SAD6303_P03_A05,0.088,0.064,-0.4208
SAD6302_P04_A09,0.056451613,0.064516129,-0.276612903
SAD6302_P04_H09,0.056451613,0.064516129,-0.284677419
SAD6303_P04_A08,0.088,0.064,-0.4208
SAD6304_P04_E11,0.08,0.072,-0.5816
SAD6302_P03_H04,0.093023256,0.069767442,-0.457364341
SAD6302_P02_B11,0.071428571,0.071428571,-0.356349206
SAD6302_P02_F09,0.087301587,0.063492063,-0.396825397
SAD6303_P03_A03,0.080645161,0.064516129,-0.437096774
SAD6303_P04_D04,0.082644628,0.066115702,-0.407438017
SAD6303_P04_G04,0.072580645,0.056451613,-0.461290323
SAD6304_P03_B08,0.088,0.064,-0.4208
SAD6304_P03_G04,0.07751938,0.046511628,-0.339534884
SAD6304_P03_A11,0.090909091,0.082644628,-0.502479339
SAD6304_P04_C02,0.083333333,0.075,-0.524166667
SAD6302_P04_A02,0.08,0.072,-0.4576
SAD6302_P03_A12,0.095238095,0.063492063,-0.322222222
SAD6304_P03_H09,0.073770492,0.057377049,-0.272131148
SAD6304_P03_F10,0.086614173,0.062992126,-0.566141732
SAD6304_P04_C09,0.087301587,0.079365079,-0.446825397
SAD6302_P03_A01,0.14516129,0.080645161,-0.697580645
SAD6304_P04_D06,0.117647059,0.084033613,-0.497478992
SAD6304_P05_G03,0.087301587,0.063492063,-0.448412698
SAD6303_P02_F12,0.107438017,0.082644628,-0.619834711
SAD6304_P04_F09,0.12295082,0.081967213,-0.744262295
SAD6304_P02_C12,0.112903226,0.072580645,-0.60483871
SAD6303_P03_H02,0.107438017,0.074380165,-0.550413223
SAD6302_P04_G01,0.09375,0.0625,-0.50703125
SAD6303_P03_B09,0.080645161,0.064516129,-0.488709677
SAD6303_P03_D12,0.092436975,0.109243697,-0.46302521
SAD6303_P04_B02,0.0546875,0.0703125,-0.23828125
SAD6304_P04_A06,0.068965517,0.068965517,-0.53362069
SAD6302_P03_F07,0.123966942,0.099173554,-0.631404959
ADI-14447,0.082644628,0.066115702,-0.382644628
ADI-14460,0.079365079,0.071428571,-0.473015873
ADI-14487,0.098360656,0.06557377,-0.449180328
ADI-14485,0.111111111,0.111111111,-0.602380952
ADI-14483,0.099173554,0.05785124,-0.466942149
ADI-14501,0.090909091,0.074380165,-0.369421488
ADI-14499,0.071428571,0.071428571,-0.36031746
ADI-14506,0.103174603,0.071428571,-0.444444444
ADI-14532,0.09375,0.09375,-0.50234375
ADI-14516,0.081967213,0.06557377,-0.516393443
ADI-14544,0.082644628,0.066115702,-0.31322314
ADI-14562,0.081300813,0.081300813,-0.276422764
ADI-15576,0.102362205,0.05511811,-0.439370079
ADI-15603,0.097560976,0.089430894,-0.504878049
ADI-15610,0.088709677,0.072580645,-0.500806452
ADI-15621,0.080645161,0.088709677,-0.491935484
ADI-15628,0.088709677,0.080645161,-0.411290323
ADI-15631,0.111111111,0.079365079,-0.521428571
ADI-15636,0.090163934,0.090163934,-0.435245902
ADI-15638,0.108333333,0.075,-0.563333333
ADI-15641,0.102564103,0.085470085,-0.523931624
ADI-15652,0.088709677,0.096774194,-0.428225806
ADI-15665,0.103174603,0.071428571,-0.558730159
ADI-15565,0.076923077,0.068376068,-0.479487179
ADI-15571,0.094017094,0.068376068,-0.392307692
ADI-15569,0.082644628,0.082644628,-0.466942149
ADI-15573,0.1,0.058333333,-0.624166667
ADI-18959,0.110169492,0.118644068,-0.521186441
ADI-18880,0.090909091,0.066115702,-0.473553719
ADI-18883,0.081967213,0.06557377,-0.412295082
ADI-18900,0.081967213,0.114754098,-0.553278689
ADI-18889,0.087301587,0.047619048,-0.512698413
ADI-18904,0.090909091,0.082644628,-0.468595041
ADI-18920,0.111111111,0.134920635,-0.687301587
ADI-18939,0.071428571,0.055555556,-0.411904762
ADI-18948,0.098360656,0.090163934,-0.520491803
ADI-15736,0.094488189,0.078740157,-0.348818898
ADI-15753,0.072580645,0.080645161,-0.37016129
ADI-15735,0.11627907,0.108527132,-0.480620155
ADI-15759,0.097560976,0.06504065,-0.52601626
ADI-15760,0.096774194,0.072580645,-0.592741935
ADI-15763,0.087301587,0.063492063,-0.55
ADI-15769,0.07751938,0.07751938,-0.441860465
ADI-15778,0.075,0.091666667,-0.434166667
ADI-15803,0.087301587,0.087301587,-0.501587302
ADI-15814,0.110169492,0.06779661,-0.572881356
ADI-15958,0.075630252,0.050420168,-0.28487395
ADI-15960,0.096,0.088,-0.5488
ADI-15962,0.099173554,0.082644628,-0.526446281
ADI-15964,0.103174603,0.095238095,-0.477777778
ADI-16001,0.096,0.088,-0.4736
ADI-15830,0.107692308,0.092307692,-0.513846154
ADI-15835,0.118110236,0.078740157,-0.67007874
ADI-15900,0.092307692,0.069230769,-0.355384615
ADI-15903,0.086614173,0.094488189,-0.553543307
ADI-16030,0.102362205,0.070866142,-0.533070866
ADI-16042,0.100775194,0.085271318,-0.441860465
ADI-16059,0.082644628,0.082644628,-0.440495868
ADI-24273,0.090909091,0.066115702,-0.550413223
ADI-24292,0.107692308,0.076923077,-0.642307692
ADI-24264,0.088709677,0.072580645,-0.490322581
ADI-24361,0.094488189,0.086614173,-0.536220472
ADI-24348,0.083333333,0.075,-0.46
ADI-24336,0.101694915,0.06779661,-0.515254237
ADI-24306,0.074380165,0.074380165,-0.326446281
ADI-24376,0.106557377,0.090163934,-0.647540984
ADI-24360,0.106557377,0.081967213,-0.649180328
ADI-24326,0.078740157,0.078740157,-0.461417323
ADI-24346,0.104347826,0.113043478,-0.580869565
ADI-45471,0.09375,0.0859375,-0.58046875
ADI-45479,0.080645161,0.072580645,-0.425
ADI-47104,0.120967742,0.088709677,-0.566935484
ADI-45460,0.098360656,0.090163934,-0.573770492
ADI-46698,0.075,0.075,-0.29
ADI-45388,0.090163934,0.06557377,-0.495901639
ADI-45455,0.089430894,0.097560976,-0.610569106
ADI-46694,0.112903226,0.096774194,-0.662903226
ADI-45466,0.075,0.041666667,-0.359166667
ADI-45458,0.083333333,0.075,-0.449166667
ADI-46682,0.103448276,0.077586207,-0.464655172
ADI-45442,0.081967213,0.06557377,-0.403278689
ADI-46675,0.089430894,0.056910569,-0.415447154
ADI-46679,0.090909091,0.082644628,-0.433057851
ADI-45371,0.084033613,0.058823529,-0.534453782
ADI-14457,0.095238095,0.071428571,-0.547619048
ADI-14442,0.090909091,0.074380165,-0.490909091
ADI-14450,0.1015625,0.0703125,-0.54921875
ADI-14441,0.074380165,0.082644628,-0.344628099
ADI-14463,0.099173554,0.090909091,-0.417355372
ADI-14464,0.112903226,0.088709677,-0.474193548
ADI-14459,0.109375,0.078125,-0.56328125
ADI-14462,0.106557377,0.090163934,-0.61147541
ADI-14484,0.095238095,0.071428571,-0.547619048
ADI-14473,0.100840336,0.084033613,-0.518487395
ADI-14505,0.103174603,0.079365079,-0.516666667
ADI-14500,0.0859375,0.0859375,-0.4921875
ADI-14509,0.084033613,0.075630252,-0.439495798
ADI-14504,0.090163934,0.06557377,-0.518852459
ADI-14478,0.097560976,0.097560976,-0.614634146
ADI-14518,0.091666667,0.083333333,-0.4525
ADI-14524,0.098360656,0.090163934,-0.576229508
ADI-14545,0.123076923,0.084615385,-0.563076923
ADI-14550,0.112903226,0.072580645,-0.561290323
ADI-15590,0.099173554,0.090909091,-0.543801653
ADI-15591,0.10483871,0.096774194,-0.525
ADI-15615,0.10483871,0.080645161,-0.537903226
ADI-15619,0.094017094,0.085470085,-0.644444444
ADI-15622,0.07751938,0.07751938,-0.341085271
ADI-15629,0.087301587,0.103174603,-0.537301587
ADI-15653,0.091666667,0.066666667,-0.513333333
ADI-15555,0.113821138,0.089430894,-0.602439024
ADI-18897,0.1015625,0.1015625,-0.4671875
ADI-18876,0.0625,0.0625,-0.3640625
ADI-18893,0.083333333,0.083333333,-0.48
ADI-18877,0.090909091,0.066115702,-0.533884298
ADI-18925,0.090909091,0.074380165,-0.351239669
ADI-18921,0.093220339,0.110169492,-0.505084746
ADI-18910,0.08,0.08,-0.3336
ADI-18912,0.098360656,0.081967213,-0.554918033
ADI-18931,0.124031008,0.093023256,-0.562015504
ADI-18935,0.078740157,0.05511811,-0.442519685
ADI-18949,0.107438017,0.074380165,-0.654545455
ADI-18952,0.089430894,0.081300813,-0.505691057
ADI-19004,0.090909091,0.082644628,-0.540495868
ADI-19017,0.066115702,0.05785124,-0.357024793
ADI-19005,0.066115702,0.05785124,-0.359504132
ADI-19010,0.080645161,0.080645161,-0.492741935
ADI-18992,0.107692308,0.076923077,-0.529230769
ADI-18966,0.10483871,0.064516129,-0.539516129
ADI-18968,0.070866142,0.078740157,-0.401574803
ADI-18998,0.081300813,0.06504065,-0.269918699
ADI-19001,0.128,0.104,-0.7512
ADI-15744,0.111111111,0.079365079,-0.626984127
ADI-15750,0.109375,0.078125,-0.5734375
ADI-15967,0.09375,0.0625,-0.56328125
ADI-15986,0.098360656,0.090163934,-0.589344262
ADI-15936,0.089430894,0.073170732,-0.454471545
ADI-15942,0.093023256,0.07751938,-0.441860465
ADI-15947,0.12195122,0.048780488,-0.62601626
ADI-15828,0.0859375,0.078125,-0.3671875
ADI-15850,0.072580645,0.056451613,-0.262096774
ADI-15853,0.073170732,0.06504065,-0.374796748
ADI-15861,0.107438017,0.049586777,-0.47768595
ADI-15898,0.100775194,0.100775194,-0.498449612
ADI-16044,0.1015625,0.0625,-0.3671875
ADI-16040,0.0703125,0.0625,-0.31953125
ADI-16041,0.078125,0.046875,-0.22421875
ADI-16049,0.079365079,0.063492063,-0.325396825
ADI-16058,0.104,0.08,-0.5872
ADI-24235,0.087301587,0.079365079,-0.435714286
ADI-24230,0.128,0.096,-0.6144
ADI-24215,0.0859375,0.078125,-0.29140625
ADI-24199,0.091666667,0.066666667,-0.578333333
ADI-24210,0.098360656,0.081967213,-0.577868852
ADI-24205,0.102564103,0.085470085,-0.563247863
ADI-24192,0.098360656,0.098360656,-0.609836066
ADI-24207,0.092436975,0.075630252,-0.495798319
ADI-24267,0.103448276,0.103448276,-0.594827586
ADI-24274,0.125,0.09375,-0.675
ADI-24308,0.095238095,0.095238095,-0.553968254
ADI-24333,0.095238095,0.047619048,-0.429365079
ADI-24332,0.06557377,0.081967213,-0.397540984
ADI-24355,0.079365079,0.111111111,-0.433333333
ADI-24375,0.107438017,0.099173554,-0.614876033
ADI-37123,0.12605042,0.067226891,-0.576470588
ADI-54491,0.094488189,0.070866142,-0.453543307
ADI-45400,0.1015625,0.0859375,-0.53125
ADI-45365,0.093023256,0.093023256,-0.505426357
ADI-45366,0.068965517,0.060344828,-0.352586207
ADI-45476,0.075,0.075,-0.325
ADI-45407,0.08,0.064,-0.3824
ADI-45411,0.102564103,0.068376068,-0.578632479
ADI-45461,0.125984252,0.094488189,-0.684251969
ADI-45459,0.101694915,0.084745763,-0.562711864
ADI-45469,0.072,0.064,-0.3976
ADI-54492,0.114754098,0.090163934,-0.495081967
ADI-54493,0.096,0.088,-0.4816
ADI-38499,0.076271186,0.06779661,-0.549152542
ADI-45384,0.0859375,0.0703125,-0.3640625
ADI-45463,0.091666667,0.083333333,-0.385833333
ADI-47313,0.066666667,0.041666667,-0.274166667
ADI-45369,0.089430894,0.06504065,-0.41300813
ADI-46676,0.081300813,0.081300813,-0.435772358
ADI-45376,0.0859375,0.078125,-0.53828125
ADI-45439,0.123966942,0.082644628,-0.652892562
ADI-14449,0.09375,0.109375,-0.49453125
ADI-14486,0.0703125,0.0390625,-0.30703125
ADI-14489,0.099173554,0.074380165,-0.544628099
ADI-14514,0.092436975,0.075630252,-0.520168067
ADI-14512,0.126984127,0.111111111,-0.598412698
ADI-14547,0.091666667,0.091666667,-0.395
ADI-15581,0.068965517,0.060344828,-0.33362069
ADI-15588,0.096774194,0.096774194,-0.658064516
ADI-15596,0.105691057,0.089430894,-0.547154472
ADI-15620,0.105691057,0.073170732,-0.650406504
ADI-15651,0.105691057,0.113821138,-0.654471545
ADI-15661,0.123966942,0.082644628,-0.549586777
ADI-15559,0.072,0.064,-0.3528
ADI-15563,0.111111111,0.095238095,-0.542063492
ADI-18958,0.106557377,0.090163934,-0.681967213
ADI-18895,0.112068966,0.060344828,-0.474137931
ADI-18901,0.099173554,0.090909091,-0.431404959
ADI-18882,0.08,0.072,-0.28
ADI-18891,0.08,0.072,-0.256
ADI-18929,0.1015625,0.078125,-0.44453125
ADI-18927,0.090909091,0.074380165,-0.478512397
ADI-18944,0.107438017,0.074380165,-0.670247934
ADI-18953,0.072,0.072,-0.2248
ADI-18985,0.074380165,0.05785124,-0.29338843
ADI-18972,0.107438017,0.074380165,-0.645454545
ADI-18981,0.073170732,0.06504065,-0.491869919
ADI-18971,0.089430894,0.105691057,-0.456910569
ADI-18996,0.099173554,0.074380165,-0.43553719
ADI-15739,0.094488189,0.078740157,-0.488188976
ADI-15740,0.076335878,0.076335878,-0.335877863
ADI-15969,0.090163934,0.081967213,-0.51147541
ADI-15955,0.09375,0.078125,-0.4453125
ADI-15923,0.071428571,0.079365079,-0.38968254
ADI-15934,0.098360656,0.081967213,-0.431147541
ADI-15930,0.102362205,0.094488189,-0.529133858
ADI-15928,0.095238095,0.055555556,-0.524603175
ADI-16016,0.09375,0.09375,-0.515625
ADI-15827,0.087301587,0.103174603,-0.469047619
ADI-16000,0.080645161,0.080645161,-0.482258065
ADI-15882,0.080645161,0.096774194,-0.479032258
ADI-15881,0.081300813,0.06504065,-0.354471545
ADI-15910,0.087301587,0.095238095,-0.45
ADI-16032,0.096,0.088,-0.4688
ADI-16019,0.094017094,0.068376068,-0.475213675
ADI-16038,0.071428571,0.047619048,-0.338888889
ADI-24224,0.088,0.064,-0.3472
ADI-24247,0.080645161,0.072580645,-0.45
ADI-24195,0.095238095,0.071428571,-0.607142857
ADI-24250,0.087301587,0.087301587,-0.398412698
ADI-24214,0.086206897,0.077586207,-0.38362069
ADI-24245,0.080645161,0.056451613,-0.366129032
ADI-24196,0.125984252,0.062992126,-0.587401575
ADI-24201,0.080645161,0.064516129,-0.395967742
ADI-24261,0.1,0.083333333,-0.364166667
ADI-24324,0.093220339,0.076271186,-0.533898305
ADI-24317,0.103448276,0.077586207,-0.476724138
ADI-24307,0.107438017,0.099173554,-0.604132231
ADI-24364,0.079365079,0.103174603,-0.426190476
ADI-24356,0.077586207,0.068965517,-0.463793103
ADI-37122,0.106557377,0.090163934,-0.487704918
ADI-45362,0.1,0.076923077,-0.555384615
ADI-46672,0.112903226,0.088709677,-0.607258065
ADI-54494,0.088709677,0.080645161,-0.430645161
ADI-47130,0.079365079,0.103174603,-0.56031746
ADI-47218,0.097560976,0.081300813,-0.508943089
ADI-45470,0.075,0.066666667,-0.389166667
ADI-45396,0.080645161,0.072580645,-0.366129032
ADI-47318,0.088709677,0.064516129,-0.459677419
ADI-47086,0.102564103,0.076923077,-0.45042735
ADI-45453,0.083333333,0.1,-0.361666667
ADI-45395,0.081967213,0.049180328,-0.386885246
ADI-47116,0.075630252,0.075630252,-0.35210084
ADI-46696,0.072580645,0.048387097,-0.298387097
ADI-45451,0.079365079,0.103174603,-0.511904762
ADI-45375,0.103174603,0.095238095,-0.606349206
ADI-45444,0.084033613,0.067226891,-0.402521008
ADI-47270,0.088,0.064,-0.4864
ADI-54495,0.103174603,0.079365079,-0.513492063
ADI-45373,0.081967213,0.06557377,-0.46557377
ADI-45443,0.103174603,0.079365079,-0.581746032
ADI-47151,0.106557377,0.090163934,-0.541803279
ADI-15970,0.073770492,0.073770492,-0.398360656
ADI-24283,0.123076923,0.061538462,-0.631538462
ADI-45482,0.084745763,0.084745763,-0.486440678
ADI-24338,0.084745763,0.06779661,-0.493220339
ADI-15737,0.112,0.08,-0.4664
ADI-24241,0.113821138,0.089430894,-0.495121951
ADI-15592,0.113821138,0.089430894,-0.599186992
ADI-24204,0.112903226,0.088709677,-0.687096774
ADI-15932,0.072,0.088,-0.468
ADI-24327,0.082644628,0.066115702,-0.472727273
ADI-15884,0.088,0.072,-0.428
ADI-15997,0.1,0.1,-0.506923077
ADI-15810,0.115702479,0.066115702,-0.716528926
ADI-14563,0.08,0.088,-0.5184
ADI-45416,0.105691057,0.06504065,-0.552845528
ADI-15865,0.081967213,0.057377049,-0.317213115
ADI-16053,0.072580645,0.096774194,-0.511290323
ADI-24240,0.113821138,0.081300813,-0.502439024
ADI-15867,0.07751938,0.062015504,-0.462015504
ADI-15667,0.079365079,0.087301587,-0.437301587
ADI-45417,0.083333333,0.058333333,-0.443333333
ADI-15858,0.088709677,0.088709677,-0.535483871
ADI-45418,0.101694915,0.084745763,-0.503389831
ADI-15889,0.11023622,0.070866142,-0.581102362
ADI-16060,0.063492063,0.063492063,-0.233333333
ADI-15906,0.088,0.064,-0.5128
ADI-16052,0.12173913,0.086956522,-0.526956522
ADI-18965,0.116666667,0.091666667,-0.6425
ADI-15909,0.081300813,0.089430894,-0.719512195
ADI-24226,0.079365079,0.071428571,-0.342063492
ADI-45423,0.076923077,0.069230769,-0.388461538
ADI-24325,0.090163934,0.081967213,-0.53442623
ADI-24266,0.097560976,0.105691057,-0.46504065
ADI-24213,0.096774194,0.072580645,-0.416935484
ADI-18957,0.088,0.088,-0.3784
ADI-15817,0.083969466,0.061068702,-0.472519084
ADI-14546,0.107692308,0.069230769,-0.545384615
ADI-45490,0.10483871,0.064516129,-0.509677419
ADI-15731,0.109375,0.0859375,-0.61484375
ADI-15971,0.113821138,0.105691057,-0.532520325
ADI-18978,0.115702479,0.082644628,-0.691735537
ADI-15985,0.118110236,0.05511811,-0.47480315
ADI-45424,0.102564103,0.102564103,-0.566666667
ADI-15832,0.102362205,0.070866142,-0.48976378
ADI-15816,0.103448276,0.086206897,-0.547413793
ADI-24334,0.1,0.061538462,-0.596153846
ADI-45425,0.103174603,0.071428571,-0.585714286
ADI-16034,0.102362205,0.05511811,-0.461417323
ADI-15801,0.07751938,0.054263566,-0.413178295
ADI-24231,0.09375,0.0625,-0.47890625
ADI-15734,0.105691057,0.048780488,-0.491869919
ADI-24233,0.113821138,0.089430894,-0.506504065
ADI-24242,0.113821138,0.089430894,-0.504878049
ADI-15983,0.108527132,0.07751938,-0.527131783
ADI-18969,0.098360656,0.06557377,-0.541803279
ADI-24209,0.102362205,0.086614173,-0.51023622
ADI-15635,0.084033613,0.067226891,-0.326890756
ADI-15648,0.084033613,0.067226891,-0.32605042
ADI-15597,0.10483871,0.064516129,-0.542741935
ADI-15614,0.084033613,0.067226891,-0.326890756
ADI-45427,0.093023256,0.085271318,-0.493023256
ADI-15748,0.093023256,0.100775194,-0.546511628
ADI-15786,0.083333333,0.05,-0.4225
ADI-15623,0.084033613,0.067226891,-0.311764706
ADI-15974,0.097560976,0.06504065,-0.484552846
ADI-15999,0.086956522,0.069565217,-0.502608696
ADI-15589,0.084745763,0.050847458,-0.348305085
ADI-45495,0.076271186,0.042372881,-0.328813559
ADI-24262,0.120967742,0.072580645,-0.667741935
ADI-15963,0.089430894,0.048780488,-0.344715447
ADI-18950,0.068965517,0.060344828,-0.323275862
ADI-45430,0.082644628,0.066115702,-0.348760331
ADI-47311,0.102564103,0.042735043,-0.588888889
ADI-16048,0.088,0.064,-0.5392
ADI-45432,0.068181818,0.090909091,-0.377272727
ADI-15975,0.097560976,0.06504065,-0.425203252
ADI-15981,0.069767442,0.07751938,-0.372093023
ADI-15848,0.10483871,0.072580645,-0.604032258
ADI-45434,0.090909091,0.05785124,-0.404958678
ADI-15995,0.124031008,0.069767442,-0.627131783
ADI-24345,0.075,0.05,-0.485833333
ADI-24357,0.117647059,0.084033613,-0.768067227
ADI-15826,0.078740157,0.070866142,-0.559055118
ADI-24342,0.107142857,0.080357143,-0.525892857
ADI-15989,0.111111111,0.063492063,-0.542857143
ADI-15976,0.073770492,0.057377049,-0.322131148
ADI-45498,0.103174603,0.063492063,-0.501587302
ADI-15946,0.106870229,0.106870229,-0.552671756
ADI-15757,0.100775194,0.069767442,-0.63255814
ADI-18986,0.090163934,0.081967213,-0.495901639
ADI-15901,0.081967213,0.049180328,-0.419672131
ADI-18894,0.098360656,0.057377049,-0.525409836
