Wavelength,A1,A2,A3,A4,A5,A6,A7,A8,A9,A10,A11,A12,B1,B2,B3,B4,B5,B6,B7,B8,B9,B10,B11,B12,C1,C2,C3,C4,C5,C6,C7,C8,C9,C10,C11,C12,D1,D2,D3,D4,D5,D6,D7,D8,D9,D10,D11,D12,E1,E2,E3,E4,E5,E6,E7,E8,E9,E10,E11,E12,F1,F2,F3,F4,F5,F6,F7,F8,F9,F10,F11,G1,G2,G3,G4,G5,G6
450,0.271,0.297,0.301,0.366,0.347,0.316,0.27,0.298,0.31,0.281,0.3,0.286,0.322,0.311,0.337,0.371,0.387,0.31,0.271,0.321,0.32,0.386,0.34,0.374,0.259,0.294,0.291,0.247,0.236,0.243,0.269,0.293,0.287,0.326,0.314,0.303,0.266,0.27,0.263,0.289,0.298,0.336,0.283,0.272,0.303,0.326,0.295,0.316,0.287,0.346,0.295,0.317,0.318,0.279,0.233,0.279,0.279,0.261,0.274,0.315,0.283,0.287,0.28,0.288,0.272,0.263,0.29,0.296,0.334,0.355,0.324,0.323,0.283,0.281,0.238,0.252,0.242
451,0.271,0.296,0.301,0.366,0.348,0.316,0.269,0.298,0.309,0.281,0.299,0.286,0.322,0.311,0.337,0.371,0.387,0.311,0.271,0.32,0.32,0.386,0.341,0.374,0.259,0.294,0.291,0.247,0.236,0.243,0.268,0.293,0.287,0.326,0.315,0.303,0.266,0.27,0.263,0.289,0.298,0.337,0.283,0.272,0.303,0.326,0.295,0.316,0.287,0.346,0.295,0.317,0.317,0.279,0.233,0.279,0.279,0.261,0.274,0.315,0.283,0.287,0.28,0.289,0.272,0.263,0.29,0.296,0.334,0.355,0.324,0.324,0.283,0.282,0.238,0.252,0.242
452,0.271,0.296,0.301,0.366,0.348,0.316,0.269,0.298,0.309,0.281,0.299,0.286,0.322,0.311,0.337,0.371,0.387,0.311,0.271,0.32,0.321,0.386,0.341,0.374,0.259,0.294,0.291,0.247,0.236,0.243,0.269,0.293,0.287,0.326,0.315,0.303,0.266,0.27,0.263,0.289,0.298,0.337,0.283,0.272,0.303,0.326,0.295,0.316,0.287,0.346,0.295,0.317,0.317,0.279,0.233,0.279,0.279,0.261,0.274,0.315,0.283,0.287,0.28,0.289,0.272,0.263,0.29,0.296,0.334,0.356,0.324,0.324,0.283,0.282,0.238,0.252,0.242
453,0.271,0.296,0.301,0.367,0.348,0.317,0.27,0.298,0.309,0.281,0.299,0.286,0.322,0.312,0.338,0.371,0.388,0.311,0.271,0.32,0.321,0.386,0.341,0.374,0.26,0.294,0.292,0.247,0.236,0.243,0.269,0.293,0.288,0.326,0.315,0.303,0.267,0.27,0.264,0.289,0.298,0.337,0.284,0.272,0.303,0.327,0.295,0.316,0.287,0.346,0.295,0.317,0.318,0.279,0.233,0.28,0.279,0.261,0.274,0.315,0.283,0.287,0.28,0.289,0.272,0.263,0.29,0.296,0.334,0.355,0.324,0.324,0.283,0.282,0.238,0.252,0.242
454,0.271,0.296,0.301,0.367,0.348,0.317,0.27,0.298,0.309,0.281,0.3,0.286,0.322,0.312,0.338,0.372,0.388,0.311,0.271,0.32,0.321,0.386,0.341,0.374,0.26,0.294,0.292,0.247,0.236,0.243,0.269,0.293,0.288,0.327,0.316,0.303,0.267,0.27,0.264,0.289,0.298,0.337,0.284,0.272,0.303,0.327,0.296,0.316,0.288,0.346,0.295,0.318,0.318,0.28,0.233,0.28,0.279,0.261,0.275,0.315,0.284,0.287,0.281,0.289,0.273,0.263,0.29,0.297,0.335,0.356,0.324,0.324,0.283,0.282,0.238,0.252,0.242
455,0.271,0.296,0.301,0.367,0.349,0.317,0.27,0.299,0.309,0.281,0.3,0.286,0.322,0.312,0.338,0.372,0.388,0.311,0.271,0.321,0.321,0.387,0.341,0.375,0.26,0.294,0.292,0.246,0.236,0.243,0.269,0.293,0.288,0.327,0.316,0.304,0.267,0.271,0.264,0.289,0.298,0.337,0.284,0.273,0.303,0.327,0.296,0.317,0.288,0.347,0.296,0.318,0.318,0.28,0.233,0.28,0.28,0.261,0.275,0.315,0.284,0.287,0.281,0.289,0.273,0.263,0.29,0.297,0.335,0.356,0.324,0.324,0.283,0.282,0.239,0.252,0.243
456,0.271,0.296,0.301,0.367,0.349,0.317,0.27,0.299,0.309,0.281,0.3,0.286,0.323,0.312,0.338,0.372,0.388,0.311,0.271,0.321,0.321,0.387,0.342,0.375,0.26,0.295,0.292,0.246,0.236,0.243,0.269,0.293,0.288,0.327,0.316,0.304,0.267,0.271,0.264,0.289,0.299,0.337,0.284,0.273,0.304,0.327,0.296,0.317,0.288,0.347,0.296,0.318,0.318,0.28,0.234,0.28,0.28,0.261,0.275,0.315,0.284,0.287,0.281,0.289,0.273,0.263,0.29,0.297,0.335,0.356,0.324,0.324,0.283,0.282,0.239,0.252,0.243
457,0.271,0.296,0.301,0.368,0.349,0.317,0.27,0.299,0.31,0.281,0.3,0.286,0.323,0.312,0.338,0.372,0.389,0.312,0.272,0.321,0.322,0.387,0.342,0.375,0.261,0.295,0.292,0.247,0.236,0.243,0.269,0.294,0.289,0.328,0.317,0.304,0.267,0.271,0.264,0.29,0.299,0.338,0.285,0.273,0.304,0.328,0.296,0.317,0.288,0.347,0.296,0.318,0.319,0.28,0.234,0.28,0.28,0.262,0.275,0.316,0.284,0.288,0.281,0.29,0.273,0.263,0.291,0.297,0.335,0.356,0.325,0.325,0.284,0.282,0.239,0.252,0.243
458,0.271,0.296,0.301,0.368,0.35,0.318,0.27,0.299,0.31,0.281,0.3,0.286,0.323,0.313,0.339,0.373,0.389,0.312,0.272,0.321,0.322,0.388,0.343,0.376,0.261,0.295,0.292,0.247,0.236,0.243,0.27,0.294,0.289,0.328,0.317,0.304,0.268,0.271,0.264,0.29,0.299,0.338,0.285,0.273,0.304,0.328,0.297,0.317,0.289,0.348,0.296,0.318,0.319,0.281,0.234,0.28,0.28,0.262,0.275,0.316,0.285,0.288,0.282,0.29,0.273,0.264,0.291,0.297,0.335,0.357,0.325,0.325,0.284,0.282,0.239,0.252,0.243
459,0.271,0.296,0.301,0.369,0.35,0.318,0.27,0.299,0.31,0.282,0.301,0.287,0.324,0.313,0.339,0.373,0.39,0.313,0.273,0.322,0.323,0.388,0.343,0.376,0.261,0.296,0.293,0.247,0.236,0.243,0.27,0.294,0.29,0.329,0.317,0.305,0.268,0.272,0.265,0.29,0.3,0.338,0.285,0.274,0.305,0.328,0.297,0.318,0.289,0.348,0.297,0.319,0.319,0.281,0.234,0.281,0.28,0.262,0.275,0.316,0.285,0.288,0.282,0.29,0.274,0.264,0.291,0.298,0.336,0.357,0.325,0.325,0.284,0.283,0.239,0.253,0.244
460,0.271,0.296,0.301,0.369,0.351,0.319,0.271,0.3,0.311,0.282,0.301,0.287,0.324,0.314,0.34,0.374,0.391,0.313,0.273,0.322,0.323,0.389,0.344,0.376,0.261,0.296,0.293,0.247,0.236,0.243,0.27,0.295,0.29,0.329,0.318,0.305,0.268,0.272,0.265,0.291,0.3,0.339,0.286,0.274,0.305,0.329,0.297,0.318,0.289,0.348,0.297,0.319,0.32,0.281,0.234,0.281,0.281,0.263,0.276,0.317,0.285,0.289,0.282,0.29,0.274,0.264,0.292,0.298,0.336,0.357,0.325,0.325,0.284,0.283,0.24,0.253,0.244
461,0.271,0.296,0.301,0.37,0.351,0.319,0.271,0.3,0.311,0.282,0.301,0.287,0.324,0.314,0.34,0.374,0.391,0.313,0.273,0.322,0.323,0.389,0.344,0.377,0.262,0.296,0.293,0.247,0.236,0.243,0.271,0.295,0.29,0.329,0.318,0.305,0.269,0.272,0.265,0.291,0.3,0.339,0.286,0.274,0.305,0.329,0.298,0.318,0.289,0.349,0.297,0.319,0.32,0.281,0.235,0.281,0.281,0.263,0.276,0.317,0.285,0.289,0.282,0.291,0.274,0.264,0.292,0.298,0.336,0.358,0.326,0.326,0.285,0.283,0.24,0.253,0.244
462,0.271,0.296,0.301,0.37,0.351,0.32,0.271,0.3,0.311,0.282,0.301,0.287,0.325,0.314,0.34,0.375,0.391,0.314,0.273,0.323,0.324,0.39,0.344,0.377,0.262,0.297,0.294,0.247,0.237,0.244,0.271,0.296,0.29,0.329,0.318,0.306,0.269,0.273,0.266,0.291,0.301,0.34,0.286,0.274,0.306,0.33,0.298,0.319,0.29,0.349,0.298,0.32,0.32,0.282,0.235,0.281,0.281,0.263,0.276,0.317,0.286,0.289,0.283,0.291,0.275,0.265,0.292,0.298,0.337,0.358,0.326,0.326,0.285,0.284,0.24,0.254,0.244
463,0.271,0.296,0.301,0.371,0.352,0.32,0.272,0.301,0.312,0.283,0.302,0.287,0.325,0.315,0.341,0.375,0.392,0.314,0.274,0.324,0.324,0.391,0.345,0.378,0.262,0.297,0.294,0.247,0.237,0.244,0.272,0.296,0.291,0.33,0.319,0.306,0.269,0.273,0.266,0.292,0.301,0.34,0.287,0.275,0.306,0.33,0.298,0.319,0.29,0.35,0.298,0.32,0.321,0.282,0.235,0.282,0.282,0.264,0.277,0.318,0.286,0.29,0.283,0.291,0.275,0.265,0.293,0.299,0.337,0.359,0.327,0.326,0.286,0.284,0.24,0.254,0.245
464,0.271,0.296,0.301,0.372,0.353,0.321,0.272,0.301,0.312,0.283,0.302,0.288,0.326,0.316,0.342,0.376,0.393,0.315,0.275,0.324,0.325,0.392,0.346,0.379,0.263,0.298,0.295,0.247,0.237,0.244,0.272,0.297,0.292,0.331,0.32,0.307,0.27,0.274,0.267,0.292,0.302,0.341,0.287,0.276,0.307,0.331,0.299,0.32,0.291,0.351,0.299,0.321,0.322,0.283,0.236,0.282,0.283,0.264,0.277,0.318,0.287,0.29,0.284,0.292,0.276,0.266,0.293,0.3,0.338,0.36,0.328,0.327,0.286,0.285,0.241,0.255,0.245
465,0.271,0.296,0.301,0.373,0.354,0.322,0.272,0.302,0.313,0.284,0.303,0.288,0.327,0.316,0.342,0.377,0.394,0.316,0.275,0.325,0.326,0.392,0.346,0.38,0.263,0.298,0.295,0.247,0.237,0.244,0.273,0.297,0.292,0.331,0.32,0.307,0.271,0.274,0.267,0.293,0.303,0.342,0.288,0.276,0.307,0.331,0.3,0.32,0.291,0.351,0.299,0.321,0.322,0.283,0.236,0.283,0.283,0.264,0.278,0.319,0.287,0.291,0.284,0.292,0.276,0.266,0.294,0.3,0.338,0.36,0.328,0.327,0.286,0.285,0.241,0.255,0.246
466,0.271,0.297,0.302,0.374,0.355,0.322,0.273,0.302,0.313,0.284,0.303,0.289,0.328,0.317,0.343,0.378,0.395,0.316,0.276,0.325,0.326,0.393,0.347,0.38,0.264,0.299,0.296,0.248,0.237,0.245,0.273,0.298,0.293,0.332,0.321,0.308,0.271,0.275,0.268,0.293,0.303,0.342,0.289,0.277,0.308,0.332,0.3,0.321,0.292,0.352,0.3,0.322,0.323,0.284,0.237,0.283,0.283,0.265,0.278,0.319,0.288,0.291,0.285,0.293,0.277,0.266,0.294,0.301,0.339,0.361,0.329,0.328,0.287,0.286,0.242,0.255,0.246
467,0.272,0.297,0.302,0.374,0.355,0.323,0.273,0.303,0.314,0.284,0.304,0.289,0.328,0.317,0.344,0.379,0.396,0.317,0.276,0.326,0.327,0.394,0.348,0.381,0.265,0.3,0.296,0.248,0.238,0.245,0.274,0.299,0.294,0.333,0.322,0.309,0.272,0.275,0.268,0.294,0.304,0.343,0.289,0.277,0.309,0.333,0.301,0.322,0.293,0.353,0.3,0.323,0.324,0.284,0.237,0.284,0.284,0.265,0.279,0.32,0.288,0.292,0.285,0.294,0.277,0.267,0.295,0.301,0.34,0.361,0.329,0.329,0.287,0.286,0.242,0.256,0.247
468,0.272,0.297,0.302,0.375,0.356,0.324,0.274,0.303,0.314,0.285,0.304,0.29,0.329,0.318,0.345,0.38,0.397,0.318,0.277,0.327,0.328,0.395,0.349,0.382,0.265,0.3,0.297,0.248,0.238,0.245,0.275,0.299,0.294,0.334,0.322,0.31,0.272,0.276,0.269,0.295,0.305,0.344,0.29,0.278,0.31,0.334,0.302,0.322,0.293,0.354,0.301,0.324,0.324,0.285,0.238,0.284,0.285,0.266,0.279,0.321,0.289,0.293,0.286,0.294,0.278,0.268,0.295,0.302,0.34,0.362,0.33,0.329,0.288,0.287,0.243,0.256,0.247
469,0.272,0.297,0.302,0.377,0.357,0.325,0.275,0.304,0.315,0.286,0.305,0.29,0.33,0.319,0.346,0.381,0.398,0.319,0.278,0.328,0.329,0.396,0.35,0.383,0.266,0.301,0.298,0.249,0.238,0.246,0.275,0.3,0.295,0.335,0.323,0.311,0.273,0.277,0.27,0.296,0.306,0.345,0.291,0.279,0.311,0.335,0.303,0.323,0.294,0.355,0.302,0.325,0.325,0.286,0.238,0.285,0.285,0.267,0.28,0.322,0.29,0.293,0.287,0.295,0.279,0.268,0.296,0.303,0.341,0.363,0.331,0.33,0.289,0.288,0.243,0.257,0.248
470,0.272,0.298,0.302,0.378,0.358,0.326,0.275,0.305,0.316,0.286,0.305,0.291,0.331,0.32,0.346,0.382,0.399,0.32,0.278,0.329,0.33,0.397,0.351,0.384,0.266,0.302,0.299,0.249,0.239,0.246,0.276,0.301,0.296,0.335,0.324,0.311,0.274,0.278,0.27,0.296,0.307,0.346,0.292,0.279,0.311,0.335,0.303,0.324,0.295,0.356,0.303,0.325,0.326,0.287,0.239,0.286,0.286,0.267,0.281,0.322,0.291,0.294,0.288,0.296,0.279,0.269,0.297,0.303,0.342,0.364,0.332,0.331,0.29,0.288,0.244,0.257,0.248
471,0.273,0.298,0.303,0.379,0.36,0.327,0.276,0.306,0.317,0.287,0.306,0.292,0.332,0.321,0.348,0.383,0.4,0.321,0.279,0.33,0.331,0.399,0.352,0.386,0.267,0.303,0.3,0.249,0.239,0.246,0.277,0.302,0.297,0.337,0.325,0.312,0.275,0.279,0.271,0.298,0.308,0.347,0.293,0.28,0.312,0.337,0.304,0.325,0.296,0.357,0.304,0.327,0.327,0.288,0.24,0.287,0.287,0.268,0.281,0.323,0.291,0.295,0.289,0.297,0.28,0.27,0.298,0.304,0.343,0.365,0.333,0.332,0.291,0.289,0.245,0.258,0.249
472,0.273,0.299,0.303,0.381,0.361,0.328,0.277,0.307,0.318,0.288,0.307,0.292,0.333,0.322,0.349,0.385,0.402,0.322,0.28,0.331,0.332,0.4,0.353,0.387,0.268,0.304,0.3,0.25,0.24,0.247,0.278,0.303,0.298,0.338,0.326,0.314,0.276,0.28,0.272,0.299,0.309,0.348,0.294,0.281,0.314,0.338,0.305,0.326,0.297,0.358,0.305,0.328,0.328,0.289,0.24,0.288,0.288,0.269,0.282,0.324,0.292,0.296,0.29,0.298,0.281,0.271,0.299,0.305,0.344,0.366,0.334,0.333,0.291,0.29,0.246,0.259,0.25
473,0.274,0.299,0.304,0.382,0.362,0.33,0.278,0.308,0.319,0.289,0.308,0.293,0.334,0.323,0.35,0.386,0.403,0.324,0.281,0.332,0.333,0.402,0.355,0.389,0.269,0.305,0.302,0.25,0.24,0.247,0.279,0.304,0.3,0.339,0.328,0.315,0.277,0.281,0.273,0.3,0.31,0.35,0.295,0.282,0.315,0.339,0.307,0.328,0.298,0.359,0.306,0.329,0.329,0.29,0.241,0.288,0.289,0.27,0.283,0.325,0.293,0.297,0.291,0.299,0.282,0.272,0.3,0.306,0.345,0.367,0.335,0.334,0.292,0.291,0.247,0.26,0.251
474,0.274,0.299,0.304,0.383,0.364,0.331,0.279,0.308,0.32,0.289,0.309,0.294,0.335,0.324,0.351,0.387,0.405,0.325,0.282,0.333,0.334,0.403,0.356,0.39,0.27,0.306,0.302,0.251,0.24,0.248,0.28,0.305,0.3,0.34,0.329,0.316,0.278,0.281,0.274,0.301,0.311,0.351,0.296,0.283,0.316,0.34,0.308,0.328,0.299,0.36,0.307,0.33,0.33,0.291,0.242,0.289,0.29,0.271,0.284,0.326,0.294,0.298,0.291,0.3,0.283,0.272,0.3,0.307,0.346,0.368,0.336,0.335,0.293,0.292,0.247,0.26,0.252
475,0.275,0.3,0.304,0.385,0.365,0.332,0.28,0.31,0.321,0.291,0.31,0.295,0.337,0.326,0.353,0.389,0.407,0.326,0.284,0.335,0.336,0.405,0.358,0.392,0.271,0.307,0.304,0.251,0.241,0.248,0.281,0.307,0.302,0.342,0.33,0.317,0.279,0.283,0.275,0.302,0.313,0.352,0.297,0.284,0.317,0.342,0.309,0.33,0.3,0.362,0.308,0.331,0.332,0.292,0.243,0.29,0.291,0.272,0.285,0.328,0.296,0.299,0.293,0.301,0.284,0.274,0.302,0.308,0.348,0.37,0.338,0.336,0.294,0.293,0.248,0.261,0.253
476,0.275,0.301,0.305,0.388,0.368,0.334,0.281,0.311,0.322,0.292,0.311,0.296,0.339,0.328,0.355,0.391,0.409,0.328,0.285,0.337,0.338,0.407,0.36,0.394,0.273,0.309,0.305,0.252,0.242,0.249,0.283,0.308,0.304,0.343,0.332,0.319,0.28,0.284,0.276,0.304,0.314,0.354,0.298,0.286,0.319,0.343,0.311,0.332,0.302,0.364,0.31,0.333,0.334,0.294,0.244,0.292,0.293,0.273,0.287,0.329,0.297,0.301,0.294,0.302,0.285,0.275,0.303,0.31,0.349,0.372,0.339,0.338,0.296,0.294,0.25,0.263,0.254
477,0.276,0.301,0.306,0.39,0.369,0.336,0.282,0.312,0.324,0.293,0.313,0.297,0.34,0.329,0.357,0.393,0.411,0.33,0.286,0.338,0.34,0.409,0.362,0.396,0.274,0.31,0.307,0.253,0.242,0.25,0.284,0.31,0.305,0.345,0.334,0.321,0.282,0.286,0.278,0.305,0.316,0.356,0.3,0.287,0.32,0.345,0.312,0.333,0.303,0.366,0.311,0.335,0.335,0.295,0.245,0.293,0.294,0.274,0.288,0.331,0.298,0.302,0.296,0.304,0.287,0.276,0.304,0.311,0.351,0.374,0.341,0.339,0.297,0.296,0.251,0.264,0.255
478,0.276,0.302,0.306,0.391,0.371,0.337,0.283,0.313,0.325,0.294,0.313,0.298,0.342,0.33,0.358,0.395,0.412,0.331,0.287,0.339,0.341,0.411,0.363,0.397,0.275,0.311,0.308,0.253,0.243,0.25,0.285,0.311,0.306,0.346,0.335,0.322,0.283,0.287,0.279,0.306,0.317,0.357,0.301,0.288,0.322,0.346,0.313,0.334,0.304,0.367,0.312,0.336,0.336,0.296,0.246,0.294,0.295,0.275,0.289,0.332,0.299,0.303,0.297,0.305,0.288,0.277,0.305,0.312,0.352,0.375,0.342,0.34,0.298,0.296,0.251,0.265,0.256
479,0.277,0.302,0.307,0.393,0.373,0.339,0.284,0.315,0.326,0.295,0.315,0.299,0.343,0.332,0.359,0.397,0.415,0.333,0.289,0.341,0.343,0.413,0.365,0.399,0.276,0.313,0.309,0.254,0.244,0.251,0.286,0.313,0.308,0.348,0.336,0.323,0.284,0.288,0.28,0.308,0.319,0.359,0.302,0.29,0.323,0.348,0.315,0.336,0.306,0.369,0.314,0.337,0.338,0.298,0.247,0.295,0.296,0.276,0.29,0.334,0.301,0.305,0.298,0.306,0.289,0.279,0.307,0.314,0.354,0.376,0.343,0.342,0.299,0.298,0.253,0.266,0.257
480,0.278,0.303,0.308,0.396,0.376,0.341,0.286,0.317,0.328,0.297,0.316,0.301,0.346,0.334,0.362,0.4,0.418,0.335,0.291,0.343,0.345,0.416,0.367,0.402,0.278,0.315,0.311,0.255,0.245,0.252,0.288,0.315,0.31,0.351,0.339,0.325,0.286,0.29,0.282,0.31,0.321,0.362,0.305,0.292,0.325,0.35,0.317,0.338,0.308,0.371,0.316,0.34,0.34,0.3,0.249,0.297,0.298,0.278,0.292,0.336,0.303,0.307,0.3,0.308,0.291,0.281,0.309,0.316,0.356,0.379,0.346,0.344,0.301,0.299,0.254,0.267,0.259
481,0.279,0.305,0.309,0.4,0.379,0.344,0.288,0.319,0.33,0.299,0.318,0.303,0.349,0.337,0.365,0.403,0.421,0.338,0.293,0.346,0.348,0.419,0.371,0.406,0.28,0.317,0.314,0.256,0.246,0.254,0.291,0.318,0.313,0.354,0.342,0.328,0.289,0.292,0.284,0.313,0.324,0.365,0.307,0.294,0.328,0.353,0.32,0.341,0.31,0.375,0.319,0.342,0.343,0.302,0.251,0.299,0.301,0.28,0.294,0.338,0.305,0.309,0.302,0.311,0.293,0.283,0.311,0.318,0.359,0.381,0.348,0.346,0.303,0.301,0.256,0.269,0.261
482,0.28,0.306,0.31,0.403,0.382,0.347,0.29,0.321,0.333,0.301,0.32,0.305,0.351,0.34,0.368,0.406,0.425,0.341,0.295,0.349,0.35,0.423,0.374,0.409,0.282,0.319,0.316,0.258,0.247,0.255,0.293,0.32,0.316,0.356,0.344,0.331,0.291,0.295,0.286,0.315,0.327,0.367,0.309,0.296,0.331,0.356,0.322,0.343,0.312,0.377,0.321,0.345,0.346,0.305,0.252,0.301,0.303,0.282,0.296,0.34,0.307,0.311,0.304,0.313,0.295,0.284,0.313,0.32,0.361,0.384,0.35,0.349,0.305,0.303,0.258,0.271,0.263
483,0.281,0.307,0.311,0.405,0.384,0.349,0.291,0.322,0.334,0.302,0.322,0.306,0.353,0.341,0.369,0.408,0.426,0.342,0.297,0.35,0.352,0.425,0.375,0.41,0.283,0.321,0.317,0.258,0.248,0.256,0.294,0.321,0.317,0.358,0.346,0.332,0.292,0.296,0.287,0.317,0.328,0.369,0.311,0.297,0.332,0.357,0.323,0.345,0.314,0.379,0.322,0.346,0.347,0.306,0.253,0.302,0.304,0.283,0.297,0.342,0.308,0.313,0.306,0.314,0.296,0.286,0.314,0.321,0.362,0.385,0.352,0.35,0.306,0.305,0.259,0.272,0.264
484,0.282,0.307,0.312,0.407,0.386,0.351,0.292,0.324,0.335,0.303,0.323,0.307,0.355,0.343,0.371,0.41,0.429,0.344,0.298,0.352,0.354,0.427,0.377,0.413,0.284,0.322,0.319,0.259,0.249,0.256,0.296,0.323,0.318,0.36,0.347,0.334,0.293,0.297,0.289,0.318,0.33,0.371,0.312,0.299,0.334,0.359,0.325,0.347,0.315,0.381,0.324,0.348,0.349,0.308,0.255,0.304,0.306,0.285,0.299,0.344,0.31,0.314,0.307,0.316,0.298,0.287,0.316,0.323,0.364,0.388,0.354,0.352,0.308,0.307,0.26,0.273,0.265
485,0.283,0.308,0.313,0.409,0.388,0.353,0.294,0.325,0.337,0.305,0.325,0.309,0.357,0.345,0.374,0.413,0.432,0.346,0.3,0.354,0.356,0.43,0.38,0.415,0.286,0.325,0.321,0.26,0.25,0.257,0.298,0.325,0.321,0.362,0.35,0.336,0.295,0.299,0.291,0.32,0.332,0.374,0.314,0.3,0.336,0.361,0.327,0.349,0.317,0.383,0.325,0.35,0.351,0.309,0.256,0.306,0.308,0.286,0.301,0.345,0.312,0.316,0.309,0.318,0.3,0.289,0.318,0.325,0.366,0.39,0.356,0.354,0.31,0.309,0.262,0.275,0.267
486,0.284,0.31,0.314,0.413,0.391,0.356,0.296,0.328,0.34,0.306,0.327,0.31,0.359,0.348,0.377,0.416,0.435,0.349,0.303,0.357,0.359,0.433,0.383,0.419,0.288,0.327,0.323,0.261,0.251,0.258,0.3,0.327,0.323,0.364,0.352,0.338,0.297,0.302,0.293,0.323,0.335,0.377,0.316,0.302,0.339,0.364,0.329,0.351,0.319,0.386,0.328,0.353,0.353,0.312,0.258,0.308,0.31,0.288,0.303,0.348,0.314,0.319,0.311,0.32,0.302,0.291,0.32,0.327,0.369,0.393,0.359,0.356,0.312,0.311,0.264,0.277,0.268
487,0.285,0.31,0.315,0.415,0.393,0.358,0.297,0.329,0.341,0.308,0.329,0.312,0.361,0.35,0.379,0.418,0.438,0.351,0.304,0.359,0.361,0.436,0.385,0.421,0.29,0.329,0.325,0.262,0.252,0.259,0.302,0.329,0.325,0.366,0.354,0.34,0.299,0.303,0.295,0.325,0.337,0.379,0.318,0.304,0.341,0.367,0.331,0.354,0.321,0.388,0.33,0.355,0.355,0.313,0.259,0.31,0.312,0.29,0.305,0.35,0.315,0.321,0.313,0.322,0.304,0.293,0.322,0.329,0.371,0.396,0.362,0.358,0.314,0.313,0.265,0.278,0.27
488,0.286,0.312,0.316,0.419,0.397,0.362,0.3,0.332,0.344,0.311,0.332,0.314,0.365,0.353,0.383,0.422,0.442,0.355,0.308,0.363,0.364,0.44,0.389,0.425,0.292,0.332,0.328,0.264,0.253,0.261,0.305,0.332,0.328,0.37,0.358,0.343,0.302,0.306,0.297,0.328,0.34,0.383,0.321,0.307,0.344,0.37,0.334,0.357,0.324,0.392,0.333,0.358,0.359,0.316,0.262,0.312,0.315,0.293,0.308,0.353,0.318,0.323,0.316,0.325,0.307,0.296,0.325,0.332,0.375,0.399,0.365,0.361,0.317,0.316,0.268,0.281,0.272
489,0.288,0.313,0.318,0.423,0.401,0.365,0.302,0.335,0.347,0.313,0.334,0.317,0.368,0.356,0.386,0.426,0.446,0.358,0.31,0.366,0.367,0.444,0.392,0.429,0.295,0.335,0.331,0.265,0.255,0.263,0.308,0.335,0.331,0.373,0.361,0.346,0.305,0.309,0.3,0.331,0.343,0.386,0.324,0.31,0.347,0.373,0.337,0.36,0.327,0.395,0.336,0.361,0.362,0.319,0.264,0.315,0.318,0.295,0.31,0.356,0.321,0.326,0.319,0.327,0.309,0.298,0.328,0.335,0.378,0.402,0.368,0.364,0.319,0.318,0.27,0.283,0.274
490,0.289,0.315,0.319,0.427,0.404,0.369,0.304,0.337,0.349,0.315,0.336,0.319,0.371,0.359,0.389,0.43,0.45,0.361,0.313,0.369,0.37,0.448,0.396,0.433,0.297,0.337,0.333,0.267,0.256,0.264,0.311,0.338,0.334,0.376,0.364,0.349,0.307,0.311,0.302,0.333,0.346,0.389,0.327,0.312,0.35,0.376,0.34,0.363,0.33,0.399,0.338,0.364,0.365,0.322,0.266,0.317,0.32,0.297,0.313,0.359,0.323,0.329,0.321,0.33,0.311,0.3,0.33,0.337,0.381,0.406,0.371,0.367,0.322,0.32,0.272,0.285,0.276
491,0.29,0.316,0.321,0.429,0.407,0.371,0.306,0.339,0.351,0.316,0.338,0.32,0.373,0.361,0.391,0.432,0.452,0.363,0.314,0.371,0.373,0.451,0.398,0.435,0.299,0.339,0.335,0.268,0.257,0.265,0.312,0.34,0.336,0.378,0.366,0.351,0.309,0.313,0.304,0.335,0.348,0.392,0.329,0.314,0.352,0.379,0.342,0.365,0.331,0.401,0.34,0.366,0.367,0.324,0.267,0.319,0.322,0.299,0.314,0.361,0.325,0.331,0.323,0.332,0.313,0.302,0.332,0.339,0.383,0.408,0.373,0.369,0.324,0.322,0.273,0.286,0.278
492,0.292,0.318,0.322,0.434,0.411,0.375,0.309,0.342,0.354,0.319,0.341,0.323,0.377,0.365,0.395,0.437,0.457,0.367,0.318,0.375,0.376,0.456,0.402,0.44,0.301,0.342,0.339,0.269,0.259,0.267,0.316,0.343,0.339,0.382,0.37,0.355,0.312,0.316,0.307,0.339,0.351,0.396,0.332,0.317,0.355,0.382,0.345,0.368,0.335,0.405,0.343,0.37,0.371,0.327,0.27,0.322,0.326,0.302,0.318,0.364,0.328,0.334,0.326,0.335,0.316,0.305,0.335,0.342,0.386,0.412,0.377,0.372,0.327,0.325,0.276,0.289,0.28
493,0.294,0.32,0.324,0.439,0.416,0.379,0.312,0.345,0.358,0.322,0.344,0.326,0.381,0.369,0.4,0.442,0.463,0.371,0.321,0.379,0.381,0.461,0.407,0.445,0.305,0.346,0.342,0.271,0.261,0.269,0.319,0.347,0.343,0.386,0.374,0.358,0.315,0.32,0.311,0.343,0.356,0.4,0.335,0.32,0.359,0.387,0.349,0.372,0.338,0.409,0.347,0.374,0.375,0.33,0.273,0.325,0.329,0.305,0.321,0.368,0.332,0.338,0.33,0.338,0.32,0.308,0.339,0.346,0.391,0.416,0.381,0.376,0.33,0.329,0.279,0.292,0.283
494,0.296,0.322,0.326,0.445,0.421,0.384,0.315,0.349,0.361,0.325,0.348,0.329,0.386,0.373,0.405,0.447,0.468,0.376,0.325,0.384,0.385,0.466,0.411,0.45,0.308,0.35,0.346,0.273,0.263,0.271,0.323,0.351,0.347,0.391,0.378,0.362,0.319,0.324,0.314,0.347,0.36,0.405,0.339,0.324,0.363,0.391,0.353,0.377,0.342,0.414,0.351,0.378,0.379,0.334,0.276,0.329,0.333,0.309,0.325,0.372,0.335,0.341,0.333,0.342,0.323,0.312,0.342,0.35,0.395,0.421,0.386,0.38,0.334,0.332,0.282,0.295,0.286
495,0.297,0.323,0.328,0.448,0.424,0.387,0.317,0.351,0.364,0.328,0.35,0.331,0.389,0.376,0.408,0.45,0.472,0.379,0.328,0.386,0.388,0.47,0.415,0.454,0.31,0.353,0.349,0.275,0.264,0.272,0.326,0.354,0.35,0.394,0.381,0.365,0.321,0.326,0.317,0.349,0.363,0.408,0.342,0.326,0.366,0.394,0.355,0.379,0.345,0.417,0.353,0.381,0.382,0.337,0.278,0.331,0.335,0.311,0.327,0.375,0.338,0.344,0.336,0.345,0.326,0.314,0.345,0.352,0.398,0.424,0.388,0.382,0.336,0.335,0.284,0.297,0.288
496,0.299,0.325,0.33,0.453,0.429,0.391,0.32,0.355,0.368,0.331,0.353,0.334,0.393,0.381,0.412,0.455,0.477,0.383,0.331,0.391,0.392,0.475,0.419,0.459,0.314,0.356,0.352,0.277,0.266,0.274,0.329,0.358,0.354,0.398,0.386,0.369,0.325,0.33,0.32,0.353,0.367,0.413,0.346,0.33,0.37,0.399,0.359,0.383,0.348,0.422,0.357,0.385,0.386,0.341,0.281,0.334,0.339,0.314,0.33,0.379,0.341,0.347,0.339,0.348,0.329,0.317,0.348,0.356,0.402,0.429,0.393,0.386,0.34,0.338,0.286,0.3,0.291
497,0.302,0.328,0.332,0.459,0.435,0.397,0.324,0.359,0.372,0.334,0.357,0.337,0.398,0.385,0.418,0.461,0.483,0.388,0.336,0.396,0.397,0.482,0.425,0.465,0.318,0.361,0.357,0.279,0.268,0.277,0.333,0.362,0.358,0.404,0.391,0.374,0.329,0.334,0.324,0.358,0.372,0.418,0.35,0.334,0.375,0.404,0.364,0.388,0.353,0.427,0.361,0.39,0.391,0.345,0.284,0.338,0.343,0.318,0.334,0.384,0.345,0.352,0.344,0.352,0.333,0.321,0.353,0.36,0.407,0.434,0.397,0.391,0.343,0.342,0.29,0.303,0.295
498,0.304,0.331,0.335,0.466,0.441,0.402,0.328,0.363,0.376,0.338,0.362,0.341,0.403,0.391,0.423,0.468,0.49,0.393,0.34,0.401,0.403,0.488,0.431,0.471,0.322,0.365,0.361,0.281,0.271,0.279,0.338,0.367,0.363,0.409,0.396,0.379,0.333,0.339,0.328,0.363,0.377,0.423,0.355,0.338,0.38,0.409,0.369,0.393,0.357,0.433,0.366,0.395,0.397,0.35,0.288,0.342,0.347,0.322,0.338,0.388,0.35,0.356,0.348,0.357,0.338,0.325,0.357,0.364,0.412,0.439,0.402,0.396,0.348,0.346,0.293,0.307,0.299
499,0.306,0.333,0.337,0.47,0.445,0.406,0.331,0.366,0.379,0.341,0.364,0.344,0.407,0.394,0.427,0.472,0.495,0.397,0.343,0.404,0.406,0.493,0.435,0.475,0.325,0.369,0.364,0.283,0.273,0.281,0.341,0.371,0.366,0.413,0.399,0.383,0.336,0.342,0.331,0.366,0.38,0.427,0.358,0.341,0.384,0.413,0.372,0.397,0.36,0.437,0.369,0.399,0.4,0.353,0.29,0.345,0.35,0.325,0.341,0.392,0.353,0.359,0.351,0.36,0.341,0.328,0.36,0.367,0.415,0.443,0.406,0.399,0.351,0.349,0.296,0.309,0.301
500,0.309,0.335,0.34,0.476,0.451,0.411,0.334,0.37,0.384,0.344,0.368,0.347,0.412,0.399,0.433,0.478,0.501,0.402,0.347,0.409,0.411,0.499,0.44,0.481,0.328,0.373,0.369,0.286,0.275,0.283,0.345,0.375,0.371,0.418,0.404,0.387,0.34,0.346,0.335,0.371,0.385,0.433,0.362,0.345,0.389,0.418,0.377,0.402,0.365,0.442,0.374,0.404,0.405,0.357,0.294,0.349,0.355,0.329,0.345,0.396,0.357,0.364,0.355,0.364,0.345,0.332,0.364,0.372,0.42,0.448,0.411,0.403,0.355,0.353,0.299,0.313,0.305
501,0.311,0.337,0.342,0.482,0.456,0.416,0.338,0.374,0.388,0.348,0.372,0.351,0.417,0.404,0.438,0.483,0.507,0.407,0.351,0.414,0.416,0.505,0.446,0.487,0.332,0.377,0.373,0.288,0.277,0.285,0.349,0.379,0.375,0.422,0.409,0.392,0.344,0.35,0.339,0.375,0.39,0.438,0.367,0.349,0.393,0.423,0.381,0.406,0.369,0.447,0.378,0.408,0.409,0.361,0.297,0.352,0.359,0.332,0.349,0.401,0.361,0.368,0.359,0.368,0.348,0.336,0.368,0.376,0.425,0.453,0.416,0.408,0.359,0.357,0.302,0.316,0.308
502,0.313,0.34,0.344,0.488,0.461,0.421,0.341,0.378,0.392,0.351,0.376,0.354,0.421,0.408,0.443,0.489,0.513,0.412,0.355,0.419,0.421,0.511,0.451,0.493,0.336,0.382,0.377,0.29,0.279,0.288,0.353,0.384,0.38,0.427,0.414,0.396,0.348,0.354,0.343,0.379,0.395,0.443,0.371,0.353,0.398,0.428,0.385,0.411,0.373,0.453,0.382,0.413,0.414,0.365,0.3,0.356,0.363,0.336,0.353,0.405,0.365,0.372,0.363,0.373,0.352,0.34,0.372,0.38,0.429,0.458,0.42,0.412,0.362,0.361,0.306,0.32,0.311
503,0.315,0.342,0.346,0.492,0.466,0.425,0.344,0.381,0.395,0.354,0.379,0.357,0.425,0.412,0.447,0.493,0.518,0.416,0.359,0.423,0.424,0.516,0.455,0.497,0.339,0.385,0.38,0.292,0.281,0.289,0.356,0.387,0.383,0.431,0.417,0.4,0.351,0.357,0.346,0.383,0.398,0.447,0.374,0.356,0.401,0.431,0.389,0.414,0.376,0.456,0.385,0.416,0.418,0.368,0.303,0.359,0.366,0.339,0.356,0.408,0.368,0.375,0.366,0.376,0.355,0.342,0.376,0.383,0.433,0.462,0.424,0.416,0.365,0.364,0.308,0.322,0.314
504,0.318,0.345,0.349,0.5,0.472,0.431,0.348,0.386,0.4,0.359,0.384,0.361,0.431,0.418,0.453,0.5,0.525,0.421,0.364,0.428,0.43,0.523,0.462,0.504,0.343,0.39,0.386,0.295,0.284,0.292,0.362,0.393,0.389,0.438,0.423,0.405,0.356,0.362,0.35,0.388,0.404,0.453,0.38,0.361,0.407,0.438,0.394,0.42,0.382,0.463,0.391,0.422,0.424,0.374,0.307,0.364,0.371,0.343,0.361,0.414,0.373,0.38,0.371,0.381,0.36,0.347,0.381,0.388,0.439,0.468,0.43,0.421,0.37,0.368,0.312,0.326,0.318
505,0.321,0.348,0.353,0.507,0.479,0.438,0.353,0.391,0.405,0.363,0.389,0.365,0.438,0.424,0.46,0.508,0.533,0.428,0.369,0.435,0.437,0.531,0.468,0.512,0.348,0.395,0.391,0.298,0.287,0.295,0.367,0.398,0.395,0.444,0.43,0.411,0.361,0.367,0.355,0.394,0.41,0.46,0.385,0.366,0.413,0.444,0.4,0.426,0.387,0.469,0.396,0.428,0.43,0.379,0.311,0.369,0.376,0.348,0.365,0.42,0.378,0.386,0.377,0.386,0.365,0.352,0.386,0.394,0.445,0.475,0.436,0.427,0.375,0.374,0.316,0.33,0.323
506,0.324,0.351,0.356,0.514,0.486,0.444,0.357,0.395,0.41,0.367,0.393,0.369,0.443,0.43,0.466,0.514,0.541,0.434,0.374,0.44,0.442,0.538,0.475,0.519,0.353,0.401,0.396,0.3,0.289,0.298,0.372,0.404,0.4,0.45,0.435,0.416,0.366,0.372,0.36,0.399,0.415,0.466,0.39,0.371,0.418,0.45,0.405,0.431,0.392,0.476,0.401,0.434,0.435,0.384,0.315,0.373,0.381,0.353,0.37,0.425,0.383,0.391,0.381,0.391,0.37,0.356,0.391,0.398,0.451,0.481,0.441,0.432,0.38,0.378,0.32,0.334,0.327
507,0.326,0.353,0.357,0.518,0.49,0.447,0.359,0.398,0.413,0.37,0.396,0.372,0.447,0.433,0.469,0.518,0.545,0.437,0.377,0.444,0.446,0.542,0.478,0.523,0.355,0.404,0.399,0.302,0.291,0.3,0.375,0.406,0.403,0.453,0.439,0.42,0.369,0.375,0.363,0.402,0.419,0.469,0.393,0.373,0.421,0.453,0.408,0.435,0.395,0.479,0.404,0.437,0.439,0.387,0.318,0.376,0.384,0.355,0.373,0.428,0.386,0.394,0.384,0.394,0.373,0.359,0.394,0.401,0.454,0.484,0.445,0.435,0.383,0.381,0.322,0.337,0.329
508,0.328,0.356,0.36,0.525,0.496,0.453,0.363,0.402,0.417,0.374,0.4,0.376,0.452,0.438,0.475,0.525,0.552,0.442,0.381,0.449,0.451,0.549,0.484,0.529,0.359,0.408,0.404,0.305,0.294,0.302,0.379,0.411,0.408,0.458,0.444,0.424,0.373,0.379,0.367,0.407,0.424,0.475,0.398,0.378,0.426,0.459,0.413,0.439,0.4,0.485,0.409,0.442,0.444,0.392,0.321,0.38,0.388,0.359,0.377,0.433,0.39,0.398,0.389,0.398,0.377,0.363,0.398,0.406,0.459,0.49,0.45,0.44,0.387,0.385,0.326,0.34,0.333
509,0.331,0.359,0.363,0.531,0.502,0.459,0.367,0.407,0.422,0.378,0.405,0.38,0.458,0.444,0.481,0.531,0.559,0.448,0.386,0.455,0.457,0.556,0.49,0.536,0.364,0.413,0.409,0.307,0.296,0.305,0.384,0.416,0.413,0.464,0.45,0.43,0.378,0.384,0.372,0.412,0.429,0.481,0.403,0.382,0.432,0.464,0.418,0.445,0.405,0.491,0.414,0.448,0.45,0.396,0.325,0.384,0.393,0.364,0.382,0.438,0.395,0.403,0.393,0.403,0.382,0.368,0.403,0.411,0.465,0.496,0.455,0.445,0.392,0.39,0.33,0.344,0.337
510,0.334,0.362,0.366,0.539,0.509,0.465,0.372,0.412,0.427,0.382,0.409,0.384,0.464,0.45,0.488,0.538,0.567,0.454,0.391,0.461,0.463,0.564,0.497,0.543,0.368,0.418,0.414,0.31,0.299,0.308,0.389,0.422,0.418,0.47,0.456,0.435,0.383,0.389,0.376,0.417,0.435,0.487,0.408,0.387,0.437,0.471,0.423,0.451,0.41,0.498,0.419,0.453,0.456,0.402,0.329,0.389,0.398,0.368,0.386,0.444,0.4,0.408,0.399,0.408,0.387,0.372,0.408,0.416,0.47,0.502,0.461,0.451,0.397,0.395,0.334,0.348,0.341
511,0.336,0.364,0.369,0.543,0.513,0.469,0.375,0.415,0.43,0.385,0.412,0.387,0.468,0.454,0.492,0.543,0.571,0.458,0.395,0.465,0.467,0.569,0.501,0.548,0.371,0.422,0.417,0.312,0.301,0.31,0.392,0.425,0.422,0.474,0.459,0.439,0.386,0.392,0.379,0.421,0.439,0.491,0.411,0.39,0.441,0.474,0.427,0.454,0.413,0.502,0.422,0.457,0.459,0.405,0.332,0.392,0.402,0.371,0.39,0.447,0.403,0.412,0.402,0.411,0.39,0.375,0.411,0.419,0.474,0.506,0.465,0.454,0.4,0.398,0.336,0.351,0.344
512,0.339,0.367,0.371,0.549,0.519,0.474,0.379,0.419,0.435,0.389,0.416,0.39,0.473,0.459,0.497,0.549,0.578,0.463,0.399,0.47,0.472,0.575,0.507,0.553,0.375,0.426,0.422,0.315,0.303,0.312,0.396,0.43,0.426,0.479,0.464,0.444,0.39,0.397,0.383,0.425,0.444,0.497,0.416,0.394,0.446,0.48,0.431,0.459,0.417,0.507,0.426,0.462,0.464,0.409,0.336,0.396,0.406,0.375,0.394,0.452,0.407,0.416,0.406,0.416,0.394,0.379,0.415,0.423,0.479,0.512,0.47,0.459,0.404,0.402,0.34,0.354,0.347
513,0.341,0.369,0.374,0.555,0.524,0.479,0.382,0.423,0.438,0.392,0.42,0.393,0.477,0.463,0.502,0.554,0.583,0.468,0.403,0.474,0.476,0.58,0.511,0.559,0.379,0.43,0.426,0.317,0.306,0.315,0.4,0.434,0.43,0.484,0.469,0.448,0.394,0.4,0.387,0.429,0.448,0.502,0.42,0.398,0.45,0.484,0.435,0.463,0.421,0.512,0.43,0.466,0.468,0.413,0.339,0.399,0.41,0.379,0.397,0.456,0.411,0.42,0.41,0.419,0.398,0.383,0.419,0.427,0.483,0.516,0.474,0.463,0.407,0.405,0.343,0.357,0.35
514,0.344,0.372,0.376,0.56,0.529,0.483,0.385,0.427,0.442,0.396,0.424,0.397,0.482,0.467,0.507,0.56,0.589,0.472,0.407,0.479,0.481,0.586,0.517,0.564,0.382,0.435,0.43,0.319,0.308,0.317,0.404,0.438,0.435,0.488,0.473,0.452,0.398,0.404,0.391,0.433,0.452,0.507,0.424,0.402,0.454,0.489,0.44,0.468,0.425,0.517,0.435,0.47,0.473,0.417,0.342,0.403,0.414,0.382,0.401,0.461,0.415,0.424,0.414,0.423,0.401,0.387,0.423,0.431,0.488,0.521,0.479,0.467,0.411,0.409,0.346,0.361,0.353
515,0.346,0.374,0.379,0.565,0.533,0.487,0.388,0.43,0.445,0.398,0.427,0.399,0.486,0.471,0.511,0.564,0.594,0.476,0.41,0.482,0.484,0.591,0.521,0.569,0.385,0.438,0.433,0.321,0.31,0.319,0.407,0.441,0.438,0.492,0.477,0.455,0.401,0.407,0.394,0.437,0.456,0.51,0.427,0.405,0.458,0.493,0.443,0.471,0.428,0.521,0.438,0.474,0.477,0.42,0.344,0.406,0.417,0.385,0.404,0.464,0.418,0.427,0.417,0.427,0.404,0.389,0.426,0.434,0.492,0.525,0.483,0.47,0.414,0.412,0.348,0.363,0.356
516,0.349,0.377,0.382,0.572,0.539,0.493,0.392,0.435,0.45,0.403,0.431,0.403,0.492,0.477,0.517,0.571,0.601,0.482,0.415,0.488,0.49,0.598,0.527,0.576,0.39,0.443,0.438,0.324,0.313,0.322,0.412,0.446,0.443,0.498,0.483,0.461,0.405,0.412,0.398,0.442,0.461,0.516,0.432,0.409,0.463,0.499,0.448,0.477,0.433,0.527,0.443,0.479,0.482,0.425,0.348,0.41,0.421,0.389,0.408,0.469,0.423,0.432,0.421,0.431,0.409,0.394,0.431,0.439,0.497,0.531,0.488,0.476,0.419,0.417,0.352,0.367,0.36
517,0.352,0.38,0.385,0.578,0.545,0.498,0.396,0.439,0.455,0.406,0.436,0.407,0.497,0.482,0.523,0.577,0.608,0.487,0.419,0.493,0.496,0.604,0.533,0.582,0.394,0.448,0.443,0.327,0.315,0.325,0.416,0.451,0.448,0.504,0.488,0.466,0.41,0.417,0.402,0.447,0.466,0.522,0.437,0.413,0.468,0.504,0.453,0.482,0.438,0.533,0.447,0.484,0.487,0.43,0.352,0.414,0.426,0.393,0.413,0.474,0.427,0.437,0.426,0.436,0.413,0.398,0.436,0.444,0.502,0.537,0.493,0.481,0.423,0.421,0.356,0.371,0.364
518,0.354,0.383,0.388,0.583,0.55,0.503,0.399,0.442,0.458,0.41,0.439,0.41,0.501,0.486,0.527,0.582,0.613,0.491,0.423,0.498,0.5,0.61,0.537,0.587,0.397,0.451,0.446,0.329,0.317,0.327,0.42,0.455,0.452,0.508,0.492,0.47,0.413,0.42,0.406,0.45,0.47,0.526,0.44,0.417,0.472,0.508,0.457,0.486,0.442,0.537,0.451,0.488,0.491,0.433,0.355,0.418,0.429,0.397,0.416,0.478,0.431,0.44,0.429,0.44,0.417,0.401,0.439,0.447,0.506,0.541,0.498,0.485,0.427,0.424,0.359,0.374,0.367
519,0.356,0.385,0.389,0.586,0.552,0.505,0.401,0.444,0.461,0.411,0.441,0.412,0.504,0.488,0.53,0.585,0.616,0.494,0.425,0.5,0.502,0.612,0.54,0.59,0.399,0.454,0.449,0.33,0.319,0.328,0.422,0.457,0.454,0.51,0.494,0.472,0.415,0.422,0.408,0.452,0.472,0.529,0.442,0.419,0.474,0.511,0.459,0.488,0.444,0.54,0.453,0.491,0.494,0.435,0.356,0.42,0.432,0.399,0.418,0.48,0.433,0.442,0.431,0.442,0.419,0.403,0.441,0.449,0.509,0.544,0.5,0.487,0.429,0.426,0.36,0.375,0.368
520,0.358,0.387,0.392,0.59,0.556,0.509,0.404,0.448,0.464,0.414,0.444,0.415,0.508,0.492,0.534,0.589,0.621,0.497,0.428,0.504,0.506,0.617,0.544,0.594,0.401,0.457,0.452,0.332,0.32,0.33,0.425,0.46,0.457,0.514,0.498,0.475,0.418,0.425,0.411,0.456,0.476,0.533,0.445,0.421,0.478,0.514,0.462,0.492,0.447,0.544,0.456,0.494,0.497,0.438,0.359,0.423,0.435,0.401,0.421,0.484,0.436,0.446,0.435,0.445,0.422,0.406,0.444,0.452,0.512,0.548,0.504,0.49,0.432,0.429,0.363,0.378,0.371
521,0.361,0.39,0.394,0.595,0.561,0.513,0.407,0.451,0.467,0.417,0.448,0.418,0.512,0.496,0.538,0.594,0.626,0.501,0.431,0.508,0.51,0.622,0.548,0.599,0.405,0.461,0.456,0.334,0.323,0.332,0.428,0.464,0.461,0.518,0.502,0.479,0.421,0.428,0.414,0.459,0.48,0.537,0.449,0.425,0.482,0.519,0.466,0.495,0.45,0.548,0.46,0.498,0.501,0.442,0.362,0.426,0.438,0.405,0.425,0.488,0.439,0.449,0.438,0.448,0.425,0.409,0.448,0.456,0.517,0.552,0.508,0.494,0.435,0.433,0.366,0.381,0.374
522,0.363,0.393,0.397,0.6,0.565,0.517,0.41,0.455,0.471,0.421,0.451,0.421,0.516,0.501,0.543,0.599,0.631,0.506,0.435,0.512,0.514,0.627,0.553,0.604,0.408,0.464,0.459,0.337,0.325,0.335,0.431,0.467,0.464,0.522,0.506,0.483,0.425,0.432,0.417,0.463,0.484,0.542,0.453,0.428,0.486,0.523,0.47,0.499,0.454,0.553,0.464,0.502,0.505,0.446,0.365,0.429,0.442,0.408,0.428,0.492,0.443,0.453,0.442,0.452,0.429,0.413,0.452,0.46,0.521,0.557,0.512,0.499,0.439,0.437,0.369,0.384,0.377
523,0.365,0.395,0.399,0.603,0.568,0.519,0.412,0.457,0.473,0.423,0.453,0.423,0.519,0.503,0.546,0.602,0.634,0.508,0.437,0.515,0.517,0.63,0.556,0.607,0.41,0.467,0.462,0.338,0.326,0.336,0.434,0.47,0.467,0.525,0.509,0.485,0.427,0.434,0.419,0.465,0.486,0.544,0.455,0.43,0.488,0.525,0.472,0.502,0.457,0.556,0.466,0.505,0.508,0.448,0.367,0.431,0.444,0.41,0.43,0.494,0.445,0.455,0.444,0.454,0.431,0.415,0.454,0.462,0.524,0.56,0.515,0.501,0.441,0.438,0.371,0.386,0.379
524,0.367,0.397,0.402,0.606,0.572,0.522,0.415,0.46,0.476,0.425,0.456,0.426,0.522,0.506,0.549,0.606,0.638,0.511,0.44,0.518,0.52,0.634,0.559,0.611,0.413,0.469,0.464,0.34,0.328,0.338,0.436,0.472,0.47,0.528,0.512,0.488,0.429,0.437,0.421,0.468,0.489,0.548,0.458,0.433,0.491,0.529,0.475,0.505,0.459,0.559,0.469,0.507,0.511,0.45,0.369,0.434,0.447,0.412,0.432,0.497,0.448,0.458,0.447,0.457,0.433,0.417,0.457,0.465,0.527,0.563,0.518,0.504,0.443,0.441,0.373,0.388,0.381
525,0.369,0.399,0.404,0.609,0.574,0.524,0.417,0.462,0.478,0.427,0.458,0.428,0.525,0.509,0.552,0.609,0.641,0.514,0.442,0.52,0.523,0.637,0.562,0.614,0.415,0.472,0.467,0.342,0.33,0.34,0.438,0.475,0.472,0.531,0.514,0.491,0.432,0.439,0.423,0.47,0.492,0.55,0.46,0.435,0.493,0.531,0.477,0.507,0.462,0.562,0.471,0.51,0.514,0.453,0.371,0.436,0.449,0.414,0.434,0.5,0.45,0.46,0.449,0.459,0.436,0.419,0.459,0.467,0.529,0.566,0.52,0.507,0.445,0.443,0.374,0.39,0.383
526,0.371,0.401,0.406,0.612,0.577,0.527,0.419,0.464,0.481,0.429,0.46,0.43,0.527,0.511,0.555,0.611,0.644,0.516,0.444,0.523,0.525,0.64,0.565,0.617,0.417,0.474,0.469,0.344,0.332,0.342,0.44,0.477,0.474,0.534,0.517,0.493,0.434,0.441,0.425,0.472,0.494,0.553,0.462,0.437,0.496,0.534,0.48,0.509,0.464,0.565,0.473,0.512,0.516,0.455,0.372,0.438,0.451,0.416,0.436,0.502,0.453,0.462,0.451,0.462,0.437,0.421,0.461,0.469,0.532,0.568,0.522,0.509,0.447,0.445,0.376,0.391,0.385
527,0.373,0.403,0.408,0.613,0.578,0.528,0.42,0.466,0.482,0.431,0.462,0.431,0.529,0.513,0.556,0.613,0.646,0.518,0.445,0.524,0.527,0.642,0.566,0.619,0.418,0.475,0.47,0.345,0.333,0.343,0.441,0.478,0.475,0.535,0.518,0.494,0.435,0.442,0.426,0.473,0.495,0.554,0.464,0.438,0.497,0.535,0.481,0.511,0.465,0.566,0.474,0.514,0.518,0.456,0.373,0.439,0.452,0.417,0.438,0.503,0.454,0.464,0.452,0.463,0.439,0.422,0.462,0.47,0.533,0.57,0.524,0.511,0.449,0.446,0.377,0.392,0.386
528,0.375,0.405,0.41,0.615,0.58,0.53,0.422,0.467,0.484,0.432,0.464,0.432,0.531,0.515,0.559,0.615,0.648,0.519,0.447,0.526,0.529,0.644,0.568,0.621,0.419,0.477,0.472,0.346,0.334,0.344,0.442,0.479,0.477,0.537,0.52,0.496,0.436,0.444,0.428,0.475,0.497,0.556,0.465,0.439,0.499,0.537,0.482,0.513,0.467,0.568,0.476,0.515,0.519,0.457,0.374,0.44,0.454,0.419,0.439,0.505,0.455,0.466,0.454,0.465,0.44,0.424,0.464,0.472,0.535,0.572,0.526,0.513,0.45,0.448,0.379,0.394,0.387
529,0.377,0.406,0.412,0.617,0.581,0.531,0.423,0.469,0.485,0.433,0.465,0.433,0.532,0.516,0.56,0.617,0.65,0.52,0.448,0.528,0.53,0.646,0.569,0.622,0.42,0.479,0.473,0.347,0.335,0.345,0.443,0.48,0.477,0.538,0.521,0.497,0.437,0.445,0.429,0.476,0.498,0.558,0.466,0.44,0.5,0.538,0.483,0.514,0.468,0.569,0.477,0.517,0.52,0.458,0.375,0.442,0.455,0.42,0.441,0.507,0.456,0.467,0.455,0.466,0.442,0.425,0.465,0.473,0.537,0.574,0.528,0.514,0.452,0.449,0.38,0.395,0.388
530,0.378,0.408,0.413,0.617,0.582,0.532,0.424,0.47,0.486,0.434,0.466,0.435,0.533,0.517,0.561,0.618,0.651,0.521,0.449,0.529,0.531,0.647,0.57,0.623,0.421,0.48,0.474,0.348,0.336,0.346,0.444,0.481,0.478,0.539,0.522,0.498,0.438,0.445,0.43,0.477,0.499,0.559,0.467,0.441,0.501,0.539,0.484,0.515,0.468,0.57,0.477,0.518,0.521,0.459,0.376,0.443,0.456,0.421,0.442,0.508,0.457,0.468,0.456,0.467,0.442,0.426,0.466,0.474,0.538,0.575,0.529,0.515,0.453,0.45,0.381,0.396,0.389
531,0.379,0.409,0.414,0.618,0.582,0.532,0.424,0.47,0.487,0.435,0.467,0.435,0.534,0.518,0.562,0.618,0.652,0.522,0.449,0.529,0.532,0.648,0.571,0.624,0.421,0.48,0.475,0.349,0.337,0.347,0.445,0.481,0.478,0.539,0.522,0.498,0.438,0.446,0.43,0.477,0.499,0.559,0.467,0.441,0.501,0.54,0.484,0.516,0.469,0.571,0.478,0.518,0.522,0.459,0.376,0.443,0.457,0.422,0.442,0.508,0.458,0.468,0.456,0.467,0.443,0.426,0.467,0.474,0.539,0.576,0.53,0.516,0.453,0.451,0.381,0.396,0.389
532,0.38,0.411,0.416,0.618,0.582,0.532,0.425,0.471,0.488,0.436,0.468,0.436,0.534,0.518,0.563,0.619,0.652,0.522,0.45,0.53,0.532,0.648,0.571,0.625,0.422,0.481,0.476,0.35,0.337,0.347,0.445,0.481,0.479,0.539,0.523,0.499,0.439,0.446,0.431,0.477,0.499,0.56,0.468,0.442,0.502,0.541,0.485,0.516,0.469,0.572,0.478,0.518,0.522,0.46,0.377,0.444,0.457,0.422,0.443,0.509,0.458,0.469,0.457,0.468,0.444,0.427,0.468,0.475,0.54,0.577,0.53,0.517,0.454,0.452,0.382,0.397,0.39
533,0.382,0.413,0.418,0.618,0.582,0.532,0.426,0.472,0.488,0.436,0.469,0.437,0.535,0.519,0.563,0.619,0.653,0.522,0.45,0.53,0.533,0.648,0.572,0.625,0.422,0.481,0.476,0.351,0.338,0.349,0.445,0.481,0.479,0.54,0.523,0.499,0.439,0.447,0.431,0.477,0.5,0.56,0.468,0.442,0.502,0.541,0.485,0.516,0.47,0.572,0.479,0.519,0.523,0.46,0.377,0.444,0.458,0.423,0.443,0.51,0.459,0.47,0.457,0.468,0.444,0.427,0.468,0.476,0.54,0.578,0.531,0.518,0.455,0.452,0.382,0.398,0.39
534,0.384,0.414,0.42,0.617,0.582,0.531,0.426,0.472,0.489,0.437,0.469,0.437,0.535,0.519,0.563,0.619,0.652,0.522,0.45,0.53,0.533,0.648,0.571,0.625,0.422,0.482,0.476,0.352,0.339,0.349,0.445,0.481,0.478,0.54,0.523,0.499,0.439,0.446,0.431,0.477,0.499,0.56,0.468,0.442,0.502,0.541,0.485,0.516,0.469,0.572,0.478,0.519,0.522,0.46,0.377,0.444,0.458,0.423,0.443,0.51,0.459,0.469,0.457,0.468,0.444,0.427,0.468,0.476,0.54,0.578,0.531,0.518,0.455,0.452,0.382,0.398,0.39
535,0.384,0.415,0.421,0.617,0.581,0.531,0.426,0.472,0.489,0.437,0.469,0.437,0.534,0.518,0.563,0.619,0.652,0.522,0.45,0.53,0.532,0.648,0.571,0.624,0.422,0.482,0.476,0.353,0.34,0.35,0.444,0.481,0.478,0.539,0.523,0.498,0.439,0.446,0.43,0.477,0.499,0.56,0.467,0.441,0.502,0.54,0.485,0.516,0.469,0.572,0.478,0.518,0.522,0.459,0.377,0.444,0.457,0.422,0.443,0.51,0.459,0.469,0.457,0.468,0.444,0.427,0.468,0.475,0.54,0.577,0.53,0.518,0.454,0.452,0.382,0.397,0.39
536,0.386,0.416,0.422,0.616,0.58,0.53,0.426,0.472,0.489,0.437,0.469,0.437,0.534,0.518,0.562,0.618,0.651,0.521,0.449,0.529,0.532,0.647,0.57,0.624,0.422,0.481,0.476,0.353,0.34,0.35,0.444,0.48,0.477,0.539,0.522,0.498,0.438,0.446,0.43,0.476,0.498,0.559,0.467,0.441,0.501,0.54,0.484,0.516,0.469,0.571,0.477,0.518,0.522,0.459,0.376,0.444,0.457,0.422,0.443,0.509,0.458,0.469,0.456,0.468,0.443,0.427,0.468,0.475,0.54,0.577,0.53,0.518,0.454,0.452,0.382,0.397,0.39
537,0.386,0.417,0.423,0.614,0.579,0.528,0.426,0.472,0.488,0.437,0.469,0.437,0.533,0.517,0.562,0.617,0.649,0.52,0.448,0.529,0.531,0.645,0.569,0.623,0.421,0.481,0.475,0.353,0.34,0.351,0.442,0.479,0.476,0.538,0.521,0.497,0.437,0.445,0.429,0.475,0.497,0.558,0.466,0.44,0.5,0.539,0.483,0.515,0.468,0.57,0.477,0.517,0.521,0.458,0.376,0.443,0.456,0.421,0.442,0.509,0.458,0.469,0.456,0.467,0.443,0.426,0.467,0.474,0.54,0.576,0.529,0.518,0.454,0.451,0.381,0.397,0.39
538,0.387,0.419,0.425,0.612,0.576,0.526,0.425,0.471,0.487,0.436,0.468,0.436,0.532,0.516,0.56,0.615,0.647,0.518,0.447,0.527,0.53,0.643,0.567,0.621,0.42,0.479,0.474,0.354,0.341,0.351,0.441,0.477,0.475,0.536,0.52,0.495,0.436,0.443,0.427,0.473,0.495,0.556,0.464,0.438,0.499,0.537,0.482,0.513,0.467,0.569,0.475,0.515,0.519,0.456,0.375,0.442,0.455,0.42,0.441,0.508,0.457,0.467,0.454,0.466,0.442,0.425,0.466,0.473,0.538,0.575,0.528,0.517,0.453,0.45,0.38,0.396,0.389
539,0.388,0.42,0.426,0.61,0.574,0.524,0.424,0.47,0.487,0.435,0.467,0.436,0.53,0.514,0.558,0.613,0.645,0.516,0.446,0.526,0.528,0.641,0.566,0.619,0.419,0.478,0.473,0.354,0.341,0.351,0.439,0.476,0.473,0.535,0.518,0.494,0.435,0.442,0.426,0.471,0.494,0.554,0.463,0.437,0.497,0.535,0.481,0.512,0.466,0.567,0.474,0.514,0.518,0.455,0.374,0.441,0.454,0.419,0.44,0.506,0.456,0.466,0.453,0.465,0.44,0.424,0.465,0.472,0.537,0.573,0.526,0.516,0.452,0.449,0.38,0.395,0.388
540,0.389,0.421,0.427,0.606,0.571,0.521,0.423,0.469,0.485,0.434,0.466,0.435,0.528,0.512,0.556,0.61,0.642,0.514,0.444,0.523,0.526,0.638,0.563,0.616,0.418,0.477,0.471,0.355,0.341,0.352,0.437,0.473,0.471,0.533,0.516,0.492,0.433,0.44,0.424,0.469,0.491,0.551,0.461,0.435,0.495,0.533,0.479,0.51,0.464,0.565,0.472,0.512,0.516,0.453,0.372,0.439,0.452,0.418,0.438,0.505,0.454,0.464,0.452,0.463,0.438,0.422,0.463,0.47,0.535,0.571,0.524,0.515,0.45,0.447,0.378,0.394,0.387
541,0.39,0.422,0.428,0.603,0.568,0.518,0.422,0.468,0.484,0.433,0.465,0.434,0.526,0.51,0.554,0.608,0.639,0.511,0.442,0.521,0.524,0.635,0.56,0.614,0.416,0.475,0.47,0.355,0.341,0.352,0.435,0.471,0.469,0.53,0.514,0.49,0.431,0.438,0.422,0.467,0.489,0.549,0.459,0.433,0.493,0.531,0.477,0.508,0.462,0.563,0.47,0.509,0.513,0.451,0.371,0.437,0.45,0.416,0.436,0.503,0.453,0.463,0.45,0.462,0.437,0.42,0.461,0.469,0.533,0.569,0.522,0.513,0.448,0.445,0.377,0.393,0.386
542,0.39,0.422,0.428,0.6,0.566,0.515,0.421,0.467,0.483,0.432,0.464,0.433,0.524,0.508,0.552,0.605,0.636,0.509,0.44,0.519,0.522,0.632,0.558,0.611,0.415,0.473,0.468,0.355,0.341,0.352,0.433,0.469,0.467,0.528,0.512,0.488,0.429,0.436,0.421,0.465,0.487,0.547,0.457,0.431,0.491,0.529,0.474,0.506,0.46,0.56,0.468,0.507,0.511,0.449,0.369,0.436,0.448,0.415,0.435,0.501,0.451,0.461,0.448,0.46,0.435,0.419,0.46,0.467,0.531,0.567,0.52,0.512,0.447,0.444,0.376,0.391,0.384
543,0.391,0.423,0.429,0.598,0.563,0.514,0.42,0.466,0.482,0.431,0.463,0.432,0.522,0.506,0.55,0.603,0.634,0.507,0.438,0.518,0.52,0.63,0.556,0.609,0.413,0.472,0.467,0.355,0.341,0.351,0.431,0.467,0.465,0.526,0.51,0.486,0.428,0.435,0.419,0.463,0.485,0.545,0.456,0.43,0.49,0.527,0.473,0.504,0.459,0.559,0.466,0.506,0.51,0.447,0.368,0.435,0.447,0.413,0.434,0.5,0.45,0.46,0.447,0.459,0.434,0.418,0.459,0.466,0.53,0.566,0.519,0.511,0.446,0.443,0.375,0.391,0.383
544,0.391,0.423,0.429,0.594,0.56,0.51,0.418,0.464,0.48,0.43,0.461,0.43,0.519,0.503,0.547,0.6,0.63,0.504,0.436,0.515,0.517,0.626,0.553,0.606,0.411,0.47,0.465,0.354,0.34,0.351,0.429,0.464,0.462,0.523,0.507,0.483,0.425,0.432,0.417,0.46,0.482,0.542,0.453,0.428,0.487,0.524,0.47,0.502,0.456,0.556,0.464,0.503,0.507,0.445,0.366,0.433,0.445,0.412,0.432,0.498,0.447,0.458,0.444,0.457,0.432,0.416,0.457,0.464,0.528,0.564,0.516,0.509,0.444,0.441,0.373,0.389,0.381
545,0.391,0.424,0.43,0.589,0.555,0.506,0.416,0.462,0.477,0.428,0.459,0.429,0.515,0.5,0.543,0.595,0.625,0.5,0.433,0.511,0.513,0.622,0.548,0.601,0.409,0.467,0.462,0.354,0.34,0.351,0.426,0.461,0.458,0.519,0.504,0.48,0.422,0.429,0.414,0.457,0.478,0.538,0.45,0.425,0.483,0.521,0.467,0.498,0.453,0.552,0.461,0.5,0.503,0.441,0.364,0.43,0.442,0.409,0.429,0.495,0.445,0.455,0.441,0.454,0.429,0.413,0.454,0.461,0.525,0.56,0.513,0.506,0.441,0.438,0.371,0.387,0.379
546,0.391,0.424,0.431,0.583,0.55,0.501,0.414,0.459,0.475,0.425,0.457,0.427,0.511,0.496,0.539,0.59,0.62,0.496,0.429,0.507,0.509,0.616,0.544,0.596,0.406,0.464,0.459,0.354,0.339,0.35,0.422,0.457,0.454,0.515,0.5,0.476,0.419,0.425,0.411,0.453,0.474,0.534,0.446,0.421,0.479,0.516,0.463,0.495,0.45,0.547,0.457,0.496,0.499,0.438,0.361,0.427,0.439,0.406,0.426,0.491,0.441,0.451,0.438,0.451,0.426,0.41,0.451,0.458,0.521,0.556,0.509,0.503,0.438,0.435,0.368,0.385,0.377
547,0.392,0.424,0.431,0.578,0.545,0.496,0.412,0.457,0.472,0.423,0.454,0.425,0.508,0.492,0.535,0.586,0.615,0.492,0.426,0.503,0.506,0.612,0.54,0.592,0.403,0.461,0.456,0.353,0.339,0.35,0.419,0.453,0.451,0.511,0.496,0.473,0.416,0.422,0.407,0.449,0.47,0.53,0.443,0.418,0.476,0.513,0.46,0.491,0.447,0.544,0.454,0.492,0.496,0.435,0.359,0.424,0.436,0.403,0.423,0.488,0.439,0.448,0.435,0.448,0.423,0.407,0.448,0.455,0.518,0.553,0.506,0.5,0.436,0.432,0.366,0.382,0.374
548,0.392,0.424,0.431,0.575,0.542,0.494,0.41,0.455,0.471,0.422,0.453,0.423,0.505,0.49,0.533,0.583,0.612,0.489,0.424,0.501,0.503,0.609,0.537,0.589,0.401,0.459,0.454,0.353,0.338,0.349,0.417,0.451,0.448,0.509,0.494,0.47,0.414,0.42,0.406,0.447,0.468,0.527,0.441,0.416,0.474,0.51,0.458,0.489,0.445,0.541,0.452,0.49,0.494,0.432,0.357,0.423,0.434,0.402,0.422,0.486,0.437,0.447,0.433,0.446,0.421,0.405,0.446,0.453,0.516,0.551,0.503,0.499,0.434,0.431,0.365,0.381,0.373
549,0.392,0.425,0.431,0.57,0.537,0.489,0.408,0.453,0.468,0.42,0.45,0.421,0.501,0.486,0.529,0.578,0.607,0.485,0.42,0.497,0.5,0.603,0.533,0.584,0.399,0.456,0.451,0.353,0.338,0.349,0.413,0.447,0.445,0.505,0.49,0.467,0.411,0.417,0.402,0.443,0.464,0.523,0.437,0.413,0.47,0.506,0.454,0.485,0.441,0.537,0.448,0.486,0.49,0.429,0.354,0.42,0.43,0.399,0.419,0.483,0.434,0.443,0.43,0.443,0.418,0.403,0.443,0.45,0.513,0.547,0.5,0.496,0.431,0.428,0.362,0.379,0.37
550,0.391,0.425,0.432,0.564,0.531,0.483,0.405,0.449,0.465,0.417,0.447,0.419,0.496,0.481,0.523,0.572,0.6,0.48,0.416,0.492,0.495,0.597,0.527,0.578,0.395,0.452,0.447,0.352,0.337,0.348,0.408,0.442,0.44,0.5,0.485,0.462,0.407,0.413,0.398,0.438,0.459,0.517,0.433,0.409,0.465,0.501,0.45,0.481,0.437,0.532,0.444,0.481,0.485,0.425,0.351,0.416,0.426,0.395,0.415,0.479,0.43,0.439,0.426,0.439,0.414,0.399,0.439,0.446,0.508,0.542,0.495,0.492,0.427,0.424,0.359,0.376,0.367
551,0.391,0.425,0.432,0.556,0.524,0.476,0.401,0.445,0.461,0.414,0.443,0.415,0.491,0.476,0.517,0.565,0.593,0.474,0.411,0.486,0.489,0.589,0.52,0.572,0.391,0.447,0.442,0.351,0.336,0.347,0.404,0.437,0.434,0.494,0.479,0.457,0.402,0.408,0.393,0.433,0.453,0.511,0.428,0.404,0.46,0.495,0.445,0.475,0.432,0.526,0.439,0.476,0.479,0.419,0.347,0.412,0.421,0.391,0.41,0.474,0.425,0.435,0.421,0.434,0.41,0.394,0.434,0.441,0.503,0.536,0.489,0.487,0.423,0.419,0.356,0.372,0.364
552,0.391,0.425,0.432,0.551,0.519,0.472,0.399,0.443,0.458,0.411,0.441,0.413,0.487,0.472,0.513,0.561,0.588,0.47,0.408,0.483,0.485,0.584,0.516,0.567,0.388,0.444,0.439,0.35,0.335,0.346,0.4,0.433,0.431,0.49,0.476,0.453,0.399,0.404,0.39,0.429,0.449,0.507,0.424,0.401,0.456,0.491,0.442,0.472,0.429,0.522,0.435,0.472,0.476,0.416,0.345,0.409,0.418,0.388,0.407,0.471,0.422,0.431,0.418,0.431,0.406,0.392,0.431,0.438,0.5,0.532,0.486,0.484,0.42,0.416,0.353,0.37,0.361
553,0.39,0.424,0.431,0.544,0.513,0.466,0.396,0.439,0.454,0.408,0.438,0.41,0.482,0.467,0.508,0.555,0.581,0.464,0.403,0.478,0.48,0.578,0.511,0.561,0.385,0.44,0.435,0.35,0.334,0.345,0.396,0.428,0.426,0.485,0.471,0.449,0.395,0.4,0.386,0.424,0.444,0.501,0.42,0.397,0.452,0.486,0.437,0.467,0.425,0.517,0.431,0.468,0.471,0.412,0.341,0.405,0.414,0.384,0.404,0.467,0.419,0.427,0.414,0.427,0.403,0.388,0.427,0.434,0.496,0.528,0.481,0.481,0.416,0.413,0.35,0.366,0.358
554,0.39,0.424,0.431,0.538,0.508,0.461,0.393,0.436,0.451,0.406,0.435,0.408,0.477,0.463,0.503,0.549,0.575,0.46,0.399,0.473,0.475,0.572,0.505,0.556,0.381,0.436,0.431,0.349,0.333,0.344,0.391,0.424,0.421,0.48,0.466,0.444,0.391,0.396,0.383,0.42,0.44,0.497,0.416,0.393,0.447,0.481,0.433,0.463,0.421,0.512,0.427,0.463,0.467,0.408,0.338,0.402,0.41,0.381,0.4,0.463,0.415,0.424,0.41,0.423,0.399,0.384,0.424,0.43,0.491,0.523,0.477,0.477,0.413,0.409,0.347,0.364,0.355
555,0.39,0.424,0.431,0.532,0.501,0.455,0.39,0.433,0.447,0.403,0.431,0.405,0.472,0.458,0.498,0.543,0.568,0.454,0.395,0.468,0.47,0.565,0.5,0.549,0.377,0.432,0.427,0.348,0.332,0.343,0.387,0.419,0.417,0.475,0.461,0.439,0.387,0.392,0.378,0.415,0.434,0.491,0.411,0.389,0.442,0.476,0.428,0.458,0.417,0.507,0.422,0.458,0.462,0.403,0.335,0.398,0.406,0.377,0.396,0.458,0.411,0.419,0.406,0.419,0.395,0.38,0.42,0.426,0.487,0.518,0.472,0.473,0.409,0.405,0.344,0.36,0.352
556,0.389,0.424,0.431,0.526,0.496,0.451,0.387,0.43,0.445,0.4,0.428,0.403,0.468,0.453,0.493,0.538,0.563,0.45,0.391,0.464,0.466,0.56,0.495,0.544,0.374,0.429,0.423,0.347,0.331,0.342,0.383,0.415,0.413,0.471,0.457,0.436,0.383,0.388,0.375,0.411,0.43,0.487,0.408,0.385,0.439,0.472,0.425,0.455,0.413,0.502,0.418,0.454,0.458,0.4,0.332,0.395,0.403,0.374,0.393,0.455,0.408,0.416,0.403,0.416,0.392,0.377,0.416,0.422,0.483,0.514,0.468,0.47,0.406,0.402,0.342,0.358,0.349
557,0.388,0.423,0.43,0.518,0.489,0.443,0.383,0.426,0.44,0.396,0.424,0.399,0.461,0.447,0.487,0.53,0.555,0.443,0.386,0.457,0.46,0.552,0.488,0.537,0.37,0.423,0.418,0.345,0.329,0.341,0.378,0.409,0.407,0.464,0.451,0.429,0.378,0.383,0.37,0.405,0.424,0.48,0.402,0.38,0.433,0.466,0.419,0.449,0.408,0.496,0.413,0.448,0.452,0.394,0.328,0.39,0.397,0.369,0.388,0.45,0.403,0.411,0.398,0.411,0.387,0.372,0.411,0.417,0.477,0.508,0.462,0.465,0.401,0.397,0.338,0.354,0.345
558,0.387,0.422,0.43,0.51,0.481,0.436,0.379,0.421,0.436,0.392,0.42,0.396,0.455,0.441,0.48,0.523,0.547,0.437,0.38,0.451,0.453,0.544,0.481,0.53,0.365,0.418,0.413,0.344,0.328,0.339,0.372,0.403,0.401,0.458,0.445,0.424,0.373,0.378,0.365,0.4,0.418,0.473,0.397,0.375,0.427,0.459,0.414,0.443,0.403,0.49,0.407,0.443,0.446,0.389,0.324,0.386,0.392,0.365,0.384,0.445,0.398,0.406,0.393,0.406,0.382,0.368,0.406,0.412,0.472,0.502,0.456,0.46,0.397,0.392,0.334,0.35,0.341
559,0.386,0.422,0.429,0.503,0.475,0.43,0.376,0.417,0.432,0.389,0.416,0.393,0.45,0.436,0.474,0.517,0.54,0.431,0.376,0.446,0.448,0.537,0.475,0.523,0.361,0.414,0.409,0.343,0.327,0.338,0.367,0.398,0.396,0.453,0.439,0.419,0.368,0.373,0.36,0.395,0.413,0.468,0.392,0.371,0.422,0.454,0.409,0.438,0.398,0.484,0.403,0.438,0.441,0.384,0.32,0.382,0.388,0.361,0.379,0.44,0.394,0.402,0.388,0.402,0.378,0.363,0.402,0.408,0.467,0.497,0.451,0.456,0.393,0.388,0.33,0.347,0.338
560,0.386,0.421,0.429,0.499,0.471,0.426,0.374,0.415,0.429,0.387,0.414,0.391,0.446,0.432,0.471,0.512,0.535,0.427,0.372,0.442,0.444,0.532,0.471,0.519,0.359,0.411,0.406,0.342,0.326,0.337,0.364,0.395,0.393,0.449,0.436,0.415,0.366,0.37,0.357,0.391,0.409,0.464,0.389,0.368,0.418,0.45,0.406,0.435,0.396,0.48,0.4,0.434,0.437,0.381,0.318,0.379,0.385,0.358,0.377,0.437,0.391,0.399,0.386,0.399,0.375,0.361,0.399,0.405,0.464,0.493,0.448,0.453,0.39,0.386,0.328,0.345,0.336
561,0.385,0.42,0.428,0.492,0.464,0.42,0.37,0.411,0.425,0.384,0.41,0.387,0.44,0.427,0.465,0.506,0.528,0.421,0.367,0.437,0.439,0.525,0.465,0.512,0.354,0.406,0.401,0.341,0.324,0.336,0.359,0.39,0.387,0.443,0.43,0.41,0.361,0.365,0.353,0.386,0.403,0.458,0.384,0.363,0.413,0.444,0.401,0.429,0.391,0.474,0.395,0.429,0.432,0.376,0.314,0.375,0.38,0.354,0.372,0.432,0.387,0.394,0.381,0.394,0.37,0.356,0.395,0.4,0.459,0.487,0.442,0.448,0.386,0.381,0.324,0.341,0.332
562,0.384,0.419,0.427,0.483,0.456,0.412,0.366,0.406,0.42,0.38,0.406,0.383,0.433,0.42,0.458,0.498,0.519,0.414,0.361,0.43,0.432,0.516,0.457,0.504,0.349,0.401,0.395,0.339,0.322,0.334,0.353,0.383,0.381,0.436,0.424,0.404,0.355,0.359,0.347,0.38,0.397,0.451,0.378,0.357,0.407,0.438,0.395,0.423,0.385,0.467,0.389,0.422,0.425,0.37,0.309,0.37,0.374,0.349,0.367,0.426,0.381,0.389,0.375,0.389,0.365,0.351,0.389,0.395,0.453,0.481,0.435,0.443,0.38,0.376,0.32,0.337,0.328
563,0.382,0.418,0.426,0.474,0.448,0.405,0.361,0.401,0.415,0.375,0.401,0.379,0.426,0.413,0.45,0.489,0.51,0.407,0.355,0.423,0.425,0.507,0.449,0.496,0.344,0.395,0.39,0.338,0.321,0.332,0.347,0.377,0.374,0.429,0.417,0.397,0.35,0.353,0.342,0.373,0.39,0.443,0.372,0.352,0.4,0.43,0.389,0.417,0.379,0.46,0.383,0.416,0.419,0.364,0.304,0.364,0.368,0.344,0.361,0.42,0.376,0.383,0.369,0.383,0.359,0.346,0.384,0.389,0.446,0.474,0.428,0.438,0.375,0.37,0.315,0.333,0.323
564,0.381,0.418,0.425,0.468,0.442,0.4,0.358,0.398,0.412,0.372,0.398,0.377,0.421,0.409,0.445,0.484,0.504,0.403,0.351,0.418,0.42,0.502,0.444,0.49,0.341,0.391,0.386,0.337,0.319,0.331,0.343,0.373,0.37,0.425,0.412,0.393,0.346,0.349,0.338,0.369,0.386,0.438,0.368,0.348,0.396,0.426,0.385,0.413,0.375,0.455,0.379,0.412,0.415,0.36,0.301,0.361,0.364,0.34,0.358,0.416,0.372,0.379,0.366,0.38,0.356,0.343,0.38,0.385,0.442,0.469,0.424,0.434,0.372,0.367,0.313,0.33,0.32
565,0.38,0.416,0.425,0.461,0.436,0.394,0.355,0.394,0.407,0.369,0.394,0.373,0.415,0.403,0.439,0.477,0.497,0.397,0.346,0.412,0.415,0.495,0.438,0.484,0.337,0.386,0.381,0.335,0.318,0.329,0.338,0.367,0.365,0.419,0.407,0.388,0.341,0.345,0.333,0.364,0.38,0.432,0.363,0.344,0.391,0.42,0.38,0.407,0.371,0.449,0.374,0.406,0.409,0.355,0.297,0.357,0.36,0.336,0.354,0.411,0.368,0.374,0.361,0.375,0.351,0.338,0.376,0.381,0.437,0.464,0.419,0.429,0.367,0.363,0.309,0.326,0.317
566,0.379,0.415,0.424,0.454,0.429,0.387,0.351,0.39,0.403,0.365,0.39,0.37,0.41,0.398,0.433,0.47,0.489,0.391,0.342,0.407,0.409,0.487,0.432,0.477,0.333,0.382,0.376,0.334,0.316,0.328,0.333,0.362,0.36,0.413,0.401,0.383,0.337,0.34,0.329,0.358,0.374,0.426,0.358,0.339,0.385,0.415,0.375,0.402,0.366,0.444,0.369,0.401,0.404,0.351,0.293,0.352,0.355,0.332,0.349,0.407,0.363,0.37,0.356,0.37,0.347,0.334,0.371,0.376,0.432,0.458,0.413,0.425,0.363,0.358,0.305,0.323,0.313
567,0.378,0.414,0.422,0.446,0.422,0.381,0.347,0.386,0.399,0.361,0.386,0.366,0.403,0.391,0.427,0.463,0.482,0.384,0.336,0.401,0.403,0.48,0.425,0.47,0.328,0.377,0.371,0.332,0.314,0.326,0.328,0.356,0.354,0.407,0.395,0.377,0.332,0.335,0.324,0.353,0.368,0.42,0.352,0.334,0.38,0.408,0.369,0.397,0.361,0.437,0.363,0.395,0.398,0.345,0.289,0.348,0.35,0.327,0.345,0.401,0.358,0.365,0.352,0.365,0.342,0.329,0.366,0.371,0.426,0.452,0.408,0.42,0.358,0.354,0.302,0.319,0.309
568,0.377,0.413,0.421,0.441,0.417,0.376,0.344,0.383,0.395,0.359,0.383,0.363,0.399,0.387,0.422,0.458,0.475,0.38,0.332,0.396,0.398,0.474,0.42,0.464,0.325,0.373,0.367,0.331,0.313,0.325,0.324,0.352,0.349,0.402,0.391,0.373,0.328,0.331,0.32,0.348,0.364,0.415,0.348,0.33,0.375,0.404,0.365,0.392,0.357,0.432,0.359,0.391,0.394,0.341,0.286,0.345,0.346,0.324,0.341,0.397,0.355,0.361,0.348,0.362,0.338,0.326,0.362,0.367,0.422,0.448,0.403,0.416,0.355,0.35,0.299,0.316,0.306
569,0.375,0.412,0.42,0.432,0.408,0.368,0.34,0.378,0.39,0.354,0.378,0.359,0.392,0.38,0.414,0.45,0.467,0.373,0.326,0.389,0.391,0.465,0.412,0.456,0.32,0.367,0.362,0.329,0.311,0.323,0.318,0.346,0.343,0.395,0.384,0.366,0.322,0.325,0.315,0.342,0.357,0.408,0.343,0.325,0.369,0.397,0.359,0.386,0.351,0.425,0.353,0.385,0.387,0.336,0.282,0.34,0.341,0.319,0.336,0.392,0.349,0.355,0.342,0.356,0.333,0.32,0.357,0.362,0.416,0.441,0.397,0.41,0.35,0.345,0.294,0.312,0.301
570,0.373,0.41,0.418,0.424,0.401,0.362,0.336,0.373,0.386,0.35,0.374,0.356,0.385,0.374,0.408,0.442,0.459,0.366,0.321,0.383,0.385,0.457,0.405,0.449,0.315,0.362,0.357,0.327,0.309,0.321,0.313,0.34,0.338,0.389,0.378,0.361,0.317,0.32,0.31,0.337,0.351,0.401,0.337,0.32,0.363,0.391,0.353,0.38,0.346,0.419,0.348,0.379,0.381,0.33,0.277,0.335,0.335,0.314,0.331,0.386,0.344,0.35,0.337,0.351,0.328,0.316,0.352,0.356,0.411,0.435,0.391,0.405,0.345,0.34,0.29,0.308,0.297
571,0.372,0.409,0.417,0.418,0.395,0.356,0.332,0.37,0.382,0.347,0.37,0.352,0.38,0.369,0.402,0.436,0.452,0.361,0.316,0.378,0.38,0.45,0.399,0.443,0.311,0.357,0.352,0.325,0.307,0.319,0.308,0.335,0.333,0.384,0.373,0.356,0.313,0.315,0.305,0.332,0.346,0.395,0.332,0.315,0.358,0.385,0.349,0.375,0.342,0.413,0.343,0.374,0.376,0.326,0.274,0.331,0.331,0.31,0.327,0.382,0.34,0.346,0.333,0.347,0.324,0.312,0.347,0.352,0.406,0.429,0.386,0.401,0.341,0.336,0.287,0.305,0.294
572,0.371,0.408,0.416,0.413,0.391,0.352,0.33,0.367,0.379,0.344,0.367,0.35,0.376,0.365,0.398,0.431,0.447,0.357,0.313,0.374,0.376,0.445,0.395,0.438,0.308,0.354,0.349,0.324,0.306,0.318,0.305,0.332,0.329,0.38,0.369,0.352,0.31,0.312,0.302,0.328,0.342,0.392,0.329,0.313,0.355,0.382,0.345,0.372,0.338,0.409,0.34,0.37,0.373,0.322,0.271,0.328,0.328,0.307,0.324,0.378,0.337,0.343,0.33,0.344,0.321,0.309,0.344,0.349,0.402,0.426,0.382,0.398,0.338,0.333,0.284,0.302,0.291
573,0.369,0.406,0.415,0.406,0.384,0.345,0.326,0.362,0.374,0.341,0.363,0.346,0.37,0.359,0.392,0.424,0.44,0.351,0.308,0.368,0.37,0.438,0.389,0.431,0.304,0.349,0.344,0.322,0.304,0.316,0.3,0.326,0.324,0.374,0.363,0.347,0.305,0.307,0.298,0.323,0.336,0.385,0.324,0.308,0.349,0.376,0.34,0.366,0.333,0.403,0.335,0.365,0.367,0.317,0.267,0.324,0.323,0.303,0.319,0.373,0.332,0.338,0.325,0.339,0.316,0.304,0.34,0.344,0.397,0.42,0.376,0.393,0.334,0.329,0.281,0.299,0.287
574,0.367,0.404,0.413,0.398,0.376,0.339,0.321,0.358,0.37,0.337,0.358,0.342,0.363,0.353,0.385,0.416,0.431,0.344,0.302,0.361,0.363,0.43,0.381,0.423,0.299,0.344,0.339,0.32,0.302,0.314,0.294,0.32,0.318,0.367,0.357,0.341,0.3,0.301,0.292,0.317,0.33,0.378,0.318,0.302,0.343,0.369,0.334,0.361,0.328,0.396,0.329,0.359,0.361,0.312,0.263,0.319,0.318,0.298,0.314,0.367,0.327,0.332,0.32,0.334,0.311,0.299,0.334,0.339,0.391,0.413,0.37,0.387,0.329,0.324,0.276,0.295,0.283
575,0.365,0.402,0.411,0.39,0.369,0.332,0.317,0.353,0.365,0.332,0.354,0.338,0.357,0.346,0.378,0.409,0.423,0.338,0.297,0.355,0.357,0.422,0.375,0.416,0.294,0.338,0.333,0.318,0.3,0.312,0.289,0.314,0.312,0.361,0.35,0.335,0.294,0.296,0.287,0.311,0.324,0.372,0.313,0.297,0.337,0.363,0.329,0.355,0.323,0.39,0.324,0.353,0.355,0.306,0.259,0.314,0.312,0.293,0.31,0.362,0.322,0.327,0.314,0.328,0.306,0.294,0.329,0.334,0.385,0.407,0.364,0.382,0.324,0.319,0.272,0.291,0.279
576,0.364,0.401,0.41,0.385,0.364,0.328,0.315,0.35,0.362,0.33,0.351,0.336,0.353,0.343,0.374,0.405,0.418,0.334,0.293,0.351,0.353,0.417,0.37,0.411,0.291,0.335,0.33,0.317,0.299,0.311,0.286,0.311,0.308,0.357,0.347,0.331,0.291,0.293,0.284,0.307,0.321,0.368,0.31,0.294,0.334,0.359,0.325,0.351,0.32,0.386,0.32,0.349,0.351,0.303,0.256,0.311,0.309,0.291,0.307,0.359,0.319,0.324,0.311,0.325,0.303,0.291,0.326,0.33,0.382,0.403,0.361,0.379,0.321,0.316,0.27,0.288,0.276
577,0.363,0.4,0.408,0.379,0.359,0.323,0.311,0.347,0.358,0.327,0.348,0.333,0.347,0.338,0.369,0.399,0.412,0.329,0.289,0.346,0.348,0.411,0.365,0.405,0.287,0.331,0.326,0.315,0.297,0.309,0.282,0.306,0.304,0.352,0.342,0.327,0.287,0.288,0.281,0.303,0.316,0.363,0.305,0.29,0.329,0.354,0.321,0.347,0.315,0.381,0.316,0.344,0.346,0.299,0.253,0.308,0.305,0.287,0.303,0.354,0.315,0.32,0.307,0.321,0.299,0.287,0.322,0.326,0.377,0.399,0.356,0.375,0.317,0.312,0.267,0.285,0.273
578,0.361,0.398,0.407,0.372,0.352,0.317,0.308,0.343,0.354,0.323,0.344,0.33,0.342,0.332,0.363,0.392,0.405,0.323,0.284,0.341,0.342,0.404,0.359,0.399,0.283,0.326,0.321,0.314,0.295,0.307,0.277,0.301,0.299,0.346,0.337,0.322,0.283,0.284,0.276,0.298,0.311,0.357,0.3,0.286,0.324,0.348,0.316,0.342,0.311,0.375,0.311,0.34,0.341,0.294,0.249,0.303,0.301,0.283,0.299,0.35,0.311,0.315,0.303,0.317,0.294,0.283,0.318,0.322,0.372,0.393,0.351,0.37,0.313,0.308,0.263,0.282,0.27
579,0.359,0.396,0.405,0.365,0.346,0.311,0.303,0.338,0.349,0.319,0.34,0.326,0.336,0.326,0.356,0.385,0.397,0.317,0.279,0.335,0.336,0.396,0.352,0.392,0.279,0.321,0.316,0.311,0.293,0.305,0.272,0.296,0.293,0.34,0.331,0.316,0.278,0.279,0.271,0.292,0.305,0.35,0.295,0.281,0.318,0.342,0.311,0.336,0.306,0.369,0.306,0.334,0.335,0.289,0.245,0.299,0.296,0.278,0.294,0.344,0.306,0.31,0.298,0.312,0.29,0.279,0.313,0.317,0.367,0.387,0.345,0.365,0.308,0.303,0.259,0.278,0.265
580,0.357,0.394,0.403,0.359,0.341,0.306,0.3,0.335,0.346,0.316,0.336,0.323,0.331,0.322,0.352,0.38,0.391,0.312,0.275,0.33,0.332,0.391,0.347,0.387,0.276,0.318,0.312,0.31,0.291,0.303,0.268,0.292,0.289,0.336,0.326,0.312,0.274,0.275,0.268,0.288,0.3,0.346,0.291,0.278,0.314,0.338,0.307,0.332,0.302,0.364,0.302,0.33,0.331,0.285,0.242,0.296,0.292,0.275,0.29,0.341,0.302,0.306,0.294,0.308,0.286,0.275,0.309,0.313,0.362,0.383,0.341,0.361,0.305,0.3,0.257,0.275,0.263
581,0.355,0.392,0.401,0.352,0.334,0.299,0.296,0.33,0.341,0.312,0.332,0.319,0.325,0.316,0.345,0.373,0.384,0.306,0.27,0.324,0.326,0.383,0.341,0.379,0.271,0.312,0.307,0.308,0.289,0.301,0.263,0.286,0.284,0.33,0.32,0.306,0.269,0.27,0.263,0.283,0.294,0.34,0.286,0.273,0.309,0.332,0.301,0.326,0.297,0.358,0.297,0.324,0.325,0.28,0.238,0.291,0.287,0.27,0.286,0.335,0.297,0.301,0.289,0.303,0.281,0.271,0.304,0.308,0.357,0.377,0.334,0.356,0.3,0.295,0.252,0.271,0.259
582,0.353,0.39,0.399,0.345,0.328,0.294,0.293,0.326,0.337,0.309,0.328,0.316,0.319,0.311,0.34,0.366,0.377,0.301,0.265,0.319,0.32,0.376,0.335,0.373,0.267,0.308,0.302,0.306,0.287,0.299,0.259,0.282,0.279,0.324,0.315,0.302,0.265,0.266,0.259,0.278,0.29,0.334,0.282,0.269,0.304,0.327,0.297,0.322,0.292,0.352,0.292,0.319,0.32,0.276,0.234,0.287,0.282,0.266,0.281,0.331,0.293,0.297,0.285,0.299,0.277,0.267,0.3,0.304,0.352,0.371,0.329,0.352,0.296,0.291,0.249,0.268,0.255
583,0.351,0.388,0.397,0.34,0.322,0.289,0.289,0.323,0.333,0.305,0.324,0.313,0.315,0.306,0.335,0.361,0.371,0.296,0.261,0.314,0.316,0.37,0.33,0.367,0.264,0.304,0.298,0.304,0.285,0.297,0.255,0.278,0.275,0.32,0.311,0.297,0.261,0.261,0.255,0.274,0.285,0.329,0.278,0.265,0.299,0.322,0.293,0.317,0.289,0.348,0.288,0.315,0.316,0.272,0.231,0.283,0.278,0.263,0.278,0.326,0.29,0.293,0.281,0.295,0.273,0.263,0.296,0.3,0.347,0.366,0.325,0.347,0.292,0.287,0.246,0.265,0.252
584,0.349,0.387,0.396,0.336,0.319,0.285,0.287,0.32,0.331,0.303,0.322,0.31,0.311,0.303,0.331,0.357,0.367,0.293,0.258,0.311,0.312,0.366,0.326,0.363,0.261,0.301,0.296,0.302,0.284,0.296,0.252,0.275,0.272,0.316,0.307,0.294,0.259,0.259,0.252,0.271,0.282,0.325,0.275,0.262,0.296,0.319,0.29,0.314,0.286,0.344,0.285,0.312,0.313,0.269,0.229,0.281,0.275,0.26,0.275,0.323,0.287,0.29,0.278,0.292,0.27,0.26,0.293,0.297,0.344,0.363,0.322,0.345,0.29,0.284,0.244,0.263,0.25
585,0.347,0.384,0.394,0.329,0.312,0.28,0.283,0.316,0.326,0.299,0.318,0.307,0.305,0.297,0.325,0.35,0.36,0.287,0.254,0.305,0.307,0.359,0.32,0.357,0.257,0.296,0.291,0.3,0.282,0.293,0.247,0.27,0.267,0.311,0.302,0.289,0.254,0.254,0.248,0.266,0.277,0.32,0.27,0.258,0.291,0.313,0.285,0.309,0.281,0.338,0.281,0.306,0.308,0.264,0.225,0.277,0.271,0.256,0.271,0.318,0.282,0.285,0.274,0.288,0.266,0.256,0.289,0.292,0.339,0.357,0.316,0.34,0.286,0.28,0.24,0.259,0.246
586,0.345,0.382,0.391,0.322,0.306,0.274,0.279,0.311,0.321,0.295,0.313,0.303,0.299,0.291,0.319,0.344,0.352,0.281,0.249,0.299,0.301,0.352,0.313,0.35,0.252,0.291,0.286,0.298,0.28,0.291,0.242,0.264,0.261,0.304,0.296,0.284,0.249,0.249,0.243,0.261,0.271,0.313,0.265,0.253,0.285,0.307,0.28,0.303,0.276,0.332,0.276,0.301,0.302,0.259,0.221,0.272,0.266,0.252,0.266,0.313,0.278,0.281,0.269,0.283,0.261,0.251,0.284,0.287,0.334,0.351,0.31,0.335,0.281,0.275,0.236,0.255,0.242
587,0.342,0.38,0.389,0.316,0.3,0.268,0.275,0.307,0.317,0.292,0.309,0.299,0.294,0.286,0.313,0.337,0.345,0.276,0.244,0.294,0.295,0.345,0.308,0.344,0.248,0.286,0.281,0.296,0.277,0.289,0.238,0.259,0.256,0.299,0.291,0.279,0.245,0.244,0.239,0.256,0.266,0.308,0.26,0.249,0.281,0.301,0.275,0.298,0.272,0.327,0.271,0.296,0.297,0.255,0.217,0.268,0.261,0.248,0.262,0.309,0.273,0.276,0.264,0.278,0.257,0.247,0.279,0.283,0.329,0.346,0.305,0.33,0.277,0.271,0.233,0.252,0.238
588,0.34,0.377,0.387,0.31,0.295,0.263,0.272,0.304,0.313,0.288,0.306,0.296,0.289,0.281,0.308,0.332,0.34,0.271,0.24,0.289,0.291,0.339,0.302,0.338,0.245,0.282,0.277,0.294,0.276,0.287,0.234,0.255,0.252,0.295,0.286,0.275,0.241,0.24,0.235,0.252,0.262,0.303,0.256,0.245,0.276,0.297,0.271,0.294,0.268,0.322,0.267,0.291,0.293,0.251,0.214,0.264,0.257,0.244,0.258,0.304,0.27,0.272,0.261,0.275,0.253,0.243,0.276,0.279,0.324,0.341,0.3,0.326,0.273,0.268,0.23,0.249,0.235
589,0.339,0.376,0.385,0.306,0.291,0.26,0.27,0.301,0.311,0.286,0.303,0.294,0.286,0.279,0.305,0.328,0.336,0.268,0.237,0.287,0.288,0.336,0.299,0.335,0.243,0.28,0.275,0.292,0.274,0.286,0.232,0.253,0.25,0.292,0.284,0.272,0.239,0.238,0.233,0.249,0.259,0.3,0.254,0.243,0.274,0.294,0.268,0.292,0.266,0.319,0.265,0.289,0.29,0.248,0.212,0.262,0.255,0.242,0.256,0.302,0.267,0.27,0.258,0.272,0.251,0.241,0.273,0.276,0.322,0.338,0.298,0.324,0.271,0.265,0.228,0.247,0.233
590,0.337,0.374,0.383,0.301,0.286,0.256,0.267,0.298,0.307,0.283,0.3,0.291,0.281,0.274,0.3,0.323,0.33,0.264,0.234,0.282,0.283,0.33,0.294,0.329,0.239,0.276,0.271,0.29,0.272,0.284,0.228,0.249,0.246,0.287,0.279,0.268,0.235,0.234,0.229,0.245,0.255,0.295,0.25,0.239,0.269,0.289,0.264,0.287,0.262,0.314,0.26,0.284,0.285,0.244,0.209,0.259,0.251,0.238,0.252,0.298,0.264,0.266,0.254,0.268,0.247,0.238,0.269,0.273,0.317,0.333,0.293,0.32,0.267,0.262,0.225,0.244,0.23
591,0.334,0.371,0.38,0.295,0.281,0.251,0.263,0.294,0.303,0.28,0.296,0.288,0.276,0.269,0.294,0.317,0.324,0.259,0.229,0.277,0.278,0.324,0.289,0.323,0.235,0.272,0.266,0.288,0.27,0.281,0.224,0.244,0.241,0.282,0.274,0.263,0.231,0.23,0.225,0.24,0.25,0.29,0.245,0.235,0.265,0.284,0.26,0.283,0.258,0.309,0.256,0.28,0.281,0.24,0.205,0.255,0.247,0.234,0.248,0.293,0.26,0.262,0.25,0.264,0.243,0.234,0.265,0.269,0.312,0.329,0.288,0.315,0.263,0.258,0.221,0.241,0.227
592,0.332,0.369,0.378,0.289,0.275,0.245,0.26,0.29,0.299,0.276,0.292,0.284,0.271,0.264,0.289,0.311,0.318,0.254,0.225,0.272,0.273,0.317,0.283,0.317,0.232,0.267,0.262,0.286,0.268,0.279,0.219,0.24,0.237,0.277,0.269,0.258,0.227,0.226,0.221,0.236,0.245,0.285,0.241,0.231,0.26,0.28,0.255,0.278,0.253,0.303,0.252,0.275,0.276,0.236,0.202,0.251,0.243,0.231,0.244,0.289,0.255,0.257,0.246,0.26,0.239,0.23,0.261,0.264,0.308,0.323,0.284,0.311,0.259,0.254,0.218,0.237,0.223
593,0.33,0.367,0.376,0.285,0.272,0.242,0.257,0.287,0.296,0.274,0.289,0.282,0.268,0.261,0.286,0.308,0.314,0.251,0.222,0.269,0.27,0.313,0.28,0.314,0.229,0.264,0.259,0.284,0.266,0.278,0.217,0.237,0.234,0.274,0.266,0.256,0.224,0.223,0.219,0.233,0.242,0.281,0.238,0.229,0.257,0.276,0.253,0.275,0.251,0.3,0.249,0.272,0.273,0.233,0.2,0.249,0.24,0.228,0.242,0.286,0.253,0.255,0.243,0.257,0.237,0.228,0.258,0.262,0.305,0.32,0.281,0.308,0.257,0.251,0.216,0.235,0.221
594,0.328,0.365,0.374,0.281,0.267,0.238,0.254,0.284,0.293,0.271,0.286,0.279,0.264,0.257,0.281,0.303,0.309,0.247,0.219,0.265,0.266,0.308,0.276,0.309,0.226,0.261,0.255,0.282,0.264,0.276,0.213,0.233,0.23,0.27,0.262,0.252,0.221,0.22,0.215,0.23,0.238,0.277,0.235,0.225,0.253,0.272,0.249,0.271,0.247,0.296,0.246,0.268,0.269,0.23,0.197,0.246,0.236,0.225,0.238,0.282,0.25,0.251,0.24,0.254,0.234,0.224,0.255,0.258,0.301,0.316,0.277,0.304,0.254,0.248,0.213,0.233,0.218
595,0.326,0.363,0.372,0.276,0.263,0.234,0.252,0.281,0.29,0.268,0.283,0.276,0.26,0.253,0.277,0.298,0.304,0.243,0.216,0.261,0.262,0.304,0.271,0.304,0.223,0.257,0.252,0.281,0.263,0.274,0.21,0.23,0.227,0.266,0.259,0.248,0.218,0.217,0.212,0.226,0.235,0.273,0.232,0.222,0.25,0.268,0.246,0.268,0.244,0.292,0.242,0.265,0.265,0.227,0.195,0.242,0.233,0.222,0.235,0.279,0.246,0.248,0.237,0.251,0.23,0.221,0.252,0.255,0.297,0.312,0.273,0.301,0.25,0.245,0.21,0.23,0.216
596,0.324,0.36,0.37,0.271,0.258,0.23,0.249,0.278,0.286,0.265,0.28,0.274,0.256,0.249,0.273,0.294,0.299,0.239,0.212,0.257,0.258,0.299,0.267,0.299,0.22,0.254,0.249,0.278,0.261,0.272,0.207,0.226,0.223,0.262,0.255,0.245,0.215,0.213,0.209,0.223,0.231,0.269,0.228,0.219,0.246,0.264,0.242,0.264,0.24,0.288,0.239,0.261,0.262,0.223,0.192,0.239,0.23,0.219,0.232,0.275,0.243,0.244,0.234,0.247,0.227,0.218,0.248,0.251,0.293,0.308,0.269,0.297,0.247,0.242,0.208,0.227,0.213
597,0.322,0.359,0.368,0.268,0.255,0.227,0.247,0.275,0.284,0.263,0.278,0.272,0.253,0.246,0.27,0.29,0.295,0.236,0.21,0.254,0.255,0.295,0.264,0.296,0.218,0.251,0.246,0.277,0.259,0.271,0.204,0.224,0.22,0.259,0.252,0.242,0.212,0.211,0.207,0.22,0.228,0.266,0.226,0.217,0.243,0.261,0.239,0.262,0.238,0.285,0.236,0.258,0.259,0.221,0.19,0.237,0.228,0.217,0.23,0.272,0.241,0.242,0.231,0.245,0.225,0.216,0.246,0.249,0.29,0.305,0.266,0.294,0.245,0.239,0.206,0.225,0.211
598,0.32,0.356,0.365,0.263,0.251,0.223,0.243,0.272,0.281,0.26,0.275,0.269,0.248,0.242,0.265,0.285,0.29,0.232,0.206,0.25,0.251,0.29,0.259,0.291,0.215,0.248,0.242,0.275,0.257,0.268,0.201,0.22,0.217,0.255,0.248,0.238,0.209,0.207,0.204,0.216,0.224,0.262,0.222,0.214,0.239,0.257,0.236,0.258,0.234,0.28,0.233,0.254,0.255,0.217,0.187,0.234,0.224,0.214,0.227,0.269,0.237,0.238,0.228,0.241,0.221,0.213,0.242,0.246,0.286,0.3,0.262,0.291,0.242,0.236,0.203,0.223,0.208
599,0.318,0.354,0.363,0.258,0.246,0.219,0.241,0.269,0.277,0.257,0.271,0.266,0.244,0.238,0.261,0.281,0.285,0.228,0.203,0.246,0.247,0.285,0.255,0.286,0.211,0.244,0.239,0.273,0.255,0.266,0.198,0.217,0.213,0.251,0.244,0.234,0.206,0.204,0.201,0.213,0.221,0.258,0.218,0.211,0.236,0.253,0.232,0.254,0.231,0.276,0.229,0.251,0.251,0.214,0.184,0.231,0.221,0.211,0.224,0.265,0.234,0.235,0.225,0.238,0.218,0.21,0.239,0.242,0.283,0.297,0.259,0.287,0.239,0.233,0.201,0.22,0.205
600,0.315,0.351,0.36,0.254,0.242,0.216,0.238,0.266,0.274,0.254,0.269,0.263,0.241,0.235,0.257,0.277,0.281,0.224,0.2,0.243,0.244,0.281,0.251,0.282,0.209,0.241,0.236,0.271,0.254,0.265,0.195,0.214,0.21,0.247,0.24,0.231,0.203,0.201,0.198,0.21,0.217,0.254,0.216,0.208,0.232,0.25,0.229,0.251,0.228,0.272,0.226,0.247,0.248,0.211,0.182,0.229,0.218,0.208,0.221,0.262,0.231,0.232,0.222,0.235,0.216,0.207,0.236,0.239,0.279,0.293,0.255,0.284,0.236,0.23,0.198,0.218,0.203
601,0.313,0.349,0.358,0.25,0.238,0.212,0.235,0.263,0.271,0.252,0.265,0.26,0.237,0.231,0.253,0.272,0.276,0.221,0.197,0.239,0.24,0.276,0.247,0.278,0.206,0.238,0.232,0.269,0.252,0.263,0.192,0.21,0.207,0.243,0.236,0.228,0.2,0.198,0.195,0.206,0.214,0.25,0.212,0.205,0.229,0.246,0.226,0.247,0.225,0.268,0.223,0.243,0.244,0.208,0.179,0.225,0.215,0.205,0.218,0.259,0.228,0.229,0.219,0.232,0.212,0.204,0.233,0.236,0.276,0.289,0.251,0.28,0.233,0.227,0.196,0.215,0.2
602,0.311,0.347,0.356,0.246,0.235,0.209,0.233,0.261,0.268,0.249,0.263,0.258,0.234,0.228,0.25,0.269,0.273,0.218,0.194,0.236,0.237,0.272,0.244,0.275,0.204,0.235,0.23,0.267,0.25,0.261,0.19,0.208,0.204,0.24,0.234,0.225,0.198,0.196,0.192,0.204,0.211,0.247,0.21,0.203,0.226,0.243,0.224,0.244,0.223,0.266,0.221,0.241,0.241,0.205,0.177,0.223,0.212,0.203,0.215,0.256,0.226,0.226,0.216,0.23,0.21,0.202,0.23,0.234,0.273,0.286,0.248,0.278,0.23,0.225,0.194,0.213,0.198
603,0.308,0.344,0.354,0.241,0.231,0.205,0.23,0.257,0.265,0.246,0.26,0.255,0.23,0.224,0.246,0.264,0.268,0.214,0.191,0.232,0.233,0.267,0.24,0.27,0.201,0.232,0.226,0.265,0.248,0.259,0.186,0.204,0.201,0.236,0.23,0.221,0.194,0.192,0.189,0.2,0.207,0.242,0.206,0.199,0.223,0.239,0.22,0.241,0.219,0.261,0.217,0.237,0.237,0.202,0.174,0.22,0.209,0.2,0.212,0.252,0.222,0.223,0.213,0.226,0.207,0.198,0.227,0.23,0.269,0.281,0.244,0.274,0.227,0.221,0.191,0.21,0.195
604,0.306,0.342,0.351,0.237,0.227,0.202,0.227,0.254,0.262,0.244,0.257,0.253,0.226,0.221,0.242,0.26,0.263,0.21,0.188,0.228,0.23,0.263,0.236,0.265,0.198,0.228,0.223,0.263,0.246,0.257,0.183,0.201,0.198,0.233,0.226,0.218,0.192,0.189,0.186,0.197,0.204,0.239,0.203,0.197,0.219,0.235,0.217,0.237,0.216,0.258,0.214,0.234,0.234,0.199,0.172,0.217,0.206,0.197,0.209,0.249,0.219,0.22,0.21,0.223,0.204,0.196,0.224,0.227,0.265,0.278,0.24,0.271,0.224,0.219,0.188,0.208,0.193
605,0.304,0.34,0.349,0.234,0.224,0.199,0.225,0.251,0.259,0.241,0.254,0.25,0.223,0.218,0.239,0.257,0.26,0.207,0.185,0.226,0.227,0.259,0.233,0.262,0.196,0.226,0.221,0.261,0.244,0.255,0.181,0.199,0.195,0.23,0.223,0.215,0.189,0.187,0.184,0.195,0.201,0.236,0.201,0.194,0.216,0.233,0.214,0.234,0.214,0.254,0.211,0.231,0.231,0.196,0.17,0.215,0.203,0.195,0.207,0.246,0.217,0.217,0.207,0.221,0.201,0.193,0.221,0.225,0.262,0.275,0.238,0.268,0.222,0.216,0.186,0.206,0.191
606,0.303,0.339,0.348,0.232,0.222,0.197,0.224,0.25,0.258,0.24,0.253,0.249,0.221,0.216,0.237,0.255,0.257,0.206,0.184,0.224,0.225,0.257,0.231,0.26,0.194,0.224,0.219,0.26,0.243,0.254,0.179,0.197,0.193,0.228,0.222,0.214,0.188,0.185,0.183,0.193,0.2,0.234,0.199,0.193,0.215,0.231,0.212,0.233,0.212,0.252,0.21,0.229,0.229,0.195,0.169,0.214,0.202,0.193,0.206,0.244,0.215,0.216,0.206,0.219,0.2,0.192,0.22,0.223,0.261,0.273,0.236,0.266,0.22,0.215,0.185,0.205,0.189
607,0.301,0.337,0.345,0.229,0.219,0.194,0.221,0.248,0.255,0.238,0.25,0.247,0.218,0.213,0.234,0.251,0.254,0.203,0.181,0.221,0.222,0.254,0.228,0.256,0.192,0.222,0.216,0.258,0.242,0.252,0.177,0.195,0.191,0.225,0.219,0.211,0.185,0.183,0.18,0.191,0.197,0.231,0.197,0.191,0.212,0.228,0.21,0.23,0.21,0.249,0.207,0.227,0.227,0.192,0.167,0.211,0.2,0.191,0.203,0.242,0.213,0.213,0.203,0.217,0.198,0.19,0.217,0.22,0.258,0.27,0.233,0.263,0.218,0.212,0.183,0.203,0.187
608,0.299,0.334,0.343,0.225,0.215,0.191,0.219,0.245,0.252,0.235,0.247,0.244,0.215,0.21,0.23,0.247,0.249,0.2,0.178,0.218,0.219,0.25,0.224,0.252,0.189,0.219,0.213,0.256,0.24,0.25,0.174,0.192,0.188,0.222,0.215,0.208,0.183,0.18,0.178,0.188,0.194,0.227,0.194,0.188,0.209,0.224,0.207,0.227,0.207,0.246,0.205,0.223,0.223,0.19,0.164,0.209,0.197,0.189,0.201,0.239,0.21,0.21,0.201,0.214,0.195,0.187,0.215,0.218,0.255,0.266,0.23,0.26,0.215,0.21,0.181,0.2,0.185
609,0.296,0.331,0.34,0.221,0.211,0.187,0.216,0.241,0.249,0.232,0.244,0.241,0.211,0.206,0.226,0.243,0.245,0.196,0.175,0.214,0.215,0.245,0.22,0.248,0.187,0.215,0.21,0.254,0.238,0.248,0.171,0.189,0.185,0.218,0.212,0.205,0.18,0.177,0.175,0.185,0.191,0.224,0.191,0.185,0.205,0.221,0.204,0.224,0.204,0.242,0.202,0.22,0.22,0.187,0.162,0.206,0.194,0.186,0.198,0.235,0.207,0.207,0.198,0.211,0.192,0.184,0.211,0.214,0.251,0.262,0.227,0.257,0.212,0.207,0.178,0.198,0.182
610,0.294,0.329,0.338,0.217,0.208,0.184,0.214,0.239,0.246,0.23,0.242,0.239,0.208,0.203,0.223,0.239,0.241,0.193,0.173,0.211,0.212,0.241,0.217,0.244,0.184,0.212,0.207,0.252,0.236,0.246,0.169,0.186,0.182,0.215,0.209,0.202,0.177,0.174,0.172,0.182,0.188,0.22,0.188,0.183,0.203,0.218,0.201,0.221,0.201,0.239,0.199,0.217,0.217,0.184,0.16,0.203,0.191,0.183,0.195,0.232,0.204,0.204,0.195,0.208,0.19,0.182,0.209,0.212,0.248,0.259,0.223,0.254,0.21,0.204,0.176,0.196,0.18
611,0.293,0.328,0.336,0.215,0.206,0.183,0.212,0.237,0.245,0.228,0.24,0.237,0.206,0.201,0.221,0.237,0.239,0.191,0.171,0.209,0.21,0.239,0.215,0.242,0.183,0.211,0.206,0.251,0.235,0.245,0.167,0.184,0.18,0.213,0.207,0.2,0.176,0.173,0.171,0.18,0.186,0.218,0.186,0.181,0.201,0.216,0.199,0.219,0.199,0.237,0.197,0.215,0.215,0.182,0.158,0.202,0.19,0.182,0.194,0.231,0.203,0.203,0.194,0.206,0.188,0.18,0.207,0.21,0.246,0.257,0.222,0.252,0.208,0.203,0.175,0.194,0.178
612,0.291,0.326,0.334,0.212,0.203,0.18,0.21,0.235,0.242,0.226,0.238,0.235,0.204,0.199,0.218,0.234,0.236,0.189,0.169,0.207,0.208,0.236,0.212,0.239,0.18,0.209,0.203,0.249,0.233,0.243,0.165,0.182,0.178,0.21,0.204,0.198,0.174,0.171,0.169,0.178,0.184,0.216,0.184,0.179,0.199,0.214,0.197,0.217,0.197,0.234,0.195,0.213,0.213,0.18,0.157,0.2,0.187,0.18,0.192,0.228,0.201,0.2,0.191,0.204,0.186,0.178,0.205,0.208,0.244,0.255,0.219,0.249,0.206,0.201,0.173,0.193,0.176
613,0.289,0.323,0.332,0.209,0.2,0.177,0.208,0.233,0.239,0.224,0.235,0.233,0.201,0.196,0.215,0.231,0.233,0.186,0.167,0.204,0.205,0.233,0.209,0.236,0.178,0.206,0.201,0.247,0.231,0.242,0.163,0.179,0.175,0.208,0.202,0.195,0.172,0.169,0.167,0.175,0.181,0.213,0.182,0.177,0.196,0.21,0.194,0.214,0.195,0.231,0.193,0.21,0.21,0.178,0.155,0.198,0.185,0.178,0.19,0.226,0.198,0.198,0.189,0.202,0.184,0.176,0.203,0.206,0.241,0.252,0.217,0.247,0.204,0.199,0.171,0.191,0.174
614,0.286,0.321,0.329,0.205,0.197,0.174,0.205,0.23,0.237,0.221,0.233,0.231,0.198,0.193,0.212,0.228,0.229,0.183,0.164,0.201,0.202,0.229,0.206,0.232,0.176,0.203,0.198,0.245,0.229,0.239,0.161,0.177,0.173,0.204,0.199,0.192,0.169,0.166,0.164,0.173,0.178,0.21,0.179,0.174,0.193,0.207,0.192,0.211,0.192,0.228,0.19,0.207,0.207,0.175,0.153,0.195,0.182,0.175,0.187,0.223,0.196,0.195,0.186,0.199,0.181,0.174,0.2,0.203,0.238,0.248,0.214,0.243,0.201,0.196,0.169,0.188,0.172
615,0.284,0.319,0.328,0.203,0.195,0.172,0.204,0.228,0.235,0.22,0.231,0.229,0.195,0.191,0.21,0.225,0.226,0.181,0.163,0.199,0.2,0.226,0.203,0.23,0.174,0.201,0.196,0.244,0.228,0.238,0.159,0.175,0.171,0.202,0.197,0.19,0.167,0.164,0.163,0.171,0.176,0.207,0.177,0.173,0.191,0.205,0.19,0.209,0.19,0.225,0.188,0.205,0.205,0.173,0.151,0.194,0.18,0.173,0.185,0.221,0.194,0.193,0.185,0.197,0.179,0.172,0.198,0.201,0.235,0.246,0.211,0.241,0.199,0.194,0.168,0.187,0.171
616,0.282,0.316,0.325,0.2,0.192,0.17,0.201,0.225,0.232,0.217,0.228,0.227,0.193,0.188,0.207,0.222,0.223,0.178,0.16,0.196,0.197,0.223,0.2,0.226,0.172,0.199,0.194,0.242,0.226,0.236,0.157,0.173,0.168,0.2,0.194,0.188,0.165,0.162,0.16,0.168,0.174,0.204,0.175,0.171,0.188,0.202,0.187,0.206,0.188,0.222,0.186,0.202,0.202,0.171,0.149,0.191,0.178,0.171,0.183,0.218,0.191,0.191,0.182,0.195,0.177,0.169,0.196,0.199,0.233,0.243,0.208,0.239,0.197,0.192,0.166,0.185,0.169
617,0.28,0.314,0.323,0.197,0.189,0.167,0.199,0.223,0.23,0.215,0.226,0.225,0.19,0.186,0.204,0.219,0.22,0.176,0.158,0.194,0.195,0.22,0.198,0.223,0.17,0.196,0.191,0.24,0.225,0.235,0.155,0.171,0.166,0.197,0.192,0.186,0.163,0.16,0.158,0.166,0.172,0.202,0.173,0.169,0.186,0.2,0.185,0.204,0.186,0.22,0.184,0.2,0.2,0.169,0.148,0.189,0.176,0.169,0.181,0.216,0.189,0.189,0.18,0.193,0.175,0.168,0.193,0.197,0.23,0.24,0.206,0.236,0.195,0.19,0.164,0.183,0.167
618,0.278,0.312,0.321,0.194,0.187,0.165,0.198,0.221,0.228,0.213,0.224,0.223,0.188,0.184,0.202,0.216,0.217,0.174,0.156,0.191,0.192,0.217,0.195,0.221,0.168,0.194,0.189,0.239,0.223,0.233,0.153,0.169,0.164,0.195,0.189,0.183,0.161,0.158,0.157,0.164,0.169,0.2,0.171,0.167,0.184,0.198,0.183,0.202,0.184,0.217,0.182,0.198,0.198,0.167,0.146,0.188,0.174,0.168,0.179,0.213,0.187,0.187,0.178,0.191,0.173,0.166,0.191,0.195,0.228,0.238,0.204,0.234,0.193,0.188,0.162,0.181,0.165
619,0.276,0.31,0.319,0.192,0.184,0.163,0.196,0.219,0.225,0.211,0.222,0.221,0.185,0.181,0.199,0.214,0.214,0.171,0.154,0.189,0.19,0.214,0.193,0.218,0.166,0.192,0.187,0.237,0.221,0.231,0.151,0.166,0.162,0.192,0.187,0.181,0.159,0.156,0.155,0.162,0.167,0.197,0.169,0.165,0.181,0.195,0.181,0.199,0.182,0.215,0.179,0.195,0.195,0.165,0.144,0.185,0.172,0.165,0.177,0.211,0.185,0.184,0.176,0.189,0.171,0.164,0.189,0.192,0.225,0.235,0.201,0.231,0.191,0.186,0.16,0.179,0.163
620,0.275,0.308,0.317,0.189,0.182,0.161,0.194,0.217,0.224,0.21,0.22,0.219,0.183,0.179,0.197,0.211,0.212,0.17,0.153,0.187,0.188,0.212,0.191,0.216,0.165,0.19,0.185,0.235,0.22,0.23,0.149,0.165,0.161,0.19,0.185,0.179,0.158,0.154,0.153,0.161,0.165,0.195,0.167,0.163,0.18,0.193,0.179,0.197,0.18,0.213,0.178,0.194,0.193,0.164,0.143,0.184,0.17,0.164,0.175,0.209,0.184,0.183,0.174,0.187,0.17,0.162,0.188,0.191,0.223,0.233,0.199,0.23,0.189,0.184,0.159,0.178,0.162
621,0.272,0.306,0.315,0.186,0.179,0.158,0.192,0.215,0.221,0.207,0.218,0.217,0.181,0.177,0.194,0.208,0.208,0.167,0.15,0.185,0.185,0.208,0.188,0.212,0.163,0.188,0.183,0.234,0.219,0.228,0.147,0.163,0.158,0.188,0.182,0.177,0.156,0.152,0.151,0.158,0.163,0.192,0.165,0.161,0.177,0.191,0.177,0.195,0.178,0.21,0.176,0.191,0.191,0.161,0.141,0.182,0.168,0.162,0.173,0.207,0.181,0.18,0.172,0.185,0.167,0.16,0.185,0.188,0.221,0.23,0.197,0.227,0.187,0.182,0.157,0.176,0.16
622,0.27,0.304,0.312,0.184,0.177,0.156,0.19,0.212,0.219,0.205,0.215,0.215,0.178,0.174,0.191,0.205,0.206,0.165,0.148,0.182,0.183,0.206,0.185,0.21,0.161,0.186,0.18,0.232,0.217,0.226,0.145,0.161,0.156,0.185,0.18,0.175,0.154,0.15,0.149,0.156,0.161,0.19,0.163,0.159,0.175,0.188,0.175,0.193,0.176,0.207,0.173,0.189,0.188,0.159,0.139,0.18,0.166,0.16,0.171,0.204,0.179,0.178,0.17,0.183,0.165,0.158,0.183,0.186,0.218,0.227,0.194,0.225,0.185,0.18,0.156,0.174,0.158
623,0.268,0.302,0.31,0.181,0.175,0.154,0.188,0.211,0.217,0.204,0.214,0.213,0.176,0.172,0.189,0.203,0.203,0.163,0.147,0.18,0.181,0.203,0.183,0.207,0.159,0.184,0.178,0.23,0.216,0.225,0.143,0.159,0.154,0.183,0.178,0.173,0.152,0.148,0.147,0.154,0.159,0.188,0.161,0.158,0.173,0.186,0.173,0.191,0.174,0.205,0.172,0.187,0.186,0.158,0.138,0.178,0.164,0.158,0.169,0.202,0.178,0.176,0.169,0.181,0.164,0.157,0.181,0.184,0.216,0.225,0.192,0.222,0.183,0.178,0.154,0.173,0.157
624,0.267,0.3,0.308,0.179,0.172,0.152,0.186,0.208,0.215,0.202,0.211,0.211,0.174,0.17,0.187,0.201,0.201,0.161,0.145,0.178,0.179,0.201,0.181,0.205,0.158,0.182,0.177,0.229,0.214,0.223,0.142,0.157,0.153,0.181,0.176,0.171,0.15,0.147,0.146,0.153,0.157,0.185,0.159,0.156,0.171,0.184,0.171,0.189,0.172,0.203,0.17,0.185,0.184,0.156,0.137,0.176,0.162,0.157,0.167,0.2,0.176,0.174,0.167,0.179,0.162,0.155,0.179,0.183,0.214,0.223,0.19,0.22,0.181,0.176,0.152,0.171,0.155
625,0.265,0.298,0.307,0.177,0.171,0.151,0.185,0.207,0.213,0.201,0.21,0.21,0.173,0.169,0.185,0.199,0.199,0.159,0.144,0.176,0.177,0.199,0.179,0.203,0.156,0.18,0.175,0.227,0.213,0.222,0.141,0.156,0.151,0.179,0.174,0.17,0.149,0.145,0.144,0.151,0.156,0.184,0.158,0.155,0.17,0.182,0.169,0.187,0.171,0.201,0.169,0.183,0.183,0.155,0.135,0.175,0.161,0.155,0.166,0.199,0.174,0.173,0.165,0.177,0.161,0.154,0.178,0.181,0.212,0.221,0.188,0.219,0.18,0.175,0.151,0.17,0.154
626,0.263,0.296,0.304,0.175,0.168,0.148,0.183,0.205,0.211,0.199,0.208,0.208,0.17,0.167,0.183,0.196,0.196,0.157,0.142,0.174,0.175,0.196,0.177,0.2,0.155,0.178,0.173,0.226,0.211,0.22,0.139,0.154,0.149,0.177,0.172,0.167,0.147,0.143,0.143,0.149,0.154,0.181,0.156,0.153,0.168,0.18,0.167,0.185,0.169,0.198,0.167,0.181,0.18,0.153,0.134,0.173,0.159,0.154,0.164,0.196,0.172,0.171,0.164,0.175,0.159,0.152,0.176,0.179,0.21,0.218,0.186,0.216,0.178,0.173,0.15,0.168,0.152
627,0.261,0.294,0.302,0.172,0.166,0.147,0.181,0.203,0.209,0.197,0.206,0.206,0.168,0.164,0.18,0.194,0.193,0.155,0.14,0.172,0.173,0.193,0.175,0.197,0.153,0.176,0.171,0.224,0.209,0.219,0.137,0.152,0.147,0.175,0.17,0.165,0.145,0.142,0.141,0.147,0.152,0.179,0.154,0.151,0.166,0.178,0.165,0.183,0.167,0.196,0.165,0.179,0.178,0.151,0.132,0.172,0.157,0.152,0.162,0.194,0.171,0.169,0.162,0.173,0.157,0.15,0.174,0.177,0.207,0.216,0.184,0.214,0.176,0.171,0.148,0.167,0.15
628,0.26,0.292,0.3,0.17,0.164,0.145,0.18,0.201,0.207,0.195,0.204,0.204,0.166,0.163,0.178,0.192,0.191,0.153,0.138,0.171,0.171,0.191,0.173,0.195,0.151,0.175,0.169,0.223,0.208,0.217,0.136,0.15,0.146,0.173,0.168,0.164,0.144,0.14,0.14,0.146,0.15,0.177,0.152,0.15,0.164,0.176,0.164,0.181,0.165,0.194,0.163,0.177,0.176,0.149,0.131,0.17,0.156,0.15,0.161,0.193,0.169,0.167,0.16,0.172,0.156,0.149,0.172,0.176,0.206,0.214,0.182,0.212,0.174,0.17,0.147,0.165,0.149
629,0.259,0.291,0.299,0.169,0.163,0.144,0.179,0.2,0.206,0.194,0.203,0.203,0.165,0.162,0.177,0.19,0.19,0.152,0.138,0.17,0.17,0.19,0.172,0.194,0.15,0.174,0.169,0.222,0.207,0.217,0.135,0.149,0.145,0.172,0.167,0.163,0.143,0.139,0.139,0.145,0.149,0.176,0.151,0.149,0.163,0.175,0.163,0.18,0.164,0.193,0.162,0.176,0.175,0.148,0.13,0.169,0.155,0.15,0.16,0.192,0.168,0.166,0.159,0.171,0.155,0.148,0.171,0.175,0.205,0.213,0.181,0.211,0.173,0.169,0.146,0.165,0.148
630,0.257,0.289,0.297,0.167,0.161,0.142,0.177,0.199,0.204,0.193,0.202,0.202,0.163,0.16,0.175,0.188,0.188,0.151,0.136,0.168,0.168,0.188,0.17,0.192,0.149,0.172,0.167,0.22,0.206,0.215,0.134,0.148,0.143,0.17,0.165,0.161,0.142,0.138,0.138,0.143,0.147,0.174,0.15,0.148,0.161,0.173,0.161,0.178,0.163,0.191,0.161,0.174,0.174,0.147,0.129,0.168,0.153,0.148,0.159,0.19,0.166,0.165,0.158,0.169,0.153,0.146,0.17,0.173,0.203,0.211,0.18,0.209,0.172,0.167,0.145,0.163,0.147
631,0.255,0.287,0.295,0.165,0.159,0.14,0.176,0.197,0.203,0.191,0.2,0.2,0.161,0.158,0.173,0.186,0.185,0.149,0.135,0.166,0.167,0.185,0.168,0.19,0.147,0.17,0.165,0.219,0.205,0.214,0.132,0.146,0.142,0.168,0.163,0.159,0.14,0.136,0.136,0.141,0.145,0.172,0.148,0.146,0.159,0.171,0.159,0.176,0.161,0.189,0.159,0.172,0.172,0.145,0.128,0.166,0.152,0.147,0.157,0.188,0.165,0.163,0.156,0.168,0.152,0.145,0.168,0.171,0.201,0.209,0.178,0.207,0.17,0.166,0.143,0.162,0.145
632,0.253,0.285,0.293,0.163,0.157,0.138,0.174,0.195,0.2,0.189,0.198,0.198,0.159,0.156,0.171,0.184,0.183,0.147,0.133,0.164,0.164,0.183,0.165,0.187,0.146,0.168,0.163,0.217,0.203,0.212,0.13,0.144,0.14,0.166,0.161,0.157,0.138,0.134,0.134,0.14,0.144,0.17,0.146,0.144,0.157,0.169,0.157,0.174,0.159,0.187,0.157,0.17,0.17,0.143,0.126,0.165,0.15,0.145,0.155,0.186,0.163,0.161,0.154,0.166,0.15,0.143,0.166,0.17,0.198,0.206,0.175,0.205,0.168,0.164,0.142,0.16,0.143
633,0.251,0.283,0.291,0.16,0.155,0.137,0.172,0.193,0.198,0.187,0.196,0.197,0.157,0.154,0.169,0.181,0.18,0.145,0.131,0.162,0.163,0.18,0.163,0.185,0.144,0.166,0.161,0.215,0.201,0.21,0.129,0.143,0.138,0.164,0.159,0.156,0.137,0.133,0.133,0.138,0.142,0.168,0.144,0.143,0.155,0.167,0.156,0.172,0.157,0.184,0.155,0.168,0.168,0.142,0.125,0.163,0.148,0.143,0.154,0.184,0.161,0.159,0.153,0.164,0.148,0.141,0.164,0.168,0.196,0.204,0.173,0.203,0.167,0.162,0.141,0.159,0.142
634,0.25,0.281,0.29,0.159,0.154,0.135,0.171,0.192,0.197,0.186,0.195,0.195,0.156,0.153,0.168,0.18,0.179,0.144,0.13,0.161,0.161,0.179,0.162,0.183,0.143,0.165,0.16,0.214,0.201,0.209,0.128,0.142,0.137,0.163,0.158,0.155,0.136,0.132,0.132,0.137,0.141,0.167,0.143,0.142,0.154,0.166,0.155,0.171,0.156,0.183,0.154,0.167,0.167,0.141,0.124,0.162,0.147,0.142,0.153,0.183,0.16,0.158,0.152,0.163,0.147,0.141,0.163,0.167,0.195,0.203,0.172,0.202,0.166,0.161,0.14,0.158,0.141
635,0.248,0.28,0.288,0.157,0.152,0.134,0.17,0.19,0.196,0.185,0.193,0.194,0.155,0.151,0.166,0.178,0.177,0.142,0.129,0.159,0.16,0.177,0.16,0.181,0.142,0.164,0.159,0.213,0.199,0.208,0.127,0.141,0.136,0.161,0.157,0.153,0.135,0.131,0.13,0.136,0.14,0.165,0.142,0.141,0.153,0.164,0.153,0.17,0.155,0.181,0.153,0.166,0.165,0.139,0.123,0.161,0.146,0.141,0.151,0.181,0.159,0.157,0.15,0.162,0.146,0.139,0.162,0.165,0.193,0.201,0.171,0.2,0.164,0.16,0.138,0.157,0.14
636,0.247,0.278,0.286,0.156,0.15,0.133,0.168,0.189,0.194,0.183,0.192,0.193,0.153,0.15,0.164,0.176,0.175,0.141,0.128,0.158,0.158,0.175,0.159,0.18,0.141,0.162,0.157,0.211,0.198,0.207,0.125,0.139,0.134,0.16,0.155,0.152,0.133,0.129,0.129,0.134,0.138,0.163,0.141,0.139,0.151,0.163,0.152,0.168,0.153,0.18,0.152,0.164,0.163,0.138,0.122,0.159,0.144,0.14,0.15,0.18,0.157,0.155,0.149,0.16,0.145,0.138,0.16,0.164,0.192,0.199,0.169,0.198,0.163,0.158,0.137,0.155,0.139
637,0.245,0.276,0.284,0.154,0.148,0.131,0.167,0.187,0.192,0.181,0.19,0.191,0.151,0.148,0.162,0.174,0.173,0.139,0.126,0.156,0.157,0.173,0.157,0.177,0.139,0.16,0.155,0.21,0.197,0.205,0.124,0.138,0.133,0.158,0.153,0.15,0.132,0.128,0.128,0.133,0.136,0.161,0.139,0.138,0.15,0.161,0.15,0.166,0.152,0.178,0.15,0.162,0.162,0.136,0.12,0.158,0.143,0.138,0.148,0.178,0.156,0.153,0.147,0.158,0.143,0.137,0.159,0.162,0.19,0.197,0.167,0.196,0.161,0.157,0.136,0.154,0.137
638,0.243,0.274,0.282,0.152,0.147,0.129,0.165,0.185,0.19,0.18,0.188,0.189,0.149,0.146,0.16,0.172,0.171,0.137,0.125,0.154,0.155,0.171,0.155,0.175,0.138,0.159,0.154,0.208,0.195,0.204,0.122,0.136,0.131,0.156,0.151,0.148,0.13,0.126,0.126,0.131,0.135,0.16,0.138,0.137,0.148,0.159,0.148,0.165,0.15,0.176,0.148,0.161,0.16,0.135,0.119,0.156,0.141,0.137,0.147,0.176,0.154,0.152,0.146,0.157,0.141,0.135,0.157,0.161,0.188,0.195,0.165,0.194,0.16,0.155,0.135,0.152,0.136
639,0.242,0.273,0.281,0.15,0.145,0.128,0.164,0.184,0.189,0.179,0.187,0.188,0.148,0.145,0.159,0.171,0.17,0.136,0.124,0.153,0.154,0.17,0.154,0.174,0.137,0.158,0.153,0.207,0.194,0.203,0.122,0.135,0.13,0.155,0.15,0.147,0.13,0.126,0.126,0.13,0.134,0.158,0.137,0.136,0.147,0.158,0.147,0.164,0.149,0.174,0.147,0.16,0.159,0.134,0.118,0.156,0.141,0.136,0.146,0.175,0.153,0.151,0.145,0.156,0.141,0.134,0.156,0.16,0.187,0.194,0.164,0.193,0.159,0.154,0.134,0.152,0.135
640,0.24,0.271,0.279,0.149,0.144,0.127,0.163,0.183,0.188,0.177,0.186,0.187,0.147,0.144,0.158,0.169,0.168,0.135,0.123,0.152,0.152,0.168,0.152,0.172,0.136,0.156,0.151,0.206,0.193,0.202,0.12,0.134,0.129,0.153,0.149,0.146,0.128,0.124,0.124,0.129,0.133,0.157,0.135,0.135,0.146,0.156,0.146,0.162,0.148,0.173,0.146,0.158,0.157,0.133,0.117,0.154,0.139,0.135,0.145,0.173,0.152,0.149,0.143,0.155,0.139,0.133,0.155,0.158,0.185,0.192,0.163,0.192,0.157,0.153,0.133,0.15,0.134
641,0.239,0.269,0.277,0.147,0.143,0.126,0.162,0.181,0.186,0.176,0.184,0.186,0.145,0.142,0.156,0.168,0.166,0.134,0.122,0.15,0.151,0.166,0.151,0.171,0.135,0.155,0.15,0.205,0.192,0.2,0.119,0.133,0.128,0.152,0.147,0.144,0.127,0.123,0.123,0.128,0.131,0.156,0.134,0.134,0.144,0.155,0.145,0.161,0.147,0.171,0.145,0.157,0.156,0.132,0.116,0.153,0.138,0.134,0.144,0.172,0.151,0.148,0.142,0.153,0.138,0.132,0.154,0.157,0.184,0.191,0.161,0.19,0.156,0.152,0.132,0.149,0.133
642,0.237,0.268,0.276,0.146,0.141,0.124,0.161,0.18,0.185,0.175,0.183,0.184,0.144,0.141,0.155,0.166,0.165,0.132,0.12,0.149,0.15,0.165,0.149,0.169,0.133,0.154,0.148,0.203,0.191,0.199,0.118,0.132,0.126,0.15,0.146,0.143,0.126,0.122,0.122,0.126,0.13,0.154,0.133,0.132,0.143,0.153,0.143,0.159,0.145,0.17,0.143,0.155,0.154,0.13,0.115,0.152,0.137,0.133,0.142,0.17,0.149,0.147,0.141,0.152,0.137,0.131,0.152,0.156,0.182,0.189,0.16,0.189,0.155,0.151,0.131,0.148,0.132
643,0.235,0.266,0.274,0.144,0.139,0.123,0.159,0.178,0.183,0.173,0.181,0.183,0.142,0.139,0.153,0.164,0.163,0.131,0.119,0.147,0.148,0.162,0.147,0.167,0.132,0.152,0.147,0.202,0.189,0.198,0.117,0.13,0.125,0.149,0.144,0.141,0.125,0.121,0.121,0.125,0.128,0.152,0.131,0.131,0.141,0.152,0.142,0.158,0.144,0.168,0.142,0.154,0.153,0.129,0.114,0.15,0.135,0.131,0.141,0.169,0.148,0.145,0.14,0.15,0.136,0.129,0.151,0.154,0.18,0.187,0.158,0.187,0.153,0.149,0.129,0.147,0.13
644,0.234,0.264,0.272,0.142,0.138,0.121,0.158,0.176,0.181,0.172,0.179,0.181,0.141,0.138,0.151,0.162,0.161,0.129,0.118,0.146,0.146,0.161,0.146,0.165,0.131,0.15,0.145,0.201,0.188,0.196,0.116,0.129,0.124,0.147,0.143,0.14,0.123,0.119,0.119,0.124,0.127,0.15,0.13,0.13,0.14,0.15,0.14,0.156,0.142,0.166,0.141,0.152,0.151,0.128,0.113,0.149,0.134,0.13,0.139,0.167,0.146,0.144,0.138,0.149,0.134,0.128,0.149,0.153,0.178,0.185,0.156,0.185,0.152,0.148,0.128,0.145,0.129
645,0.233,0.263,0.271,0.141,0.137,0.12,0.157,0.175,0.18,0.171,0.178,0.18,0.14,0.137,0.15,0.161,0.16,0.128,0.117,0.145,0.145,0.159,0.145,0.164,0.13,0.15,0.144,0.2,0.187,0.195,0.115,0.128,0.123,0.146,0.142,0.139,0.123,0.118,0.118,0.123,0.126,0.149,0.129,0.129,0.139,0.149,0.14,0.155,0.142,0.165,0.14,0.151,0.15,0.127,0.112,0.148,0.133,0.129,0.139,0.166,0.145,0.143,0.137,0.148,0.133,0.127,0.148,0.152,0.177,0.184,0.155,0.184,0.151,0.147,0.128,0.145,0.128
646,0.231,0.261,0.269,0.14,0.135,0.119,0.156,0.174,0.179,0.17,0.177,0.179,0.139,0.135,0.148,0.16,0.158,0.127,0.116,0.144,0.144,0.158,0.143,0.162,0.129,0.148,0.143,0.199,0.186,0.194,0.114,0.127,0.122,0.145,0.141,0.138,0.122,0.117,0.117,0.122,0.125,0.148,0.128,0.128,0.138,0.148,0.138,0.154,0.141,0.164,0.139,0.15,0.149,0.126,0.112,0.147,0.132,0.128,0.138,0.165,0.144,0.142,0.136,0.147,0.132,0.126,0.147,0.151,0.176,0.183,0.154,0.183,0.15,0.146,0.127,0.144,0.127
647,0.23,0.26,0.267,0.138,0.134,0.118,0.154,0.173,0.178,0.168,0.176,0.178,0.137,0.134,0.147,0.158,0.157,0.126,0.115,0.142,0.143,0.156,0.142,0.161,0.128,0.147,0.142,0.197,0.185,0.193,0.113,0.126,0.121,0.144,0.139,0.137,0.121,0.117,0.117,0.121,0.124,0.147,0.127,0.127,0.136,0.146,0.137,0.153,0.139,0.162,0.137,0.148,0.148,0.125,0.111,0.146,0.131,0.127,0.136,0.164,0.143,0.141,0.135,0.146,0.131,0.125,0.146,0.15,0.175,0.181,0.153,0.181,0.149,0.144,0.125,0.143,0.126
648,0.228,0.258,0.266,0.137,0.133,0.117,0.153,0.171,0.176,0.167,0.174,0.177,0.136,0.133,0.146,0.157,0.155,0.125,0.114,0.141,0.142,0.155,0.141,0.159,0.127,0.146,0.141,0.196,0.184,0.192,0.112,0.125,0.12,0.142,0.138,0.136,0.119,0.115,0.115,0.12,0.123,0.145,0.126,0.126,0.135,0.145,0.136,0.151,0.138,0.161,0.136,0.147,0.146,0.124,0.11,0.145,0.13,0.126,0.135,0.162,0.142,0.139,0.134,0.144,0.13,0.124,0.145,0.148,0.173,0.179,0.151,0.179,0.147,0.143,0.124,0.141,0.125
649,0.227,0.256,0.264,0.135,0.131,0.115,0.152,0.17,0.175,0.166,0.173,0.175,0.134,0.131,0.144,0.155,0.153,0.123,0.113,0.14,0.14,0.153,0.139,0.157,0.126,0.144,0.139,0.195,0.182,0.191,0.111,0.124,0.118,0.141,0.136,0.134,0.118,0.114,0.114,0.118,0.121,0.144,0.125,0.125,0.134,0.143,0.135,0.15,0.137,0.159,0.135,0.146,0.145,0.122,0.109,0.144,0.128,0.125,0.134,0.161,0.141,0.138,0.133,0.143,0.129,0.123,0.143,0.147,0.172,0.178,0.15,0.178,0.146,0.142,0.123,0.14,0.124
650,0.226,0.255,0.263,0.134,0.13,0.115,0.151,0.169,0.174,0.165,0.172,0.174,0.134,0.131,0.143,0.154,0.152,0.123,0.112,0.139,0.139,0.152,0.138,0.156,0.125,0.143,0.138,0.194,0.182,0.19,0.11,0.123,0.117,0.14,0.136,0.133,0.117,0.113,0.113,0.117,0.12,0.143,0.124,0.124,0.133,0.142,0.134,0.149,0.136,0.158,0.134,0.145,0.144,0.122,0.108,0.143,0.127,0.124,0.133,0.16,0.14,0.137,0.132,0.142,0.128,0.122,0.142,0.146,0.171,0.177,0.149,0.177,0.145,0.141,0.123,0.14,0.123
