,32,49,50,51,52,53,54,55,56,57,58,59,60,61,62,63,64,65,96,97,98,99,100,101,102,103
A,5.788,7.218,0.126,0.308,6.038,0.893,2.105,3.369,2.785,5.502,1.022,0.355,59.794,4.535,0.878,0.534,0.105,0.269,87.089,0.953,6.443,4.807,5.884,6.4,1.841,0.571
C,0.481,0.25,0.004,0.096,0.097,0.041,0.024,0.028,0.03,0,0.062,0.237,0.013,0.009,0.03,0.006,0.002,0.017,0.032,0.147,0.46,0.684,1.174,2.905,0.062,0.454
D,0.759,0.569,0.011,3.479,1.589,18.494,9.195,6.892,10.441,0.331,8.269,0.276,0.182,40.103,1.509,0.002,0.043,2.338,0.017,0.051,22.88,4.697,5.079,6.472,82.827,1.045
E,2.201,5.247,0.006,0.214,0.946,1.103,0.635,1.077,4.401,1.082,1.975,0.021,0.284,2.163,0.192,0.051,2.417,0.209,0.073,0.237,8.436,2.822,2.992,3.698,2.313,0.091
F,4.022,2.498,1.135,1.678,1.64,0.606,4.188,0.366,0.703,0.15,4.76,1.28,0.006,0.115,0.526,25.006,0.004,0.011,0.032,0.073,0.898,2.499,4.971,3.135,0.368,2.998
G,0.192,9.992,0.038,1.607,16.746,7.607,42.688,52.681,5.767,0.233,3.059,1.988,2.022,1.201,0.494,0.19,0.113,71.168,0.804,1.43,18.728,14.023,15.936,15.451,2.863,0.267
H,3.851,1.477,0.009,1.306,1.211,5.988,0.113,0.402,0.981,0.15,2.665,1.182,0.113,0.289,0.075,0.021,0.222,1.163,0.017,1.611,3.024,2.066,2,1.598,1.12,4.256
I,0.139,6.164,81.791,4.884,0.949,4.139,0.269,0.541,2.204,8.007,1.049,0.109,0.31,0.1,0.062,0.314,0.047,0.017,0.197,0.507,1.812,3.109,3.393,3.376,0.226,8.731
K,0.165,0.351,0.034,7.356,0.484,0.82,3.456,0.31,2.022,14.175,3.824,0.049,0.34,0.186,15.786,0.009,62.916,0.021,0.064,19.663,1.291,5.445,1.847,1.247,0.215,0.132
L,0.53,4.608,1.599,0.374,0.401,0.506,0.952,0.25,0.316,0.271,0.432,0.271,0.423,1.455,0.047,23.296,0.158,0.013,0.12,0.372,4.655,8.016,5.043,4.79,0.436,7.621
M,1.404,0.408,3.845,0.088,0.028,0.407,0.017,0.071,0.259,0.331,0.141,0.009,0.083,0.028,0.073,0.481,0.244,0,0.077,0.526,0.845,1.375,1.066,1.556,0.06,0.371
N,3.578,3.507,0.085,16.271,2.135,9.891,5.843,1.9,15.317,5.42,22.897,0.543,16.245,0.44,1.68,0.006,0.571,0.902,0.056,0.671,1.588,2.463,2.5,2.574,1.302,1.38
P,0.043,0.047,0.011,0.109,27.282,0.33,0.109,0.111,0.295,1.896,0.03,0.038,0.9,24.816,2.409,0.062,0.103,0.081,0.034,0.197,2.045,8.97,4.911,4.082,0.656,8.466
Q,0.186,0.261,0,0.246,2.756,0.739,0.175,0.094,0.539,0.624,0.56,0.113,0.032,17.237,1.011,0.009,23.892,0.558,0.015,0.417,4.534,3.049,1.705,2.356,1.774,0.41
R,0.19,12.689,0.03,3.09,1.119,2.232,1.189,1.824,2.586,1.479,6.085,0.128,0.455,1.212,1.688,0.019,7.66,0.308,0.056,64.013,5.524,12.593,8.535,4.976,1.035,0.296
S,3.343,7.664,0.487,31.394,12.732,25.917,24.487,20.751,26.487,1.783,4.095,1.099,13.232,0.992,72.857,0.079,0.209,21.544,0.718,4.08,5.117,7.667,10.639,10.726,0.822,4.739
T,0.421,3.063,5.003,2.592,4.668,4.07,3.788,3.2,14.13,55.692,2.494,0.126,1.635,1.517,0.44,0.026,1.071,1.21,4.463,4.456,2.798,4.414,5.07,5,0.428,0.656
V,2.556,10.163,5.726,0.554,0.944,0.891,0.368,0.902,3.11,2.366,0.468,0.098,3.858,3.093,0.047,49.775,0.062,0.156,6.083,0.325,6.605,4.577,5.605,5.503,0.801,23.993
W,0.053,13.629,0.002,2.979,3.095,3.018,0.041,4.047,0.049,0.015,0.197,0.011,0.002,0.391,0.017,0.006,0.058,0.002,0.019,0.1,0.95,1.801,2.694,2.91,0.192,0.14
Y,70.068,10.171,0.038,21.343,15.118,12.275,0.323,1.165,7.539,0.477,35.886,92.052,0.041,0.094,0.15,0.083,0.085,0.006,0.028,0.143,1.333,4.835,8.902,11.219,0.612,33.354
-,0.03,0.026,0.019,0.032,0.022,0.03,0.036,0.019,0.041,0.017,0.03,0.015,0.03,0.024,0.03,0.024,0.017,0.006,0.009,0.028,0.033,0.088,0.053,0.027,0.047,0.029
