,33PosCharge,33NegCharge,33HM,33pI,33Charge,33Polar,33Hydrophobic,33Aromatic,33Amphipathic,33Atoms,33HBondA,33HBondD,50PosCharge,50NegCharge,50HM,50pI,50Charge,50Polar,50Hydrophobic,50Aromatic,50Amphipathic,50Atoms,50HBondA,50HBondD,55PosCharge,55NegCharge,55HM,55pI,55Charge,55Polar,55Hydrophobic,55Aromatic,55Amphipathic,55Atoms,55HBondA,55HBondD,56PosCharge,56NegCharge,56HM,56pI,56Charge,56Polar,56Hydrophobic,56Aromatic,56Amphipathic,56Atoms,56HBondA,56HBondD,57PosCharge,57NegCharge,57HM,57pI,57Charge,57Polar,57Hydrophobic,57Aromatic,57Amphipathic,57Atoms,57HBondA,57HBondD,99PosCharge,99NegCharge,99HM,99pI,99Charge,99Polar,99Hydrophobic,99Aromatic,99Amphipathic,99Atoms,99HBondA,99HBondD,101PosCharge,101NegCharge,101HM,101pI,101Charge,101Polar,101Hydrophobic,101Aromatic,101Amphipathic,101Atoms,101HBondA,101HBondD,104PosCharge,104NegCharge,104HM,104pI,104Charge,104Polar,104Hydrophobic,104Aromatic,104Amphipathic,104Atoms,104HBondA,104HBondD,HCDR2 Charge Score,HCDR2 Hydrophobic Moment,HCDR2 pI,HCDR2 Polar,HCDR2 Hydrophobic,HCDR2 Aromatic,HCDR2 Amphipathic,HCDR2 HBondA,HCDR2 HBondD,HCDR3 Charge Score,HCDR3 Hydrophobic Moment,HCDR3 pI,HCDR3 Polar,HCDR3 Hydrophobic,HCDR3 Aromatic,HCDR3 Amphipathic,HCDR3 HBondA,HCDR3 HBondD,Charge Score,Hydrophobic Moment,pI,Polar,Hydrophobic,Aromatic,Amphipathic,# Atoms,HBondA,HBondD
0,0,0,0.1,5.7,0,0,0,1,1,8,1,1,1,0,-7.5,10.8,1,0,0,0,0,7,0,0,0,0,1,6,0,0,1,0,0,1,0,0,0,1,-2.6,3.2,1,0,0,0,0,5,1,0,0,0,1,6,0,0,1,0,0,1,0,0,0,0,-1.1,5.7,0,1,0,0,0,2,1,1,0,0,0.7,6,0,0,1,0,0,0,0,0,0,0,1,6,0,0,1,0,0,1,0,0,2,-8.1,26,0,2,0,0,1,0,0,0.6,17.7,1,2,0,0,1,1,2,-7.4,49.4,1,4,1,1,24,3,2
1,0,0,0.1,5.7,0,0,0,1,1,8,1,1,1,0,-7.5,10.8,1,0,0,0,0,7,0,0,0,0,1,6,0,0,1,0,0,1,0,0,1,0,-4.6,9.7,1,0,0,0,0,5,0,1,0,0,0.7,6,0,0,1,0,0,0,0,0,0,0,-1.1,5.7,0,1,0,0,0,2,1,1,0,0,0.7,6,0,0,1,0,0,0,0,0,0,0,1,6,0,0,1,0,0,1,0,0,2,-10.4,32.5,0,2,0,0,0,2,0,0.6,17.7,1,2,0,0,1,1,2,-9.7,55.9,1,4,1,1,23,2,4
2,0,0,0.1,5.7,0,0,0,1,1,8,1,1,1,0,-7.5,10.8,1,0,0,0,0,7,0,0,0,0,1,6,0,0,1,0,0,1,0,0,0,0,0.7,6,0,0,1,0,0,0,0,0,0,0,-1.1,5.7,0,1,0,0,0,2,1,1,0,0,-1.1,5.7,0,1,0,0,0,2,1,1,0,0,-1.1,5.7,0,1,0,0,0,2,1,1,0,1,-3,2.8,1,0,0,0,0,4,1,0,1,-6.9,28.5,1,2,0,0,1,1,0,-5.2,14.2,2,0,0,0,3,2,2,-12,48.4,3,2,1,1,25,5,4
3,0,0,0.1,5.7,0,0,0,1,1,8,1,1,1,0,-7.5,10.8,1,0,0,0,0,7,0,0,1,0,-7.5,10.8,1,0,0,0,0,7,0,0,0,0,0.7,6,0,0,1,0,0,0,0,0,0,1,-3,2.8,1,0,0,0,0,4,1,0,0,0,-1.1,5.7,0,1,0,0,0,2,1,1,0,0,0.7,6,0,0,1,0,0,0,0,0,0,1,-3,2.8,1,0,0,0,0,4,1,0,3,-17.3,30.4,0,1,0,0,1,0,0,-3.4,14.5,1,1,0,0,2,1,4,-20.6,50.6,1,2,1,1,25,4,2
4,0,0,-1.1,5.7,0,1,0,0,0,2,1,1,1,0,-4.6,9.7,1,0,0,0,0,5,0,1,1,0,-4.6,9.7,1,0,0,0,0,5,0,1,0,0,0.7,6,0,0,1,0,0,0,0,0,0,0,0.7,6,0,0,1,0,0,0,0,0,0,0,1,6,0,0,1,0,0,1,0,0,0,0,1.5,6,0,0,0,1,1,10,0,0,0,0,2.3,6,0,0,1,0,0,3,0,0,2,-7.8,31.4,0,2,0,0,1,1,0,4.8,18,0,2,1,1,0,0,2,-4.1,55.1,1,4,1,1,21,2,2
5,0,0,2.3,6,0,0,1,0,0,3,0,0,1,0,-7.5,10.8,1,0,0,0,0,7,0,0,0,0,1,6,0,0,1,0,0,1,0,0,1,0,-7.5,10.8,1,0,0,0,0,7,0,0,0,0,0.7,6,0,0,1,0,0,0,0,0,0,0,-1.1,5.7,0,1,0,0,0,2,1,1,0,0,0.7,6,0,0,1,0,0,0,0,0,0,0,2.5,5.5,0,0,1,1,0,7,0,0,2,-13.3,33.6,0,2,0,0,0,1,0,2.1,17.2,1,2,1,0,1,1,2,-8.9,56.8,1,5,1,0,26,1,2
6,0,0,2.5,5.5,0,0,1,1,0,7,0,0,1,0,-4.6,9.7,1,0,0,0,0,5,0,1,1,0,-7.5,10.8,1,0,0,0,0,7,0,0,0,0,0.7,6,0,0,1,0,0,0,0,0,0,0,-1.1,5.7,0,1,0,0,0,2,1,1,0,0,-1.1,5.7,0,1,0,0,0,2,1,1,0,0,2.2,6,0,0,1,0,0,4,0,0,0,0,0.1,5.7,0,0,0,1,1,8,1,1,2,-12.5,32.2,1,1,0,0,1,2,0,1.2,17.4,1,1,1,1,2,2,2,-8.8,55.1,2,3,2,1,28,3,4
7,0,0,2.5,5.5,0,0,1,1,0,7,0,0,0,1,-2.6,3.2,1,0,0,0,0,5,1,0,1,0,-7.5,10.8,1,0,0,0,0,7,0,0,0,0,0.7,6,0,0,1,0,0,0,0,0,0,0,0.7,6,0,0,1,0,0,0,0,0,0,1,-3,2.8,1,0,0,0,0,4,1,0,0,0,0.7,6,0,0,1,0,0,0,0,0,0,0,1,6,0,0,1,0,0,1,0,0,2,-8.7,26,0,2,0,0,1,0,0,-1.3,14.8,0,2,0,0,1,0,3,-7.5,46.3,0,5,1,0,17,2,0
8,0,0,0.1,5.7,0,0,0,1,1,8,1,1,1,0,-4.6,9.7,1,0,0,0,0,5,0,1,0,0,0.7,6,0,0,1,0,0,0,0,0,1,0,-7.5,10.8,1,0,0,0,0,7,0,0,0,0,0.7,6,0,0,1,0,0,0,0,0,0,0,1,6,0,0,1,0,0,1,0,0,0,0,2.2,6,0,0,1,0,0,4,0,0,0,0,2.5,5.5,0,0,1,1,0,7,0,0,2,-10.7,32.5,0,2,0,0,0,2,0,5.7,17.5,0,3,1,0,0,0,2,-4.9,55.7,0,5,2,1,32,1,3
9,0,0,2.5,5.5,0,0,1,1,0,7,0,0,1,0,-4.6,9.7,1,0,0,0,0,5,0,1,1,0,-7.5,10.8,1,0,0,0,0,7,0,0,0,0,0.7,6,0,0,1,0,0,0,0,0,0,0,1,6,0,0,1,0,0,1,0,0,0,0,-1.1,5.7,0,1,0,0,0,2,1,1,0,0,2.3,6,0,0,1,0,0,3,0,0,0,0,1,6,0,0,1,0,0,1,0,0,2,-10.4,32.5,0,2,0,0,0,1,0,2.2,17.7,1,2,0,0,1,1,2,-5.7,55.7,1,5,1,0,19,1,2
10,0,0,2.3,6,0,0,1,0,0,3,0,0,1,0,-7.5,10.8,1,0,0,0,0,7,0,0,0,0,0.7,6,0,0,1,0,0,0,0,0,1,0,-7.5,10.8,1,0,0,0,0,7,0,0,0,0,0.7,6,0,0,1,0,0,0,0,0,0,0,-1.1,5.7,0,1,0,0,0,2,1,1,0,0,2.2,6,0,0,1,0,0,4,0,0,0,1,-3,2.8,1,0,0,0,0,4,1,0,2,-13.6,33.6,0,2,0,0,0,1,0,-1.9,14.5,1,1,0,0,2,1,3,-13.2,54.1,1,4,0,0,27,2,2
11,0,0,0.1,5.7,0,0,0,1,1,8,1,1,1,0,-7.5,10.8,1,0,0,0,0,7,0,0,0,0,0.7,6,0,0,1,0,0,0,0,0,0,0,0.7,6,0,0,1,0,0,0,0,0,0,0,0.7,6,0,0,1,0,0,0,0,0,0,0,1,6,0,0,1,0,0,1,0,0,0,0,1.5,6,0,0,0,1,1,10,0,0,0,0,0.1,5.7,0,0,0,1,1,8,1,1,1,-5.4,28.8,0,3,0,0,0,0,0,2.6,17.7,0,1,2,2,1,1,1,-2.7,52.2,0,4,3,3,34,2,2
12,0,0,0.1,5.7,0,0,0,1,1,8,1,1,1,0,-7.5,10.8,1,0,0,0,0,7,0,0,1,0,-7.5,10.8,1,0,0,0,0,7,0,0,0,1,-2.6,3.2,1,0,0,0,0,5,1,0,0,0,0.7,6,0,0,1,0,0,0,0,0,0,0,1,6,0,0,1,0,0,1,0,0,0,0,-1.1,5.7,0,1,0,0,0,2,1,1,0,0,2.3,6,0,0,1,0,0,3,0,0,3,-16.9,30.8,0,1,0,0,1,0,0,2.2,17.7,1,2,0,0,1,1,3,-14.6,54.2,1,3,1,1,26,3,2
13,0,1,-3,2.8,1,0,0,0,0,4,1,0,0,0,1,6,0,0,1,0,0,1,0,0,0,0,0.7,6,0,0,1,0,0,0,0,0,0,0,0.7,6,0,0,1,0,0,0,0,0,0,0,0.7,6,0,0,1,0,0,0,0,0,0,0,-1.1,5.7,0,1,0,0,0,2,1,1,0,0,2.3,6,0,0,1,0,0,3,0,0,0,0,0.1,5.7,0,0,0,1,1,8,1,1,0,3.1,24,0,4,0,0,0,0,0,1.3,17.4,1,1,1,1,2,2,1,1.4,44.2,1,5,1,1,18,3,2
14,0,0,0.1,5.7,0,0,0,1,1,8,1,1,1,0,-7.5,10.8,1,0,0,0,0,7,0,0,1,0,-7.5,10.8,1,0,0,0,0,7,0,0,1,0,-7.5,10.8,1,0,0,0,0,7,0,0,0,0,0.7,6,0,0,1,0,0,0,0,0,0,0,1,6,0,0,1,0,0,1,0,0,0,0,1,6,0,0,1,0,0,1,0,0,0,0,1,6,0,0,1,0,0,1,0,0,3,-21.8,38.4,0,1,0,0,0,1,0,3,18,0,3,0,0,0,0,3,-18.7,62.1,0,4,1,1,25,1,2
15,0,0,0.1,5.7,0,0,0,1,1,8,1,1,1,0,-4.6,9.7,1,0,0,0,0,5,0,1,0,0,0.7,6,0,0,1,0,0,0,0,0,1,0,-7.5,10.8,1,0,0,0,0,7,0,0,0,0,0.7,6,0,0,1,0,0,0,0,0,0,0,-1.1,5.7,0,1,0,0,0,2,1,1,0,0,-1.1,5.7,0,1,0,0,0,2,1,1,0,0,2.3,6,0,0,1,0,0,3,0,0,2,-10.7,32.5,0,2,0,0,0,2,0,0.1,17.4,2,1,0,0,2,2,2,-10.5,55.6,2,3,1,1,27,3,5
16,0,0,0.1,5.7,0,0,0,1,1,8,1,1,1,0,-7.5,10.8,1,0,0,0,0,7,0,0,1,0,-4.6,9.7,1,0,0,0,0,5,0,1,1,0,-7.5,10.8,1,0,0,0,0,7,0,0,0,0,1,6,0,0,1,0,0,1,0,0,0,0,1,6,0,0,1,0,0,1,0,0,0,0,1,6,0,0,1,0,0,1,0,0,0,0,2.5,5.5,0,0,1,1,0,7,0,0,3,-18.6,37.3,0,1,0,0,1,1,0,4.5,17.5,0,3,1,0,0,0,3,-14,60.5,0,4,2,1,32,2,2
17,0,0,2.5,5.5,0,0,1,1,0,7,0,0,1,0,-7.5,10.8,1,0,0,0,0,7,0,0,0,0,0.7,6,0,0,1,0,0,0,0,0,1,0,-4.6,9.7,1,0,0,0,0,5,0,1,0,0,0.7,6,0,0,1,0,0,0,0,0,0,0,-1.1,5.7,0,1,0,0,0,2,1,1,0,0,1,6,0,0,1,0,0,1,0,0,0,0,-1.1,5.7,0,1,0,0,0,2,1,1,2,-10.7,32.5,0,2,0,0,0,2,0,-1.2,17.4,2,1,0,0,2,2,2,-9.4,55.4,2,4,1,0,24,2,4
18,0,0,0.1,5.7,0,0,0,1,1,8,1,1,1,0,-7.5,10.8,1,0,0,0,0,7,0,0,0,0,0.7,6,0,0,1,0,0,0,0,0,0,0,0.7,6,0,0,1,0,0,0,0,0,0,0,-1.1,5.7,0,1,0,0,0,2,1,1,0,0,-1.1,5.7,0,1,0,0,0,2,1,1,0,0,1,6,0,0,1,0,0,1,0,0,0,0,1,6,0,0,1,0,0,1,0,0,1,-7.2,28.5,1,2,0,0,1,1,0,0.9,17.7,1,2,0,0,1,1,1,-6.2,51.9,2,4,1,1,21,3,3
19,0,0,-1.1,5.7,0,1,0,0,0,2,1,1,1,0,-4.6,9.7,1,0,0,0,0,5,0,1,0,0,0.7,6,0,0,1,0,0,0,0,0,1,0,-7.5,10.8,1,0,0,0,0,7,0,0,0,0,0.7,6,0,0,1,0,0,0,0,0,0,0,1,6,0,0,1,0,0,1,0,0,0,0,1.5,6,0,0,0,1,1,10,0,0,0,0,1,6,0,0,1,0,0,1,0,0,2,-10.7,32.5,0,2,0,0,0,2,0,3.5,18,0,2,1,1,0,0,2,-8.3,56.2,1,4,1,1,26,1,3
20,0,0,2.5,5.5,0,0,1,1,0,7,0,0,1,0,-7.5,10.8,1,0,0,0,0,7,0,0,1,0,-7.5,10.8,1,0,0,0,0,7,0,0,0,0,0.7,6,0,0,1,0,0,0,0,0,0,1,-3,2.8,1,0,0,0,0,4,1,0,0,0,-1.1,5.7,0,1,0,0,0,2,1,1,0,0,1,6,0,0,1,0,0,1,0,0,0,0,-1.1,5.7,0,1,0,0,0,2,1,1,3,-17.3,30.4,0,1,0,0,1,0,0,-1.2,17.4,2,1,0,0,2,2,3,-16,53.3,2,3,1,0,23,3,2
21,0,0,2.3,6,0,0,1,0,0,3,0,0,1,0,-7.5,10.8,1,0,0,0,0,7,0,0,0,0,0.7,6,0,0,1,0,0,0,0,0,1,0,-7.5,10.8,1,0,0,0,0,7,0,0,0,0,0.7,6,0,0,1,0,0,0,0,0,0,0,1,6,0,0,1,0,0,1,0,0,0,0,1,6,0,0,1,0,0,1,0,0,0,1,-3,2.8,1,0,0,0,0,4,1,0,2,-13.6,33.6,0,2,0,0,0,1,0,-1,14.8,0,2,0,0,1,0,3,-12.3,54.4,0,5,0,0,23,1,1
22,0,0,0.1,5.7,0,0,0,1,1,8,1,1,1,0,-7.5,10.8,1,0,0,0,0,7,0,0,1,0,-7.5,10.8,1,0,0,0,0,7,0,0,0,1,-2.6,3.2,1,0,0,0,0,5,1,0,0,0,-1.1,5.7,0,1,0,0,0,2,1,1,0,0,-1.1,5.7,0,1,0,0,0,2,1,1,0,0,0.7,6,0,0,1,0,0,0,0,0,0,0,2.3,6,0,0,1,0,0,3,0,0,3,-18.7,30.5,1,0,0,0,2,1,0,1.9,17.7,1,2,0,0,1,1,3,-16.7,53.9,2,2,1,1,27,4,3
23,0,0,0.1,5.7,0,0,0,1,1,8,1,1,1,0,-7.5,10.8,1,0,0,0,0,7,0,0,1,0,-7.5,10.8,1,0,0,0,0,7,0,0,0,0,0.7,6,0,0,1,0,0,0,0,0,0,1,-3,2.8,1,0,0,0,0,4,1,0,0,0,1,6,0,0,1,0,0,1,0,0,0,0,1,6,0,0,1,0,0,1,0,0,0,0,2.3,6,0,0,1,0,0,3,0,0,3,-17.3,30.4,0,1,0,0,1,0,0,4.3,18,0,3,0,0,0,0,3,-12.9,54.1,0,4,1,1,24,2,1
24,0,0,0.1,5.7,0,0,0,1,1,8,1,1,1,0,-7.5,10.8,1,0,0,0,0,7,0,0,1,0,-4.6,9.7,1,0,0,0,0,5,0,1,0,0,0.7,6,0,0,1,0,0,0,0,0,0,0,0.7,6,0,0,1,0,0,0,0,0,0,0,1,6,0,0,1,0,0,1,0,0,0,0,-1.1,5.7,0,1,0,0,0,2,1,1,0,1,-3,2.8,1,0,0,0,0,4,1,0,2,-10.7,32.5,0,2,0,0,1,0,0,-3.1,14.5,1,1,0,0,2,1,3,-13.7,52.7,1,3,1,1,22,4,2
25,0,0,2.3,6,0,0,1,0,0,3,0,0,1,0,-7.5,10.8,1,0,0,0,0,7,0,0,1,0,-7.5,10.8,1,0,0,0,0,7,0,0,0,0,0.7,6,0,0,1,0,0,0,0,0,0,0,-0.8,5.9,0,1,0,0,0,3,1,1,0,0,-1.1,5.7,0,1,0,0,0,2,1,1,0,0,0.7,6,0,0,1,0,0,0,0,0,0,1,-3,2.8,1,0,0,0,0,4,1,0,2,-15.1,33.5,1,1,0,0,1,1,0,-3.4,14.5,1,1,0,0,2,1,3,-16.2,54,2,3,0,0,19,3,2
26,0,0,0.1,5.7,0,0,0,1,1,8,1,1,1,0,-7.5,10.8,1,0,0,0,0,7,0,0,0,0,0.7,6,0,0,1,0,0,0,0,0,1,0,-7.5,10.8,1,0,0,0,0,7,0,0,0,0,0.7,6,0,0,1,0,0,0,0,0,0,0,-1.1,5.7,0,1,0,0,0,2,1,1,0,0,0.7,6,0,0,1,0,0,0,0,0,0,0,-1.1,5.7,0,1,0,0,0,2,1,1,2,-13.6,33.6,0,2,0,0,0,1,0,-1.5,17.4,2,1,0,0,2,2,2,-15,56.7,2,3,1,1,26,3,4
27,0,0,2.5,5.5,0,0,1,1,0,7,0,0,0,1,-2.6,3.2,1,0,0,0,0,5,1,0,0,0,0.7,6,0,0,1,0,0,0,0,0,1,0,-7.5,10.8,1,0,0,0,0,7,0,0,0,1,-3,2.8,1,0,0,0,0,4,1,0,0,0,-1.1,5.7,0,1,0,0,0,2,1,1,0,0,0.7,6,0,0,1,0,0,0,0,0,0,0,0.1,5.7,0,0,0,1,1,8,1,1,3,-12.4,22.8,0,1,0,0,2,1,0,-0.3,17.4,1,1,1,1,2,2,3,-10.2,45.7,1,3,2,1,33,4,3
28,0,0,2.3,6,0,0,1,0,0,3,0,0,1,0,-7.5,10.8,1,0,0,0,0,7,0,0,0,0,0.7,6,0,0,1,0,0,0,0,0,1,0,-4.6,9.7,1,0,0,0,0,5,0,1,0,0,0.7,6,0,0,1,0,0,0,0,0,0,0,-1.1,5.7,0,1,0,0,0,2,1,1,0,0,0.7,6,0,0,1,0,0,0,0,0,0,1,-3,2.8,1,0,0,0,0,4,1,0,2,-10.7,32.5,0,2,0,0,0,2,0,-3.4,14.5,1,1,0,0,2,1,3,-11.8,53,1,4,0,0,21,2,3
29,0,1,-3,2.8,1,0,0,0,0,4,1,0,1,0,-7.5,10.8,1,0,0,0,0,7,0,0,0,0,0.7,6,0,0,1,0,0,0,0,0,0,1,-2.6,3.2,1,0,0,0,0,5,1,0,0,0,1,6,0,0,1,0,0,1,0,0,0,1,-3,2.8,1,0,0,0,0,4,1,0,0,0,2.2,6,0,0,1,0,0,4,0,0,0,0,0.1,5.7,0,0,0,1,1,8,1,1,2,-8.4,26,0,2,0,0,1,0,0,-0.7,14.5,0,1,1,1,2,1,4,-12.1,43.3,0,3,1,1,33,4,1
30,0,0,0.1,5.7,0,0,0,1,1,8,1,1,1,0,-7.5,10.8,1,0,0,0,0,7,0,0,0,0,0.7,6,0,0,1,0,0,0,0,0,1,0,-4.6,9.7,1,0,0,0,0,5,0,1,0,0,1,6,0,0,1,0,0,1,0,0,0,0,1,6,0,0,1,0,0,1,0,0,0,0,-1.1,5.7,0,1,0,0,0,2,1,1,0,0,2.5,5.5,0,0,1,1,0,7,0,0,2,-10.4,32.5,0,2,0,0,0,2,0,2.4,17.2,1,2,1,0,1,1,2,-7.9,55.4,1,4,2,1,31,2,4
31,0,0,2.3,6,0,0,1,0,0,3,0,0,1,0,-4.6,9.7,1,0,0,0,0,5,0,1,0,0,0.7,6,0,0,1,0,0,0,0,0,1,0,-7.5,10.8,1,0,0,0,0,7,0,0,0,0,0.7,6,0,0,1,0,0,0,0,0,0,0,-1.1,5.7,0,1,0,0,0,2,1,1,0,0,2.2,6,0,0,1,0,0,4,0,0,0,1,-3,2.8,1,0,0,0,0,4,1,0,2,-10.7,32.5,0,2,0,0,0,2,0,-1.9,14.5,1,1,0,0,2,1,3,-10.3,53,1,4,0,0,25,2,3
32,0,0,0.1,5.7,0,0,0,1,1,8,1,1,1,0,-4.6,9.7,1,0,0,0,0,5,0,1,0,0,1,6,0,0,1,0,0,1,0,0,0,0,0.7,6,0,0,1,0,0,0,0,0,0,1,-3,2.8,1,0,0,0,0,4,1,0,0,0,-1.1,5.7,0,1,0,0,0,2,1,1,0,0,-1.1,5.7,0,1,0,0,0,2,1,1,0,0,2.5,5.5,0,0,1,1,0,7,0,0,2,-5.9,24.5,0,2,0,0,1,1,0,0.3,16.9,2,1,1,0,2,2,2,-5.5,47.1,2,3,2,1,28,4,4
33,0,0,1,6,0,0,1,0,0,1,0,0,0,0,1,6,0,0,1,0,0,1,0,0,0,1,-2.6,3.2,1,0,0,0,0,5,1,0,0,0,-0.8,5.9,0,1,0,0,0,3,1,1,0,0,0.7,6,0,0,1,0,0,0,0,0,0,0,-1.1,5.7,0,1,0,0,0,2,1,1,0,0,1.5,6,0,0,0,1,1,10,0,0,0,0,0.1,5.7,0,0,0,1,1,8,1,1,1,-1.7,21.1,1,2,0,0,1,1,0,0.5,17.4,1,0,2,2,2,2,1,-0.2,44.5,2,3,2,2,26,3,3
34,0,0,2.3,6,0,0,1,0,0,3,0,0,0,0,0.7,6,0,0,1,0,0,0,0,0,1,0,-7.5,10.8,1,0,0,0,0,7,0,0,0,0,0.7,6,0,0,1,0,0,0,0,0,0,1,-3,2.8,1,0,0,0,0,4,1,0,0,0,0.1,5.7,0,0,0,1,1,8,1,1,0,0,1.5,6,0,0,0,1,1,10,0,0,0,0,0.1,5.7,0,0,0,1,1,8,1,1,2,-9.1,25.6,0,2,0,0,1,0,0,1.7,17.4,0,0,3,3,2,2,2,-5.1,49,0,3,3,3,33,3,2
35,0,0,-1.1,5.7,0,1,0,0,0,2,1,1,1,0,-7.5,10.8,1,0,0,0,0,7,0,0,0,0,0.7,6,0,0,1,0,0,0,0,0,0,0,0.7,6,0,0,1,0,0,0,0,0,0,0,0.7,6,0,0,1,0,0,0,0,0,0,1,-3,2.8,1,0,0,0,0,4,1,0,0,0,2.3,6,0,0,1,0,0,3,0,0,0,1,-3,2.8,1,0,0,0,0,4,1,0,1,-5.4,28.8,0,3,0,0,0,0,0,-3.7,11.6,0,1,0,0,2,0,3,-10.2,46.1,1,4,0,0,20,3,1
36,0,1,-3,2.8,1,0,0,0,0,4,1,0,0,1,-2.6,3.2,1,0,0,0,0,5,1,0,0,1,-2.6,3.2,1,0,0,0,0,5,1,0,0,0,-0.8,5.9,0,1,0,0,0,3,1,1,0,0,1,6,0,0,1,0,0,1,0,0,0,0,-1.1,5.7,0,1,0,0,0,2,1,1,0,0,1.5,6,0,0,0,1,1,10,0,0,0,0,0.1,5.7,0,0,0,1,1,8,1,1,2,-5,18.3,1,1,0,0,2,1,0,0.5,17.4,1,0,2,2,2,2,3,-7.5,38.5,2,1,2,2,34,5,3
37,0,0,2.5,5.5,0,0,1,1,0,7,0,0,0,0,0.7,6,0,0,1,0,0,0,0,0,0,1,-2.6,3.2,1,0,0,0,0,5,1,0,0,0,1,6,0,0,1,0,0,1,0,0,0,0,0.7,6,0,0,1,0,0,0,0,0,0,0,1,6,0,0,1,0,0,1,0,0,0,0,0.7,6,0,0,1,0,0,0,0,0,0,0,2.5,5.5,0,0,1,1,0,7,0,0,1,-0.2,21.2,0,3,0,0,0,0,0,4.2,17.5,0,3,1,0,0,0,1,6.5,44.2,0,7,2,0,17,0,0
38,0,1,-3,2.8,1,0,0,0,0,4,1,0,1,0,-4.6,9.7,1,0,0,0,0,5,0,1,0,0,1,6,0,0,1,0,0,1,0,0,1,0,-4.6,9.7,1,0,0,0,0,5,0,1,0,0,-2.7,5.4,0,1,0,0,0,4,0,0,0,0,2.3,6,0,0,1,0,0,3,0,0,0,0,1.5,6,0,0,0,1,1,10,0,0,0,0,2.3,6,0,0,1,0,0,3,0,0,2,-10.9,30.8,1,1,0,0,0,3,0,6.1,18,0,2,1,1,0,0,3,-7.8,51.6,1,3,1,1,34,1,3
39,0,0,0.1,5.7,0,0,0,1,1,8,1,1,1,0,-7.5,10.8,1,0,0,0,0,7,0,0,0,0,0.7,6,0,0,1,0,0,0,0,0,0,0,1,6,0,0,1,0,0,1,0,0,0,0,-1.1,5.7,0,1,0,0,0,2,1,1,0,0,1,6,0,0,1,0,0,1,0,0,0,0,2.2,6,0,0,1,0,0,4,0,0,0,1,-3,2.8,1,0,0,0,0,4,1,0,1,-6.9,28.5,1,2,0,0,1,1,0,0.2,14.8,0,2,0,0,1,0,2,-6.6,49,1,4,1,1,27,3,2
40,0,0,2.5,5.5,0,0,1,1,0,7,0,0,0,0,-0.8,5.9,0,1,0,0,0,3,1,1,0,0,-0.8,5.9,0,1,0,0,0,3,1,1,0,0,0.7,6,0,0,1,0,0,0,0,0,0,0,1,6,0,0,1,0,0,1,0,0,0,0,2.3,6,0,0,1,0,0,3,0,0,0,0,2.3,6,0,0,1,0,0,3,0,0,0,0,1,6,0,0,1,0,0,1,0,0,0,0.1,23.8,2,2,0,0,2,1,0,5.6,18,0,3,0,0,0,0,0,8.2,47.3,2,6,1,0,19,2,1
41,0,0,2.5,5.5,0,0,1,1,0,7,0,0,0,1,-2.6,3.2,1,0,0,0,0,5,1,0,0,0,-0.8,5.9,0,1,0,0,0,3,1,1,0,0,0.7,6,0,0,1,0,0,0,0,0,0,0,0.7,6,0,0,1,0,0,0,0,0,0,0,1,6,0,0,1,0,0,1,0,0,0,0,1,6,0,0,1,0,0,1,0,0,0,1,-3,2.8,1,0,0,0,0,4,1,0,1,-2,21.1,1,2,0,0,2,0,0,-1,14.8,0,2,0,0,1,0,2,-0.5,41.4,1,5,1,0,19,3,0
42,0,0,1,6,0,0,1,0,0,1,0,0,0,0,1,6,0,0,1,0,0,1,0,0,0,1,-2.6,3.2,1,0,0,0,0,5,1,0,0,1,-2.6,3.2,1,0,0,0,0,5,1,0,0,0,-1.1,5.7,0,1,0,0,0,2,1,1,0,0,0.1,5.7,0,0,0,1,1,8,1,1,0,0,2.3,6,0,0,1,0,0,3,0,0,0,0,2.3,6,0,0,1,0,0,3,0,0,2,-5.3,18.1,1,1,0,0,2,1,0,4.7,17.7,0,2,1,1,1,1,2,0.4,41.8,1,4,1,1,24,3,2
43,0,1,-3,2.8,1,0,0,0,0,4,1,0,0,0,-0.8,5.9,0,1,0,0,0,3,1,1,0,1,-2.6,3.2,1,0,0,0,0,5,1,0,0,0,0.7,6,0,0,1,0,0,0,0,0,0,0,-1.1,5.7,0,1,0,0,0,2,1,1,0,1,-3,2.8,1,0,0,0,0,4,1,0,0,0,1.5,6,0,0,0,1,1,10,0,0,0,0,2.3,6,0,0,1,0,0,3,0,0,1,-3.8,20.8,2,1,0,0,2,2,0,0.8,14.8,0,1,1,1,1,0,3,-6,38.4,2,2,1,1,27,4,2
44,0,0,-1.1,5.7,0,1,0,0,0,2,1,1,1,0,-4.6,9.7,1,0,0,0,0,5,0,1,0,0,1,6,0,0,1,0,0,1,0,0,0,0,0.7,6,0,0,1,0,0,0,0,0,0,0,-1.1,5.7,0,1,0,0,0,2,1,1,0,0,2.5,5.5,0,0,1,1,0,7,0,0,0,0,2.3,6,0,0,1,0,0,3,0,0,0,0,1,6,0,0,1,0,0,1,0,0,1,-4,27.4,1,2,0,0,1,2,0,5.8,17.5,0,3,1,0,0,0,1,0.7,50.6,2,5,1,0,20,2,3
45,0,1,-3,2.8,1,0,0,0,0,4,1,0,0,0,1,6,0,0,1,0,0,1,0,0,1,0,-7.5,10.8,1,0,0,0,0,7,0,0,1,0,-4.6,9.7,1,0,0,0,0,5,0,1,0,0,0.7,6,0,0,1,0,0,0,0,0,0,0,1,6,0,0,1,0,0,1,0,0,0,0,2.2,6,0,0,1,0,0,4,0,0,0,0,1,6,0,0,1,0,0,1,0,0,2,-10.4,32.5,0,2,0,0,0,2,0,4.2,18,0,3,0,0,0,0,3,-9.2,53.3,0,5,0,0,16,1,2
46,0,0,2.3,6,0,0,1,0,0,3,0,0,0,0,-0.8,5.9,0,1,0,0,0,3,1,1,0,0,0.7,6,0,0,1,0,0,0,0,0,0,0,-0.8,5.9,0,1,0,0,0,3,1,1,0,0,-1.1,5.7,0,1,0,0,0,2,1,1,0,0,0.1,5.7,0,0,0,1,1,8,1,1,0,0,1,6,0,0,1,0,0,1,0,0,0,0,2.3,6,0,0,1,0,0,3,0,0,0,-2,23.5,3,1,0,0,3,3,0,3.4,17.7,0,2,1,1,1,1,0,3.7,47.2,3,4,1,1,23,4,4
47,0,0,-1.1,5.7,0,1,0,0,0,2,1,1,0,0,1,6,0,0,1,0,0,1,0,0,1,0,-4.6,9.7,1,0,0,0,0,5,0,1,1,0,-7.5,10.8,1,0,0,0,0,7,0,0,0,0,1,6,0,0,1,0,0,1,0,0,0,0,-1.1,5.7,0,1,0,0,0,2,1,1,0,0,1,6,0,0,1,0,0,1,0,0,0,0,2.5,5.5,0,0,1,1,0,7,0,0,2,-10.1,32.5,0,2,0,0,1,1,0,2.4,17.2,1,2,1,0,1,1,2,-8.8,55.4,2,4,1,0,21,3,3
48,0,1,-3,2.8,1,0,0,0,0,4,1,0,0,0,1,6,0,0,1,0,0,1,0,0,1,0,-7.5,10.8,1,0,0,0,0,7,0,0,0,0,-0.8,5.9,0,1,0,0,0,3,1,1,0,1,-3,2.8,1,0,0,0,0,4,1,0,0,1,-3,2.8,1,0,0,0,0,4,1,0,0,0,2.2,6,0,0,1,0,0,4,0,0,0,0,2.5,5.5,0,0,1,1,0,7,0,0,2,-10.3,25.5,1,1,0,0,2,1,0,1.7,14.3,0,2,1,0,1,0,4,-11.6,42.6,1,3,1,0,27,4,1
49,0,0,1,6,0,0,1,0,0,1,0,0,0,0,0.7,6,0,0,1,0,0,0,0,0,0,1,-2.6,3.2,1,0,0,0,0,5,1,0,1,0,-7.5,10.8,1,0,0,0,0,7,0,0,0,0,-0.8,5.9,0,1,0,0,0,3,1,1,0,0,1,6,0,0,1,0,0,1,0,0,0,0,1,6,0,0,1,0,0,1,0,0,0,0,2.3,6,0,0,1,0,0,3,0,0,2,-10.2,25.9,1,1,0,0,1,2,0,4.3,18,0,3,0,0,0,0,2,-4.9,49.9,1,5,0,0,17,1,2
50,0,0,0.1,5.7,0,0,0,1,1,8,1,1,0,0,1,6,0,0,1,0,0,1,0,0,0,0,-0.8,5.9,0,1,0,0,0,3,1,1,1,0,-7.5,10.8,1,0,0,0,0,7,0,0,0,0,-1.1,5.7,0,1,0,0,0,2,1,1,0,0,-1.1,5.7,0,1,0,0,0,2,1,1,0,0,2.2,6,0,0,1,0,0,4,0,0,0,1,-3,2.8,1,0,0,0,0,4,1,0,1,-8.4,28.4,2,1,0,0,2,2,0,-1.9,14.5,1,1,0,0,2,1,2,-10.2,48.6,3,2,1,1,29,5,4
51,0,0,2.5,5.5,0,0,1,1,0,7,0,0,0,1,-2.6,3.2,1,0,0,0,0,5,1,0,0,0,-0.8,5.9,0,1,0,0,0,3,1,1,1,0,-4.6,9.7,1,0,0,0,0,5,0,1,0,0,1,6,0,0,1,0,0,1,0,0,0,0,-1.1,5.7,0,1,0,0,0,2,1,1,0,0,0.7,6,0,0,1,0,0,0,0,0,0,0,0.1,5.7,0,0,0,1,1,8,1,1,2,-7,24.8,1,1,0,0,2,2,0,-0.3,17.4,1,1,1,1,2,2,2,-4.8,47.7,2,3,2,1,29,4,4
52,0,0,-1.1,5.7,0,1,0,0,0,2,1,1,0,0,0.7,6,0,0,1,0,0,0,0,0,0,1,-2.6,3.2,1,0,0,0,0,5,1,0,0,0,-0.8,5.9,0,1,0,0,0,3,1,1,0,1,-3,2.8,1,0,0,0,0,4,1,0,0,0,1,6,0,0,1,0,0,1,0,0,0,0,2.3,6,0,0,1,0,0,3,0,0,0,0,2.3,6,0,0,1,0,0,3,0,0,2,-5.7,17.9,1,1,0,0,2,1,0,5.6,18,0,3,0,0,0,0,2,-1.2,41.6,2,4,0,0,17,3,2
53,0,0,0.1,5.7,0,0,0,1,1,8,1,1,1,0,-4.6,9.7,1,0,0,0,0,5,0,1,0,0,0.7,6,0,0,1,0,0,0,0,0,1,0,-7.5,10.8,1,0,0,0,0,7,0,0,0,0,-1.1,5.7,0,1,0,0,0,2,1,1,0,0,1,6,0,0,1,0,0,1,0,0,0,0,-1.1,5.7,0,1,0,0,0,2,1,1,0,0,2.3,6,0,0,1,0,0,3,0,0,2,-12.5,32.2,1,1,0,0,1,3,0,2.2,17.7,1,2,0,0,1,1,2,-10.2,55.6,2,3,1,1,28,3,5
54,0,1,-3,2.8,1,0,0,0,0,4,1,0,0,0,1,6,0,0,1,0,0,1,0,0,1,0,-4.6,9.7,1,0,0,0,0,5,0,1,1,0,-7.5,10.8,1,0,0,0,0,7,0,0,0,1,-3,2.8,1,0,0,0,0,4,1,0,0,0,2.5,5.5,0,0,1,1,0,7,0,0,0,0,2.2,6,0,0,1,0,0,4,0,0,0,0,2.3,6,0,0,1,0,0,3,0,0,3,-14.1,29.3,0,1,0,0,2,1,0,7,17.5,0,3,1,0,0,0,4,-10.1,49.6,0,4,1,0,30,3,1
55,0,1,-3,2.8,1,0,0,0,0,4,1,0,0,1,-2.6,3.2,1,0,0,0,0,5,1,0,0,0,0.7,6,0,0,1,0,0,0,0,0,0,0,0.7,6,0,0,1,0,0,0,0,0,0,0,0.7,6,0,0,1,0,0,0,0,0,0,0,0.1,5.7,0,0,0,1,1,8,1,1,0,0,2.2,6,0,0,1,0,0,4,0,0,0,0,0.1,5.7,0,0,0,1,1,8,1,1,1,-0.5,21.2,0,3,0,0,1,0,0,2.4,17.4,0,1,2,2,2,2,2,-1.1,41.4,0,4,2,2,29,4,2
56,0,0,0.1,5.7,0,0,0,1,1,8,1,1,0,1,-2.6,3.2,1,0,0,0,0,5,1,0,0,0,1,6,0,0,1,0,0,1,0,0,1,0,-4.6,9.7,1,0,0,0,0,5,0,1,0,0,1,6,0,0,1,0,0,1,0,0,0,0,1,6,0,0,1,0,0,1,0,0,0,0,2.2,6,0,0,1,0,0,4,0,0,0,0,1,6,0,0,1,0,0,1,0,0,2,-5.2,24.9,0,2,0,0,1,2,0,4.2,18,0,3,0,0,0,0,2,-0.9,48.6,0,5,1,1,25,2,3
57,0,0,0.1,5.7,0,0,0,1,1,8,1,1,0,0,-0.8,5.9,0,1,0,0,0,3,1,1,0,0,1,6,0,0,1,0,0,1,0,0,0,0,1,6,0,0,1,0,0,1,0,0,0,0,1,6,0,0,1,0,0,1,0,0,0,1,-3,2.8,1,0,0,0,0,4,1,0,0,0,2.2,6,0,0,1,0,0,4,0,0,0,0,2.3,6,0,0,1,0,0,3,0,0,0,2.2,23.9,1,3,0,0,1,1,0,1.5,14.8,0,2,0,0,1,0,1,3.8,44.4,1,5,1,1,24,3,2
58,0,0,1,6,0,0,1,0,0,1,0,0,0,0,0.7,6,0,0,1,0,0,0,0,0,0,0,0.7,6,0,0,1,0,0,0,0,0,0,1,-2.6,3.2,1,0,0,0,0,5,1,0,0,0,-1.1,5.7,0,1,0,0,0,2,1,1,0,0,1,6,0,0,1,0,0,1,0,0,0,0,-1.1,5.7,0,1,0,0,0,2,1,1,0,0,1,6,0,0,1,0,0,1,0,0,1,-2.3,20.9,1,2,0,0,2,1,0,0.9,17.7,1,2,0,0,1,1,1,-0.4,44.6,2,5,0,0,12,3,2
59,0,0,1,6,0,0,1,0,0,1,0,0,0,0,1,6,0,0,1,0,0,1,0,0,1,0,-7.5,10.8,1,0,0,0,0,7,0,0,1,0,-7.5,10.8,1,0,0,0,0,7,0,0,0,0,0.7,6,0,0,1,0,0,0,0,0,0,1,-3,2.8,1,0,0,0,0,4,1,0,0,0,1,6,0,0,1,0,0,1,0,0,0,1,-3,2.8,1,0,0,0,0,4,1,0,2,-13.3,33.6,0,2,0,0,0,1,0,-5,11.6,0,1,0,0,2,0,4,-17.3,51.2,0,4,0,0,18,2,1
60,0,0,0.1,5.7,0,0,0,1,1,8,1,1,0,1,-2.6,3.2,1,0,0,0,0,5,1,0,0,0,-0.8,5.9,0,1,0,0,0,3,1,1,0,1,-2.6,3.2,1,0,0,0,0,5,1,0,0,0,0.7,6,0,0,1,0,0,0,0,0,0,0,1,6,0,0,1,0,0,1,0,0,0,0,0.7,6,0,0,1,0,0,0,0,0,0,0,2.3,6,0,0,1,0,0,3,0,0,2,-5.3,18.3,1,1,0,0,3,0,0,4,18,0,3,0,0,0,0,2,-1.2,42,1,4,1,1,23,4,1
61,0,0,1,6,0,0,1,0,0,1,0,0,0,1,-2.6,3.2,1,0,0,0,0,5,1,0,0,0,1,6,0,0,1,0,0,1,0,0,0,0,0.7,6,0,0,1,0,0,0,0,0,0,0,0.7,6,0,0,1,0,0,0,0,0,0,0,1,6,0,0,1,0,0,1,0,0,0,0,-1.1,5.7,0,1,0,0,0,2,1,1,0,0,0.1,5.7,0,0,0,1,1,8,1,1,1,-0.2,21.2,0,3,0,0,1,0,0,-8.33E-17,17.4,1,1,1,1,2,2,1,0.8,44.6,1,5,1,1,17,3,2
62,0,0,2.3,6,0,0,1,0,0,3,0,0,0,0,-0.8,5.9,0,1,0,0,0,3,1,1,0,1,-2.6,3.2,1,0,0,0,0,5,1,0,0,0,0.7,6,0,0,1,0,0,0,0,0,0,0,0.7,6,0,0,1,0,0,0,0,0,0,0,1,6,0,0,1,0,0,1,0,0,0,0,1.5,6,0,0,0,1,1,10,0,0,0,1,-3,2.8,1,0,0,0,0,4,1,0,1,-2,21.1,1,2,0,0,1,1,0,-0.5,14.8,0,1,1,1,1,0,2,-0.2,41.9,1,4,1,1,22,2,1
63,0,0,2.3,6,0,0,1,0,0,3,0,0,0,1,-2.6,3.2,1,0,0,0,0,5,1,0,0,0,-0.8,5.9,0,1,0,0,0,3,1,1,1,0,-7.5,10.8,1,0,0,0,0,7,0,0,0,0,1,6,0,0,1,0,0,1,0,0,0,0,2.5,5.5,0,0,1,1,0,7,0,0,0,0,0.7,6,0,0,1,0,0,0,0,0,0,0,2.3,6,0,0,1,0,0,3,0,0,2,-9.9,25.9,1,1,0,0,2,1,0,5.5,17.5,0,3,1,0,0,0,2,-2.1,49.4,1,5,1,0,27,2,1
64,0,0,2.3,6,0,0,1,0,0,3,0,0,0,1,-2.6,3.2,1,0,0,0,0,5,1,0,0,0,1,6,0,0,1,0,0,1,0,0,0,0,0.7,6,0,0,1,0,0,0,0,0,0,0,0.7,6,0,0,1,0,0,0,0,0,0,0,2.5,5.5,0,0,1,1,0,7,0,0,0,0,0.7,6,0,0,1,0,0,0,0,0,0,0,1,6,0,0,1,0,0,1,0,0,1,-0.2,21.2,0,3,0,0,1,0,0,4.2,17.5,0,3,1,0,0,0,1,6.3,44.7,0,7,1,0,16,1,0
65,0,0,-1.1,5.7,0,1,0,0,0,2,1,1,0,1,-2.6,3.2,1,0,0,0,0,5,1,0,0,0,0.7,6,0,0,1,0,0,0,0,0,0,1,-2.6,3.2,1,0,0,0,0,5,1,0,0,0,-0.8,5.9,0,1,0,0,0,3,1,1,0,1,-3,2.8,1,0,0,0,0,4,1,0,0,0,0.7,6,0,0,1,0,0,0,0,0,0,0,2.5,5.5,0,0,1,1,0,7,0,0,2,-5.3,18.3,1,1,0,0,3,1,0,0.2,14.3,0,2,1,0,1,0,3,-6.2,38.3,2,3,1,0,26,5,2
66,0,0,2.3,6,0,0,1,0,0,3,0,0,0,0,-0.8,5.9,0,1,0,0,0,3,1,1,0,0,1,6,0,0,1,0,0,1,0,0,0,0,-0.8,5.9,0,1,0,0,0,3,1,1,0,0,1,6,0,0,1,0,0,1,0,0,0,0,-1.1,5.7,0,1,0,0,0,2,1,1,0,0,1.5,6,0,0,0,1,1,10,0,0,0,0,1,6,0,0,1,0,0,1,0,0,0,0.4,23.8,2,2,0,0,2,2,0,1.4,17.7,1,1,1,1,1,1,0,4.1,47.5,3,4,1,1,23,3,3
67,0,1,-3,2.8,1,0,0,0,0,4,1,0,1,0,-4.6,9.7,1,0,0,0,0,5,0,1,1,0,-4.6,9.7,1,0,0,0,0,5,0,1,0,0,1,6,0,0,1,0,0,1,0,0,0,0,1,6,0,0,1,0,0,1,0,0,0,0,1,6,0,0,1,0,0,1,0,0,0,0,2.2,6,0,0,1,0,0,4,0,0,0,0,1,6,0,0,1,0,0,1,0,0,2,-7.2,31.4,0,2,0,0,1,1,0,4.2,18,0,3,0,0,0,0,3,-6,52.2,0,5,0,0,17,2,1
68,0,0,-1.1,5.7,0,1,0,0,0,2,1,1,0,0,-0.8,5.9,0,1,0,0,0,3,1,1,1,0,-4.6,9.7,1,0,0,0,0,5,0,1,0,0,0.7,6,0,0,1,0,0,0,0,0,0,0,1,6,0,0,1,0,0,1,0,0,0,0,1,6,0,0,1,0,0,1,0,0,0,0,2.2,6,0,0,1,0,0,4,0,0,0,0,2.3,6,0,0,1,0,0,3,0,0,1,-3.7,27.6,1,2,0,0,2,1,0,5.5,18,0,3,0,0,0,0,1,0.7,51.3,2,5,0,0,14,3,2
69,0,0,2.3,6,0,0,1,0,0,3,0,0,0,1,-2.6,3.2,1,0,0,0,0,5,1,0,0,0,0.7,6,0,0,1,0,0,0,0,0,0,0,0.7,6,0,0,1,0,0,0,0,0,0,0,-0.8,5.9,0,1,0,0,0,3,1,1,0,0,-1.1,5.7,0,1,0,0,0,2,1,1,0,0,0.7,6,0,0,1,0,0,0,0,0,0,0,2.3,6,0,0,1,0,0,3,0,0,1,-2,21.1,1,2,0,0,2,1,0,1.9,17.7,1,2,0,0,1,1,1,2.2,44.8,2,5,0,0,16,3,2
70,0,0,2.3,6,0,0,1,0,0,3,0,0,0,1,-2.6,3.2,1,0,0,0,0,5,1,0,0,0,-0.8,5.9,0,1,0,0,0,3,1,1,1,0,-7.5,10.8,1,0,0,0,0,7,0,0,0,0,0.7,6,0,0,1,0,0,0,0,0,0,0,1,6,0,0,1,0,0,1,0,0,0,0,0.7,6,0,0,1,0,0,0,0,0,0,0,1,6,0,0,1,0,0,1,0,0,2,-10.2,25.9,1,1,0,0,2,1,0,2.7,18,0,3,0,0,0,0,2,-5.2,49.9,1,5,0,0,18,2,1
71,0,1,-3,2.8,1,0,0,0,0,4,1,0,0,0,-0.8,5.9,0,1,0,0,0,3,1,1,1,0,-7.5,10.8,1,0,0,0,0,7,0,0,0,0,-0.8,5.9,0,1,0,0,0,3,1,1,0,0,1,6,0,0,1,0,0,1,0,0,0,0,0.1,5.7,0,0,0,1,1,8,1,1,0,0,0.7,6,0,0,1,0,0,0,0,0,0,0,2.5,5.5,0,0,1,1,0,7,0,0,1,-8.1,28.6,2,1,0,0,2,2,0,3.3,17.2,0,2,2,1,1,1,2,-7.8,48.6,2,3,2,1,26,4,3
72,0,0,2.3,6,0,0,1,0,0,3,0,0,0,0,1,6,0,0,1,0,0,1,0,0,0,1,-2.6,3.2,1,0,0,0,0,5,1,0,1,0,-7.5,10.8,1,0,0,0,0,7,0,0,0,0,-1.1,5.7,0,1,0,0,0,2,1,1,0,0,-1.1,5.7,0,1,0,0,0,2,1,1,0,0,1.5,6,0,0,0,1,1,10,0,0,0,0,2.3,6,0,0,1,0,0,3,0,0,2,-10.2,25.7,1,1,0,0,1,2,0,2.7,17.7,1,1,1,1,1,1,2,-5.2,49.4,2,3,1,1,29,2,3
73,0,1,-3,2.8,1,0,0,0,0,4,1,0,0,1,-2.6,3.2,1,0,0,0,0,5,1,0,0,0,0.7,6,0,0,1,0,0,0,0,0,0,0,0.7,6,0,0,1,0,0,0,0,0,0,0,-2.7,5.4,0,1,0,0,0,4,0,0,0,1,-3,2.8,1,0,0,0,0,4,1,0,0,0,1,6,0,0,1,0,0,1,0,0,0,0,0.1,5.7,0,0,0,1,1,8,1,1,1,-3.9,20.6,1,2,0,0,1,0,0,-1.9,14.5,0,1,1,1,2,1,3,-8.8,37.9,1,3,1,1,26,4,1
74,0,0,-1.1,5.7,0,1,0,0,0,2,1,1,0,0,1,6,0,0,1,0,0,1,0,0,1,0,-7.5,10.8,1,0,0,0,0,7,0,0,0,0,-0.8,5.9,0,1,0,0,0,3,1,1,0,0,1,6,0,0,1,0,0,1,0,0,0,1,-3,2.8,1,0,0,0,0,4,1,0,0,0,1,6,0,0,1,0,0,1,0,0,0,0,1,6,0,0,1,0,0,1,0,0,1,-6.3,28.7,1,2,0,0,1,1,0,-1,14.8,0,2,0,0,1,0,2,-8.4,49.2,2,4,0,0,13,3,2
75,0,0,0.1,5.7,0,0,0,1,1,8,1,1,0,0,-0.8,5.9,0,1,0,0,0,3,1,1,0,1,-2.6,3.2,1,0,0,0,0,5,1,0,1,0,-4.6,9.7,1,0,0,0,0,5,0,1,0,0,-0.8,5.9,0,1,0,0,0,3,1,1,0,0,2.3,6,0,0,1,0,0,3,0,0,0,0,2.3,6,0,0,1,0,0,3,0,0,0,1,-3,2.8,1,0,0,0,0,4,1,0,2,-8.8,24.7,2,0,0,0,2,4,0,1.6,14.8,0,2,0,0,1,0,3,-7.1,45.2,2,2,1,1,30,4,5
76,0,0,2.3,6,0,0,1,0,0,3,0,0,0,0,0.7,6,0,0,1,0,0,0,0,0,1,0,-4.6,9.7,1,0,0,0,0,5,0,1,0,0,-0.8,5.9,0,1,0,0,0,3,1,1,0,0,-1.1,5.7,0,1,0,0,0,2,1,1,0,0,-1.1,5.7,0,1,0,0,0,2,1,1,0,0,2.3,6,0,0,1,0,0,3,0,0,0,1,-3,2.8,1,0,0,0,0,4,1,0,1,-5.8,27.3,2,1,0,0,3,2,0,-1.8,14.5,1,1,0,0,2,1,2,-5.3,47.8,3,3,0,0,17,5,3
77,0,0,2.3,6,0,0,1,0,0,3,0,0,0,0,1,6,0,0,1,0,0,1,0,0,0,0,0.7,6,0,0,1,0,0,0,0,0,0,0,-0.8,5.9,0,1,0,0,0,3,1,1,0,1,-3,2.8,1,0,0,0,0,4,1,0,0,1,-3,2.8,1,0,0,0,0,4,1,0,0,0,2.3,6,0,0,1,0,0,3,0,0,0,0,1,6,0,0,1,0,0,1,0,0,1,-2.1,20.7,1,2,0,0,2,1,0,0.3,14.8,0,2,0,0,1,0,2,0.5,41.5,1,5,0,0,19,3,1
78,0,1,-3,2.8,1,0,0,0,0,4,1,0,0,0,1,6,0,0,1,0,0,1,0,0,0,0,0.7,6,0,0,1,0,0,0,0,0,0,0,0.7,6,0,0,1,0,0,0,0,0,0,0,0.7,6,0,0,1,0,0,0,0,0,0,0,-1.1,5.7,0,1,0,0,0,2,1,1,0,0,2.3,6,0,0,1,0,0,3,0,0,0,0,0.1,5.7,0,0,0,1,1,8,1,1,0,3.1,24,0,4,0,0,0,0,0,1.3,17.4,1,1,1,1,2,2,1,1.4,44.2,1,5,1,1,18,3,2
79,0,0,0.1,5.7,0,0,0,1,1,8,1,1,1,0,-4.6,9.7,1,0,0,0,0,5,0,1,0,0,-0.8,5.9,0,1,0,0,0,3,1,1,0,0,0.7,6,0,0,1,0,0,0,0,0,0,1,-3,2.8,1,0,0,0,0,4,1,0,0,0,1,6,0,0,1,0,0,1,0,0,0,0,2.3,6,0,0,1,0,0,3,0,0,0,0,-1.1,5.7,0,1,0,0,0,2,1,1,2,-7.7,24.4,1,1,0,0,2,1,0,2.2,17.7,1,2,0,0,1,1,2,-5.4,47.8,2,3,1,1,24,4,3
80,0,0,0.1,5.7,0,0,0,1,1,8,1,1,0,0,1,6,0,0,1,0,0,1,0,0,1,0,-4.6,9.7,1,0,0,0,0,5,0,1,0,0,0.7,6,0,0,1,0,0,0,0,0,0,1,-3,2.8,1,0,0,0,0,4,1,0,0,0,0.1,5.7,0,0,0,1,1,8,1,1,0,0,-1.1,5.7,0,1,0,0,0,2,1,1,0,0,2.3,6,0,0,1,0,0,3,0,0,2,-5.9,24.5,0,2,0,0,2,0,0,1.3,17.4,1,1,1,1,2,2,2,-4.5,47.6,1,3,2,2,26,5,3
81,0,0,0.1,5.7,0,0,0,1,1,8,1,1,1,0,-4.6,9.7,1,0,0,0,0,5,0,1,0,0,1,6,0,0,1,0,0,1,0,0,0,0,0.7,6,0,0,1,0,0,0,0,0,0,1,-3,2.8,1,0,0,0,0,4,1,0,0,0,2.3,6,0,0,1,0,0,3,0,0,0,0,-1.1,5.7,0,1,0,0,0,2,1,1,0,0,2.3,6,0,0,1,0,0,3,0,0,2,-5.9,24.5,0,2,0,0,1,1,0,3.5,17.7,1,2,0,0,1,1,2,-2.3,47.9,1,4,1,1,25,3,3
82,0,0,-1.1,5.7,0,1,0,0,0,2,1,1,0,1,-2.6,3.2,1,0,0,0,0,5,1,0,0,0,0.7,6,0,0,1,0,0,0,0,0,1,0,-7.5,10.8,1,0,0,0,0,7,0,0,0,0,0.7,6,0,0,1,0,0,0,0,0,0,1,-3,2.8,1,0,0,0,0,4,1,0,0,0,1.5,6,0,0,0,1,1,10,0,0,0,0,1,6,0,0,1,0,0,1,0,0,2,-8.7,26,0,2,0,0,1,1,0,-0.5,14.8,0,1,1,1,1,0,3,-10.3,46.5,1,3,1,1,29,3,2
83,0,0,2.3,6,0,0,1,0,0,3,0,0,1,0,-7.5,10.8,1,0,0,0,0,7,0,0,0,0,0.7,6,0,0,1,0,0,0,0,0,0,0,-0.8,5.9,0,1,0,0,0,3,1,1,0,0,-2.7,5.4,0,1,0,0,0,4,0,0,0,1,-3,2.8,1,0,0,0,0,4,1,0,0,0,1.5,6,0,0,0,1,1,10,0,0,0,0,-1.1,5.7,0,1,0,0,0,2,1,1,1,-10.3,28.1,2,1,0,0,1,1,0,-2.6,14.5,1,0,1,1,2,1,2,-10.6,48.6,3,2,1,1,33,3,2
84,0,0,0.1,5.7,0,0,0,1,1,8,1,1,1,0,-7.5,10.8,1,0,0,0,0,7,0,0,0,0,0.7,6,0,0,1,0,0,0,0,0,0,0,1,6,0,0,1,0,0,1,0,0,0,0,0.7,6,0,0,1,0,0,0,0,0,0,0,1,6,0,0,1,0,0,1,0,0,0,0,2.2,6,0,0,1,0,0,4,0,0,0,0,0.1,5.7,0,0,0,1,1,8,1,1,1,-5.1,28.8,0,3,0,0,0,0,0,3.3,17.7,0,2,1,1,1,1,1,-1.7,52.2,0,5,2,2,29,2,2
85,0,0,2.5,5.5,0,0,1,1,0,7,0,0,0,0,0.7,6,0,0,1,0,0,0,0,0,0,1,-2.6,3.2,1,0,0,0,0,5,1,0,0,0,-0.8,5.9,0,1,0,0,0,3,1,1,0,0,0.7,6,0,0,1,0,0,0,0,0,0,0,1,6,0,0,1,0,0,1,0,0,0,0,-1.1,5.7,0,1,0,0,0,2,1,1,0,0,2.5,5.5,0,0,1,1,0,7,0,0,1,-2,21.1,1,2,0,0,1,1,0,2.4,17.2,1,2,1,0,1,1,1,2.9,43.8,2,5,2,0,21,2,2
86,0,0,1,6,0,0,1,0,0,1,0,0,0,0,1,6,0,0,1,0,0,1,0,0,0,0,1,6,0,0,1,0,0,1,0,0,0,0,-0.8,5.9,0,1,0,0,0,3,1,1,0,0,-2.7,5.4,0,1,0,0,0,4,0,0,0,0,0.1,5.7,0,0,0,1,1,8,1,1,0,0,2.3,6,0,0,1,0,0,3,0,0,0,0,0.1,5.7,0,0,0,1,1,8,1,1,0,-1.5,23.3,2,2,0,0,1,1,0,2.5,17.4,0,1,2,2,2,2,0,2,46.7,2,4,2,2,28,3,3
87,0,0,2.3,6,0,0,1,0,0,3,0,0,1,0,-7.5,10.8,1,0,0,0,0,7,0,0,0,0,0.7,6,0,0,1,0,0,0,0,0,0,0,-0.8,5.9,0,1,0,0,0,3,1,1,0,1,-3,2.8,1,0,0,0,0,4,1,0,0,1,-3,2.8,1,0,0,0,0,4,1,0,0,0,2.2,6,0,0,1,0,0,4,0,0,0,1,-3,2.8,1,0,0,0,0,4,1,0,2,-10.6,25.5,1,1,0,0,2,1,0,-3.8,11.6,0,1,0,0,2,0,4,-12.1,43.1,1,3,0,0,29,4,1
88,0,0,-1.1,5.7,0,1,0,0,0,2,1,1,0,1,-2.6,3.2,1,0,0,0,0,5,1,0,0,0,0.7,6,0,0,1,0,0,0,0,0,0,1,-2.6,3.2,1,0,0,0,0,5,1,0,0,1,-3,2.8,1,0,0,0,0,4,1,0,0,0,1,6,0,0,1,0,0,1,0,0,0,0,2.2,6,0,0,1,0,0,4,0,0,0,0,1,6,0,0,1,0,0,1,0,0,3,-7.5,15.2,0,1,0,0,3,0,0,4.2,18,0,3,0,0,0,0,3,-4.4,38.9,1,4,0,0,22,4,1
89,0,0,1,6,0,0,1,0,0,1,0,0,0,0,-0.8,5.9,0,1,0,0,0,3,1,1,0,0,0.7,6,0,0,1,0,0,0,0,0,0,0,0.7,6,0,0,1,0,0,0,0,0,0,0,-0.8,5.9,0,1,0,0,0,3,1,1,0,0,2.5,5.5,0,0,1,1,0,7,0,0,0,0,1,6,0,0,1,0,0,1,0,0,0,0,2.5,5.5,0,0,1,1,0,7,0,0,0,-0.2,23.8,2,2,0,0,2,2,0,6,17,0,3,2,0,0,0,0,6.8,46.8,2,6,2,0,22,2,2
90,0,0,-1.1,5.7,0,1,0,0,0,2,1,1,0,0,-0.8,5.9,0,1,0,0,0,3,1,1,1,0,-4.6,9.7,1,0,0,0,0,5,0,1,0,0,-0.8,5.9,0,1,0,0,0,3,1,1,0,0,-1.1,5.7,0,1,0,0,0,2,1,1,0,0,2.3,6,0,0,1,0,0,3,0,0,0,0,0.7,6,0,0,1,0,0,0,0,0,0,0,2.5,5.5,0,0,1,1,0,7,0,0,1,-7.3,27.2,3,0,0,0,4,3,0,5.5,17.5,0,3,1,0,0,0,1,-2.9,50.4,4,3,1,0,20,5,4
91,0,0,2.3,6,0,0,1,0,0,3,0,0,1,0,-7.5,10.8,1,0,0,0,0,7,0,0,0,0,0.7,6,0,0,1,0,0,0,0,0,0,0,1,6,0,0,1,0,0,1,0,0,0,0,0.7,6,0,0,1,0,0,0,0,0,0,0,-1.1,5.7,0,1,0,0,0,2,1,1,0,0,1,6,0,0,1,0,0,1,0,0,0,1,-3,2.8,1,0,0,0,0,4,1,0,1,-5.1,28.8,0,3,0,0,0,0,0,-3.1,14.5,1,1,0,0,2,1,2,-5.9,49.3,1,5,0,0,18,2,1
92,0,0,0.1,5.7,0,0,0,1,1,8,1,1,1,0,-7.5,10.8,1,0,0,0,0,7,0,0,0,0,1,6,0,0,1,0,0,1,0,0,0,0,0.7,6,0,0,1,0,0,0,0,0,0,0,-0.8,5.9,0,1,0,0,0,3,1,1,0,0,-1.1,5.7,0,1,0,0,0,2,1,1,0,0,2.2,6,0,0,1,0,0,4,0,0,0,1,-3,2.8,1,0,0,0,0,4,1,0,1,-6.6,28.7,1,2,0,0,1,1,0,-1.9,14.5,1,1,0,0,2,1,2,-8.4,48.9,2,3,1,1,28,4,3
93,0,0,0.1,5.7,0,0,0,1,1,8,1,1,1,0,-4.6,9.7,1,0,0,0,0,5,0,1,1,0,-4.6,9.7,1,0,0,0,0,5,0,1,1,0,-7.5,10.8,1,0,0,0,0,7,0,0,0,0,0.7,6,0,0,1,0,0,0,0,0,0,0,-1.1,5.7,0,1,0,0,0,2,1,1,0,0,1,6,0,0,1,0,0,1,0,0,0,0,1,6,0,0,1,0,0,1,0,0,3,-16,36.2,0,1,0,0,1,2,0,0.9,17.7,1,2,0,0,1,1,3,-15,59.6,1,3,1,1,24,3,4
94,0,0,0.1,5.7,0,0,0,1,1,8,1,1,1,0,-4.6,9.7,1,0,0,0,0,5,0,1,1,0,-7.5,10.8,1,0,0,0,0,7,0,0,0,0,0.7,6,0,0,1,0,0,0,0,0,0,0,-1.1,5.7,0,1,0,0,0,2,1,1,0,0,-1.1,5.7,0,1,0,0,0,2,1,1,0,0,2.2,6,0,0,1,0,0,4,0,0,0,0,0.1,5.7,0,0,0,1,1,8,1,1,2,-12.5,32.2,1,1,0,0,1,2,0,1.2,17.4,1,1,1,1,2,2,2,-11.2,55.3,2,2,2,2,29,4,5
95,0,0,0.1,5.7,0,0,0,1,1,8,1,1,1,0,-7.5,10.8,1,0,0,0,0,7,0,0,0,0,1,6,0,0,1,0,0,1,0,0,1,0,-7.5,10.8,1,0,0,0,0,7,0,0,0,0,-1.1,5.7,0,1,0,0,0,2,1,1,0,0,-1.1,5.7,0,1,0,0,0,2,1,1,0,0,-1.1,5.7,0,1,0,0,0,2,1,1,0,0,-1.1,5.7,0,1,0,0,0,2,1,1,2,-15.1,33.3,1,1,0,0,1,2,0,-3.3,17.1,3,0,0,0,3,3,2,-18.3,56.1,4,1,1,1,30,5,6
96,0,0,0.1,5.7,0,0,0,1,1,8,1,1,1,0,-7.5,10.8,1,0,0,0,0,7,0,0,0,0,1,6,0,0,1,0,0,1,0,0,0,0,0.7,6,0,0,1,0,0,0,0,0,0,0,0.7,6,0,0,1,0,0,0,0,0,0,0,1,6,0,0,1,0,0,1,0,0,0,0,1,6,0,0,1,0,0,1,0,0,0,0,1,6,0,0,1,0,0,1,0,0,1,-5.1,28.8,0,3,0,0,0,0,0,3,18,0,3,0,0,0,0,1,-2,52.5,0,6,1,1,18,1,1
97,0,0,0.1,5.7,0,0,0,1,1,8,1,1,1,0,-7.5,10.8,1,0,0,0,0,7,0,0,0,0,1,6,0,0,1,0,0,1,0,0,0,0,0.7,6,0,0,1,0,0,0,0,0,0,0,0.7,6,0,0,1,0,0,0,0,0,0,0,-1.1,5.7,0,1,0,0,0,2,1,1,0,0,0.7,6,0,0,1,0,0,0,0,0,0,1,-3,2.8,1,0,0,0,0,4,1,0,1,-5.1,28.8,0,3,0,0,0,0,0,-3.4,14.5,1,1,0,0,2,1,2,-8.4,49,1,4,1,1,21,3,2
98,0,0,2.5,5.5,0,0,1,1,0,7,0,0,1,0,-7.5,10.8,1,0,0,0,0,7,0,0,0,0,1,6,0,0,1,0,0,1,0,0,0,1,-2.6,3.2,1,0,0,0,0,5,1,0,0,0,0.7,6,0,0,1,0,0,0,0,0,0,0,-1.1,5.7,0,1,0,0,0,2,1,1,0,0,2.2,6,0,0,1,0,0,4,0,0,0,1,-3,2.8,1,0,0,0,0,4,1,0,2,-8.4,26,0,2,0,0,1,0,0,-1.9,14.5,1,1,0,0,2,1,3,-7.8,46,1,4,1,0,29,3,1
99,0,0,0.1,5.7,0,0,0,1,1,8,1,1,1,0,-7.5,10.8,1,0,0,0,0,7,0,0,0,0,-0.8,5.9,0,1,0,0,0,3,1,1,1,0,-7.5,10.8,1,0,0,0,0,7,0,0,0,1,-3,2.8,1,0,0,0,0,4,1,0,0,0,-1.1,5.7,0,1,0,0,0,2,1,1,0,0,2.2,6,0,0,1,0,0,4,0,0,0,0,0.1,5.7,0,0,0,1,1,8,1,1,3,-18.8,30.3,1,0,0,0,2,1,0,1.2,17.4,1,1,1,1,2,2,3,-17.5,53.4,2,1,2,2,41,5,4
100,0,0,0.1,5.7,0,0,0,1,1,8,1,1,1,0,-7.5,10.8,1,0,0,0,0,7,0,0,1,0,-7.5,10.8,1,0,0,0,0,7,0,0,0,1,-2.6,3.2,1,0,0,0,0,5,1,0,0,1,-3,2.8,1,0,0,0,0,4,1,0,0,0,1,6,0,0,1,0,0,1,0,0,0,0,2.2,6,0,0,1,0,0,4,0,0,0,1,-3,2.8,1,0,0,0,0,4,1,0,4,-20.6,27.6,0,0,0,0,2,0,0,0.2,14.8,0,2,0,0,1,0,5,-20.3,48.1,0,2,1,1,33,4,1
101,0,0,2.5,5.5,0,0,1,1,0,7,0,0,1,0,-7.5,10.8,1,0,0,0,0,7,0,0,0,0,0.7,6,0,0,1,0,0,0,0,0,0,0,0.7,6,0,0,1,0,0,0,0,0,0,0,-1.1,5.7,0,1,0,0,0,2,1,1,0,0,1,6,0,0,1,0,0,1,0,0,0,0,2.2,6,0,0,1,0,0,4,0,0,0,0,1,6,0,0,1,0,0,1,0,0,1,-7.2,28.5,1,2,0,0,1,1,0,4.2,18,0,3,0,0,0,0,1,-0.5,52,1,6,1,0,22,1,1
102,0,0,0.1,5.7,0,0,0,1,1,8,1,1,1,0,-7.5,10.8,1,0,0,0,0,7,0,0,0,0,-0.8,5.9,0,1,0,0,0,3,1,1,0,0,0.7,6,0,0,1,0,0,0,0,0,0,0,1,6,0,0,1,0,0,1,0,0,0,0,1,6,0,0,1,0,0,1,0,0,0,0,2.2,6,0,0,1,0,0,4,0,0,0,0,1,6,0,0,1,0,0,1,0,0,1,-6.6,28.7,1,2,0,0,1,0,0,4.2,18,0,3,0,0,0,0,1,-2.3,52.4,1,5,1,1,23,2,1
103,0,0,0.1,5.7,0,0,0,1,1,8,1,1,1,0,-7.5,10.8,1,0,0,0,0,7,0,0,1,0,-4.6,9.7,1,0,0,0,0,5,0,1,0,0,0.7,6,0,0,1,0,0,0,0,0,0,0,-0.8,5.9,0,1,0,0,0,3,1,1,0,0,1,6,0,0,1,0,0,1,0,0,0,0,2.2,6,0,0,1,0,0,4,0,0,0,1,-3,2.8,1,0,0,0,0,4,1,0,2,-12.2,32.4,1,1,0,0,2,1,0,0.2,14.8,0,2,0,0,1,0,3,-11.9,52.9,1,3,1,1,27,4,2
104,0,0,2.5,5.5,0,0,1,1,0,7,0,0,1,0,-7.5,10.8,1,0,0,0,0,7,0,0,0,0,-0.8,5.9,0,1,0,0,0,3,1,1,0,0,0.7,6,0,0,1,0,0,0,0,0,0,1,-3,2.8,1,0,0,0,0,4,1,0,0,0,1,6,0,0,1,0,0,1,0,0,0,0,0.7,6,0,0,1,0,0,0,0,0,0,1,-3,2.8,1,0,0,0,0,4,1,0,2,-10.6,25.5,1,1,0,0,2,0,0,-1.3,14.8,0,2,0,0,1,0,3,-9.4,45.8,1,4,1,0,24,3,0
105,0,0,0.1,5.7,0,0,0,1,1,8,1,1,1,0,-7.5,10.8,1,0,0,0,0,7,0,0,0,0,-0.8,5.9,0,1,0,0,0,3,1,1,1,0,-7.5,10.8,1,0,0,0,0,7,0,0,0,1,-3,2.8,1,0,0,0,0,4,1,0,0,0,1,6,0,0,1,0,0,1,0,0,0,0,0.7,6,0,0,1,0,0,0,0,0,0,0,-1.1,5.7,0,1,0,0,0,2,1,1,3,-18.8,30.3,1,0,0,0,2,1,0,0.6,17.7,1,2,0,0,1,1,3,-18.1,53.7,2,2,1,1,30,4,3
106,0,0,0.1,5.7,0,0,0,1,1,8,1,1,1,0,-7.5,10.8,1,0,0,0,0,7,0,0,0,0,0.7,6,0,0,1,0,0,0,0,0,0,0,0.7,6,0,0,1,0,0,0,0,0,0,1,-3,2.8,1,0,0,0,0,4,1,0,0,0,-1.1,5.7,0,1,0,0,0,2,1,1,0,0,0.7,6,0,0,1,0,0,0,0,0,0,0,0.1,5.7,0,0,0,1,1,8,1,1,2,-9.1,25.6,0,2,0,0,1,0,0,-0.3,17.4,1,1,1,1,2,2,2,-9.3,48.7,1,3,2,2,29,4,3
107,0,0,0.1,5.7,0,0,0,1,1,8,1,1,1,0,-7.5,10.8,1,0,0,0,0,7,0,0,0,0,-0.8,5.9,0,1,0,0,0,3,1,1,1,0,-7.5,10.8,1,0,0,0,0,7,0,0,0,0,-1.1,5.7,0,1,0,0,0,2,1,1,0,0,-1.1,5.7,0,1,0,0,0,2,1,1,0,0,0.7,6,0,0,1,0,0,0,0,0,0,0,2.3,6,0,0,1,0,0,3,0,0,2,-16.9,33.2,2,0,0,0,2,2,0,1.9,17.7,1,2,0,0,1,1,2,-14.9,56.6,3,2,1,1,30,4,4
108,0,0,0.1,5.7,0,0,0,1,1,8,1,1,1,0,-7.5,10.8,1,0,0,0,0,7,0,0,0,0,0.7,6,0,0,1,0,0,0,0,0,0,0,0.7,6,0,0,1,0,0,0,0,0,0,1,-3,2.8,1,0,0,0,0,4,1,0,0,0,1,6,0,0,1,0,0,1,0,0,0,0,0.7,6,0,0,1,0,0,0,0,0,0,1,-3,2.8,1,0,0,0,0,4,1,0,2,-9.1,25.6,0,2,0,0,1,0,0,-1.3,14.8,0,2,0,0,1,0,3,-10.3,46.1,0,4,1,1,24,3,1
109,0,0,0.1,5.7,0,0,0,1,1,8,1,1,1,0,-7.5,10.8,1,0,0,0,0,7,0,0,0,0,0.7,6,0,0,1,0,0,0,0,0,0,0,0.7,6,0,0,1,0,0,0,0,0,0,0,-1.1,5.7,0,1,0,0,0,2,1,1,0,0,-1.1,5.7,0,1,0,0,0,2,1,1,0,0,0.7,6,0,0,1,0,0,0,0,0,0,0,2.3,6,0,0,1,0,0,3,0,0,1,-7.2,28.5,1,2,0,0,1,1,0,1.9,17.7,1,2,0,0,1,1,1,-5.2,51.9,2,4,1,1,22,3,3
110,0,0,0.1,5.7,0,0,0,1,1,8,1,1,1,0,-7.5,10.8,1,0,0,0,0,7,0,0,0,0,-0.8,5.9,0,1,0,0,0,3,1,1,1,0,-7.5,10.8,1,0,0,0,0,7,0,0,0,1,-3,2.8,1,0,0,0,0,4,1,0,0,0,1,6,0,0,1,0,0,1,0,0,0,0,2.2,6,0,0,1,0,0,4,0,0,0,1,-3,2.8,1,0,0,0,0,4,1,0,3,-18.8,30.3,1,0,0,0,2,1,0,0.2,14.8,0,2,0,0,1,0,4,-18.5,50.8,1,2,1,1,36,4,2
111,0,0,2.5,5.5,0,0,1,1,0,7,0,0,1,0,-7.5,10.8,1,0,0,0,0,7,0,0,0,0,-0.8,5.9,0,1,0,0,0,3,1,1,0,0,0.7,6,0,0,1,0,0,0,0,0,0,1,-3,2.8,1,0,0,0,0,4,1,0,0,0,-1.1,5.7,0,1,0,0,0,2,1,1,0,0,2.2,6,0,0,1,0,0,4,0,0,0,0,0.1,5.7,0,0,0,1,1,8,1,1,2,-10.6,25.5,1,1,0,0,2,0,0,1.2,17.4,1,1,1,1,2,2,2,-6.9,48.4,2,3,2,1,33,4,2
112,0,0,0.1,5.7,0,0,0,1,1,8,1,1,1,0,-7.5,10.8,1,0,0,0,0,7,0,0,1,0,-7.5,10.8,1,0,0,0,0,7,0,0,1,0,-7.5,10.8,1,0,0,0,0,7,0,0,0,0,0.7,6,0,0,1,0,0,0,0,0,0,0,-1.1,5.7,0,1,0,0,0,2,1,1,0,0,-1.1,5.7,0,1,0,0,0,2,1,1,0,0,2.3,6,0,0,1,0,0,3,0,0,3,-21.8,38.4,0,1,0,0,0,1,0,0.1,17.4,2,1,0,0,2,2,3,-21.6,61.5,2,2,1,1,29,3,4
113,0,0,0.1,5.7,0,0,0,1,1,8,1,1,1,0,-7.5,10.8,1,0,0,0,0,7,0,0,0,0,0.7,6,0,0,1,0,0,0,0,0,0,1,-2.6,3.2,1,0,0,0,0,5,1,0,0,0,0.7,6,0,0,1,0,0,0,0,0,0,0,1,6,0,0,1,0,0,1,0,0,0,0,2.2,6,0,0,1,0,0,4,0,0,0,0,1,6,0,0,1,0,0,1,0,0,2,-8.7,26,0,2,0,0,1,0,0,4.2,18,0,3,0,0,0,0,2,-4.4,49.7,0,5,1,1,26,2,1
114,0,0,0.1,5.7,0,0,0,1,1,8,1,1,1,0,-7.5,10.8,1,0,0,0,0,7,0,0,0,0,1,6,0,0,1,0,0,1,0,0,0,0,0.7,6,0,0,1,0,0,0,0,0,0,0,0.7,6,0,0,1,0,0,0,0,0,0,0,1,6,0,0,1,0,0,1,0,0,0,0,2.2,6,0,0,1,0,0,4,0,0,0,0,1,6,0,0,1,0,0,1,0,0,1,-5.1,28.8,0,3,0,0,0,0,0,4.2,18,0,3,0,0,0,0,1,-0.8,52.5,0,6,1,1,21,1,1
115,0,0,0.1,5.7,0,0,0,1,1,8,1,1,1,0,-7.5,10.8,1,0,0,0,0,7,0,0,0,0,-0.8,5.9,0,1,0,0,0,3,1,1,0,0,0.7,6,0,0,1,0,0,0,0,0,0,0,1,6,0,0,1,0,0,1,0,0,0,0,-1.1,5.7,0,1,0,0,0,2,1,1,0,0,0.7,6,0,0,1,0,0,0,0,0,0,0,0.1,5.7,0,0,0,1,1,8,1,1,1,-6.6,28.7,1,2,0,0,1,0,0,-0.3,17.4,1,1,1,1,2,2,1,-6.8,51.8,2,3,2,2,27,4,3
116,0,0,0.1,5.7,0,0,0,1,1,8,1,1,1,0,-7.5,10.8,1,0,0,0,0,7,0,0,0,0,-0.8,5.9,0,1,0,0,0,3,1,1,1,0,-7.5,10.8,1,0,0,0,0,7,0,0,0,1,-3,2.8,1,0,0,0,0,4,1,0,0,0,1,6,0,0,1,0,0,1,0,0,0,0,0.7,6,0,0,1,0,0,0,0,0,0,1,-3,2.8,1,0,0,0,0,4,1,0,3,-18.8,30.3,1,0,0,0,2,1,0,-1.3,14.8,0,2,0,0,1,0,4,-20,50.8,1,2,1,1,32,4,2
117,0,0,0.1,5.7,0,0,0,1,1,8,1,1,1,0,-7.5,10.8,1,0,0,0,0,7,0,0,0,0,1,6,0,0,1,0,0,1,0,0,0,0,0.7,6,0,0,1,0,0,0,0,0,0,0,0.7,6,0,0,1,0,0,0,0,0,0,0,1,6,0,0,1,0,0,1,0,0,0,0,0.7,6,0,0,1,0,0,0,0,0,0,1,-3,2.8,1,0,0,0,0,4,1,0,1,-5.1,28.8,0,3,0,0,0,0,0,-1.3,14.8,0,2,0,0,1,0,2,-6.3,49.3,0,5,1,1,20,2,1
118,0,0,0.1,5.7,0,0,0,1,1,8,1,1,1,0,-7.5,10.8,1,0,0,0,0,7,0,0,0,0,-0.8,5.9,0,1,0,0,0,3,1,1,1,0,-7.5,10.8,1,0,0,0,0,7,0,0,0,0,1,6,0,0,1,0,0,1,0,0,0,0,1,6,0,0,1,0,0,1,0,0,0,0,2.2,6,0,0,1,0,0,4,0,0,0,1,-3,2.8,1,0,0,0,0,4,1,0,2,-14.8,33.5,1,1,0,0,1,1,0,0.2,14.8,0,2,0,0,1,0,3,-14.5,54,1,3,1,1,33,3,2
119,0,0,0.1,5.7,0,0,0,1,1,8,1,1,1,0,-7.5,10.8,1,0,0,0,0,7,0,0,0,0,-0.8,5.9,0,1,0,0,0,3,1,1,1,0,-7.5,10.8,1,0,0,0,0,7,0,0,0,1,-2.6,3.2,1,0,0,0,0,5,1,0,0,0,1,6,0,0,1,0,0,1,0,0,0,0,0.7,6,0,0,1,0,0,0,0,0,0,1,-3,2.8,1,0,0,0,0,4,1,0,3,-18.4,30.7,1,0,0,0,2,1,0,-1.3,14.8,0,2,0,0,1,0,4,-19.6,51.2,1,2,1,1,33,4,2
120,0,0,0.1,5.7,0,0,0,1,1,8,1,1,1,0,-7.5,10.8,1,0,0,0,0,7,0,0,0,0,0.7,6,0,0,1,0,0,0,0,0,1,0,-7.5,10.8,1,0,0,0,0,7,0,0,0,0,0.7,6,0,0,1,0,0,0,0,0,0,0,-1.1,5.7,0,1,0,0,0,2,1,1,0,0,0.7,6,0,0,1,0,0,0,0,0,0,0,0.1,5.7,0,0,0,1,1,8,1,1,2,-13.6,33.6,0,2,0,0,0,1,0,-0.3,17.4,1,1,1,1,2,2,2,-13.8,56.7,1,3,2,2,32,3,4
121,0,0,0.1,5.7,0,0,0,1,1,8,1,1,1,0,-4.6,9.7,1,0,0,0,0,5,0,1,0,0,0.7,6,0,0,1,0,0,0,0,0,1,0,-7.5,10.8,1,0,0,0,0,7,0,0,0,0,0.7,6,0,0,1,0,0,0,0,0,0,0,-1.1,5.7,0,1,0,0,0,2,1,1,0,0,0.7,6,0,0,1,0,0,0,0,0,0,0,0.1,5.7,0,0,0,1,1,8,1,1,2,-10.7,32.5,0,2,0,0,0,2,0,-0.3,17.4,1,1,1,1,2,2,2,-10.9,55.6,1,3,2,2,30,3,5
122,0,0,0.1,5.7,0,0,0,1,1,8,1,1,1,0,-7.5,10.8,1,0,0,0,0,7,0,0,0,0,1,6,0,0,1,0,0,1,0,0,0,0,0.7,6,0,0,1,0,0,0,0,0,0,0,0.7,6,0,0,1,0,0,0,0,0,0,0,-1.1,5.7,0,1,0,0,0,2,1,1,0,0,0.7,6,0,0,1,0,0,0,0,0,0,0,0.1,5.7,0,0,0,1,1,8,1,1,1,-5.1,28.8,0,3,0,0,0,0,0,-0.3,17.4,1,1,1,1,2,2,1,-5.3,51.9,1,4,2,2,25,3,3
123,0,0,0.1,5.7,0,0,0,1,1,8,1,1,1,0,-7.5,10.8,1,0,0,0,0,7,0,0,0,0,0.7,6,0,0,1,0,0,0,0,0,1,0,-7.5,10.8,1,0,0,0,0,7,0,0,0,0,0.7,6,0,0,1,0,0,0,0,0,0,0,-1.1,5.7,0,1,0,0,0,2,1,1,0,0,2.2,6,0,0,1,0,0,4,0,0,0,1,-3,2.8,1,0,0,0,0,4,1,0,2,-13.6,33.6,0,2,0,0,0,1,0,-1.9,14.5,1,1,0,0,2,1,3,-15.4,53.8,1,3,1,1,32,3,3
124,0,0,0.1,5.7,0,0,0,1,1,8,1,1,1,0,-4.6,9.7,1,0,0,0,0,5,0,1,0,0,0.7,6,0,0,1,0,0,0,0,0,1,0,-7.5,10.8,1,0,0,0,0,7,0,0,0,0,0.7,6,0,0,1,0,0,0,0,0,0,0,1,6,0,0,1,0,0,1,0,0,0,0,1.5,6,0,0,0,1,1,10,0,0,0,1,-3,2.8,1,0,0,0,0,4,1,0,2,-10.7,32.5,0,2,0,0,0,2,0,-0.5,14.8,0,1,1,1,1,0,3,-11.1,53,0,3,2,2,35,2,3
125,0,0,0.1,5.7,0,0,0,1,1,8,1,1,1,0,-7.5,10.8,1,0,0,0,0,7,0,0,0,0,1,6,0,0,1,0,0,1,0,0,0,0,0.7,6,0,0,1,0,0,0,0,0,0,0,-0.8,5.9,0,1,0,0,0,3,1,1,0,0,-1.1,5.7,0,1,0,0,0,2,1,1,0,0,0.7,6,0,0,1,0,0,0,0,0,0,0,0.1,5.7,0,0,0,1,1,8,1,1,1,-6.6,28.7,1,2,0,0,1,1,0,-0.3,17.4,1,1,1,1,2,2,1,-6.8,51.8,2,3,2,2,28,4,4
126,0,0,0.1,5.7,0,0,0,1,1,8,1,1,1,0,-7.5,10.8,1,0,0,0,0,7,0,0,0,0,1,6,0,0,1,0,0,1,0,0,1,0,-7.5,10.8,1,0,0,0,0,7,0,0,0,0,-1.1,5.7,0,1,0,0,0,2,1,1,0,0,-1.1,5.7,0,1,0,0,0,2,1,1,0,0,2.2,6,0,0,1,0,0,4,0,0,0,0,0.1,5.7,0,0,0,1,1,8,1,1,2,-15.1,33.3,1,1,0,0,1,2,0,1.2,17.4,1,1,1,1,2,2,2,-13.8,56.4,2,2,2,2,38,4,5
127,0,0,0.1,5.7,0,0,0,1,1,8,1,1,1,0,-7.5,10.8,1,0,0,0,0,7,0,0,0,0,0.7,6,0,0,1,0,0,0,0,0,1,0,-7.5,10.8,1,0,0,0,0,7,0,0,0,0,0.7,6,0,0,1,0,0,0,0,0,0,0,-1.1,5.7,0,1,0,0,0,2,1,1,0,0,2.2,6,0,0,1,0,0,4,0,0,0,0,0.1,5.7,0,0,0,1,1,8,1,1,2,-13.6,33.6,0,2,0,0,0,1,0,1.2,17.4,1,1,1,1,2,2,2,-12.3,56.7,1,3,2,2,36,3,4
128,0,0,0.1,5.7,0,0,0,1,1,8,1,1,1,0,-7.5,10.8,1,0,0,0,0,7,0,0,0,0,-0.8,5.9,0,1,0,0,0,3,1,1,0,0,1,6,0,0,1,0,0,1,0,0,0,0,0.7,6,0,0,1,0,0,0,0,0,0,0,-1.1,5.7,0,1,0,0,0,2,1,1,0,0,2.2,6,0,0,1,0,0,4,0,0,0,0,0.1,5.7,0,0,0,1,1,8,1,1,1,-6.6,28.7,1,2,0,0,1,0,0,1.2,17.4,1,1,1,1,2,2,1,-5.3,51.8,2,3,2,2,31,4,3
129,0,0,0.1,5.7,0,0,0,1,1,8,1,1,1,0,-7.5,10.8,1,0,0,0,0,7,0,0,0,0,1,6,0,0,1,0,0,1,0,0,0,0,0.7,6,0,0,1,0,0,0,0,0,0,0,0.7,6,0,0,1,0,0,0,0,0,0,0,-1.1,5.7,0,1,0,0,0,2,1,1,0,0,2.2,6,0,0,1,0,0,4,0,0,0,1,-3,2.8,1,0,0,0,0,4,1,0,1,-5.1,28.8,0,3,0,0,0,0,0,-1.9,14.5,1,1,0,0,2,1,2,-6.9,49,1,4,1,1,25,3,2
130,0,0,0.1,5.7,0,0,0,1,1,8,1,1,1,0,-7.5,10.8,1,0,0,0,0,7,0,0,0,0,0.7,6,0,0,1,0,0,0,0,0,1,0,-7.5,10.8,1,0,0,0,0,7,0,0,0,0,0.7,6,0,0,1,0,0,0,0,0,0,0,1,6,0,0,1,0,0,1,0,0,0,0,2.3,6,0,0,1,0,0,3,0,0,0,0,2.3,6,0,0,1,0,0,3,0,0,2,-13.6,33.6,0,2,0,0,0,1,0,5.6,18,0,3,0,0,0,0,2,-7.9,57.3,0,5,1,1,29,1,2
131,0,0,0.1,5.7,0,0,0,1,1,8,1,1,1,0,-4.6,9.7,1,0,0,0,0,5,0,1,1,0,-7.5,10.8,1,0,0,0,0,7,0,0,0,0,0.7,6,0,0,1,0,0,0,0,0,0,0,-1.1,5.7,0,1,0,0,0,2,1,1,0,0,-1.1,5.7,0,1,0,0,0,2,1,1,0,0,2.2,6,0,0,1,0,0,4,0,0,0,0,2.5,5.5,0,0,1,1,0,7,0,0,2,-12.5,32.2,1,1,0,0,1,2,0,3.6,17.2,1,2,1,0,1,1,2,-8.8,55.1,2,3,2,1,28,3,4
132,0,0,0.1,5.7,0,0,0,1,1,8,1,1,1,0,-7.5,10.8,1,0,0,0,0,7,0,0,0,0,1,6,0,0,1,0,0,1,0,0,0,0,0.7,6,0,0,1,0,0,0,0,0,0,0,0.7,6,0,0,1,0,0,0,0,0,0,0,-1.1,5.7,0,1,0,0,0,2,1,1,0,0,2.2,6,0,0,1,0,0,4,0,0,0,0,0.1,5.7,0,0,0,1,1,8,1,1,1,-5.1,28.8,0,3,0,0,0,0,0,1.2,17.4,1,1,1,1,2,2,1,-3.8,51.9,1,4,2,2,29,3,3
133,0,0,0.1,5.7,0,0,0,1,1,8,1,1,1,0,-7.5,10.8,1,0,0,0,0,7,0,0,0,0,0.7,6,0,0,1,0,0,0,0,0,1,0,-7.5,10.8,1,0,0,0,0,7,0,0,0,0,0.7,6,0,0,1,0,0,0,0,0,0,0,1,6,0,0,1,0,0,1,0,0,0,0,1,6,0,0,1,0,0,1,0,0,0,0,1,6,0,0,1,0,0,1,0,0,2,-13.6,33.6,0,2,0,0,0,1,0,3,18,0,3,0,0,0,0,2,-10.5,57.3,0,5,1,1,25,1,2
134,0,0,2.5,5.5,0,0,1,1,0,7,0,0,1,0,-7.5,10.8,1,0,0,0,0,7,0,0,0,0,-0.8,5.9,0,1,0,0,0,3,1,1,0,0,0.7,6,0,0,1,0,0,0,0,0,0,1,-3,2.8,1,0,0,0,0,4,1,0,0,0,-1.1,5.7,0,1,0,0,0,2,1,1,0,0,-1.1,5.7,0,1,0,0,0,2,1,1,0,0,-1.1,5.7,0,1,0,0,0,2,1,1,2,-10.6,25.5,1,1,0,0,2,0,0,-3.3,17.1,3,0,0,0,3,3,2,-11.4,48.1,4,2,1,0,25,5,3
135,0,0,2.5,5.5,0,0,1,1,0,7,0,0,1,0,-7.5,10.8,1,0,0,0,0,7,0,0,0,0,1,6,0,0,1,0,0,1,0,0,0,0,0.7,6,0,0,1,0,0,0,0,0,0,0,0.7,6,0,0,1,0,0,0,0,0,0,0,-1.1,5.7,0,1,0,0,0,2,1,1,0,0,2.2,6,0,0,1,0,0,4,0,0,0,0,0.1,5.7,0,0,0,1,1,8,1,1,1,-5.1,28.8,0,3,0,0,0,0,0,1.2,17.4,1,1,1,1,2,2,1,-1.4,51.7,1,5,2,1,28,2,2
136,0,0,0.1,5.7,0,0,0,1,1,8,1,1,1,0,-7.5,10.8,1,0,0,0,0,7,0,0,0,0,1,6,0,0,1,0,0,1,0,0,0,0,0.7,6,0,0,1,0,0,0,0,0,0,0,0.7,6,0,0,1,0,0,0,0,0,0,0,1,6,0,0,1,0,0,1,0,0,0,0,1,6,0,0,1,0,0,1,0,0,0,0,2.5,5.5,0,0,1,1,0,7,0,0,1,-5.1,28.8,0,3,0,0,0,0,0,4.5,17.5,0,3,1,0,0,0,1,-0.5,52,0,6,2,1,24,1,1
137,0,0,0.1,5.7,0,0,0,1,1,8,1,1,1,0,-7.5,10.8,1,0,0,0,0,7,0,0,0,0,-0.8,5.9,0,1,0,0,0,3,1,1,0,1,-2.6,3.2,1,0,0,0,0,5,1,0,0,0,-1.1,5.7,0,1,0,0,0,2,1,1,0,0,-1.1,5.7,0,1,0,0,0,2,1,1,0,0,2.2,6,0,0,1,0,0,4,0,0,0,0,-1.1,5.7,0,1,0,0,0,2,1,1,2,-12,25.6,2,0,0,0,3,1,0,0,17.4,2,1,0,0,2,2,2,-11.9,48.7,4,1,1,1,31,6,4
138,0,0,0.1,5.7,0,0,0,1,1,8,1,1,1,0,-7.5,10.8,1,0,0,0,0,7,0,0,0,0,1,6,0,0,1,0,0,1,0,0,0,0,0.7,6,0,0,1,0,0,0,0,0,0,0,-1.1,5.7,0,1,0,0,0,2,1,1,0,0,-1.1,5.7,0,1,0,0,0,2,1,1,0,0,0.7,6,0,0,1,0,0,0,0,0,0,1,-3,2.8,1,0,0,0,0,4,1,0,1,-6.9,28.5,1,2,0,0,1,1,0,-3.4,14.5,1,1,0,0,2,1,2,-10.2,48.7,2,3,1,1,23,4,3
139,0,0,0.1,5.7,0,0,0,1,1,8,1,1,1,0,-7.5,10.8,1,0,0,0,0,7,0,0,0,0,1,6,0,0,1,0,0,1,0,0,1,0,-7.5,10.8,1,0,0,0,0,7,0,0,0,0,-0.8,5.9,0,1,0,0,0,3,1,1,0,0,-1.1,5.7,0,1,0,0,0,2,1,1,0,0,1,6,0,0,1,0,0,1,0,0,0,0,2.3,6,0,0,1,0,0,3,0,0,2,-14.8,33.5,1,1,0,0,1,2,0,2.2,17.7,1,2,0,0,1,1,2,-12.5,56.9,2,3,1,1,31,3,4
140,0,0,2.3,6,0,0,1,0,0,3,0,0,1,0,-4.6,9.7,1,0,0,0,0,5,0,1,0,0,0.7,6,0,0,1,0,0,0,0,0,1,0,-7.5,10.8,1,0,0,0,0,7,0,0,0,0,0.7,6,0,0,1,0,0,0,0,0,0,0,-1.1,5.7,0,1,0,0,0,2,1,1,0,0,1.5,6,0,0,0,1,1,10,0,0,0,1,-3,2.8,1,0,0,0,0,4,1,0,2,-10.7,32.5,0,2,0,0,0,2,0,-2.6,14.5,1,0,1,1,2,1,3,-11,53,1,3,1,1,31,2,3
141,0,0,0.1,5.7,0,0,0,1,1,8,1,1,1,0,-7.5,10.8,1,0,0,0,0,7,0,0,0,0,0.7,6,0,0,1,0,0,0,0,0,1,0,-7.5,10.8,1,0,0,0,0,7,0,0,0,0,0.7,6,0,0,1,0,0,0,0,0,0,0,1,6,0,0,1,0,0,1,0,0,0,0,2.3,6,0,0,1,0,0,3,0,0,0,0,0.1,5.7,0,0,0,1,1,8,1,1,2,-13.6,33.6,0,2,0,0,0,1,0,3.4,17.7,0,2,1,1,1,1,2,-10.1,57,0,4,2,2,34,2,3
142,0,0,0.1,5.7,0,0,0,1,1,8,1,1,1,0,-7.5,10.8,1,0,0,0,0,7,0,0,0,0,0.7,6,0,0,1,0,0,0,0,0,1,0,-4.6,9.7,1,0,0,0,0,5,0,1,0,0,-1.1,5.7,0,1,0,0,0,2,1,1,0,0,-1.1,5.7,0,1,0,0,0,2,1,1,0,0,0.7,6,0,0,1,0,0,0,0,0,0,0,-1.1,5.7,0,1,0,0,0,2,1,1,2,-12.5,32.2,1,1,0,0,1,3,0,-1.5,17.4,2,1,0,0,2,2,2,-13.9,55.3,3,2,1,1,26,4,6
143,0,0,0.1,5.7,0,0,0,1,1,8,1,1,1,0,-7.5,10.8,1,0,0,0,0,7,0,0,1,0,-7.5,10.8,1,0,0,0,0,7,0,0,0,1,-2.6,3.2,1,0,0,0,0,5,1,0,0,0,1,6,0,0,1,0,0,1,0,0,0,0,1,6,0,0,1,0,0,1,0,0,0,0,0.7,6,0,0,1,0,0,0,0,0,0,0,2.5,5.5,0,0,1,1,0,7,0,0,3,-16.6,30.8,0,1,0,0,1,0,0,4.2,17.5,0,3,1,0,0,0,3,-12.3,54,0,4,2,1,29,2,1
144,0,0,0.1,5.7,0,0,0,1,1,8,1,1,1,0,-7.5,10.8,1,0,0,0,0,7,0,0,0,0,1,6,0,0,1,0,0,1,0,0,0,0,0.7,6,0,0,1,0,0,0,0,0,0,0,0.7,6,0,0,1,0,0,0,0,0,0,0,-1.1,5.7,0,1,0,0,0,2,1,1,0,0,1,6,0,0,1,0,0,1,0,0,0,0,0.1,5.7,0,0,0,1,1,8,1,1,1,-5.1,28.8,0,3,0,0,0,0,0,-8.33E-17,17.4,1,1,1,1,2,2,1,-5,51.9,1,4,2,2,26,3,3
145,0,0,0.1,5.7,0,0,0,1,1,8,1,1,1,0,-7.5,10.8,1,0,0,0,0,7,0,0,0,0,0.7,6,0,0,1,0,0,0,0,0,1,0,-4.6,9.7,1,0,0,0,0,5,0,1,0,0,0.7,6,0,0,1,0,0,0,0,0,0,0,-1.1,5.7,0,1,0,0,0,2,1,1,0,0,2.3,6,0,0,1,0,0,3,0,0,0,0,1,6,0,0,1,0,0,1,0,0,2,-10.7,32.5,0,2,0,0,0,2,0,2.2,17.7,1,2,0,0,1,1,2,-8.4,55.9,1,4,1,1,26,2,4
146,0,0,0.1,5.7,0,0,0,1,1,8,1,1,1,0,-7.5,10.8,1,0,0,0,0,7,0,0,1,0,-4.6,9.7,1,0,0,0,0,5,0,1,0,0,0.7,6,0,0,1,0,0,0,0,0,0,0,-1.1,5.7,0,1,0,0,0,2,1,1,0,0,-1.1,5.7,0,1,0,0,0,2,1,1,0,0,1.5,6,0,0,0,1,1,10,0,0,0,1,-3,2.8,1,0,0,0,0,4,1,0,2,-12.5,32.2,1,1,0,0,2,1,0,-2.6,14.5,1,0,1,1,2,1,3,-15,52.4,2,1,2,2,33,5,3
147,0,0,0.1,5.7,0,0,0,1,1,8,1,1,1,0,-7.5,10.8,1,0,0,0,0,7,0,0,0,0,0.7,6,0,0,1,0,0,0,0,0,1,0,-7.5,10.8,1,0,0,0,0,7,0,0,0,0,0.7,6,0,0,1,0,0,0,0,0,0,0,1,6,0,0,1,0,0,1,0,0,0,0,-1.1,5.7,0,1,0,0,0,2,1,1,0,0,2.3,6,0,0,1,0,0,3,0,0,2,-13.6,33.6,0,2,0,0,0,1,0,2.2,17.7,1,2,0,0,1,1,2,-11.3,57,1,4,1,1,28,2,3
148,0,0,0.1,5.7,0,0,0,1,1,8,1,1,1,0,-7.5,10.8,1,0,0,0,0,7,0,0,0,0,-0.8,5.9,0,1,0,0,0,3,1,1,1,0,-4.6,9.7,1,0,0,0,0,5,0,1,0,0,1,6,0,0,1,0,0,1,0,0,0,0,1,6,0,0,1,0,0,1,0,0,0,0,2.3,6,0,0,1,0,0,3,0,0,0,1,-3,2.8,1,0,0,0,0,4,1,0,2,-11.9,32.4,1,1,0,0,1,2,0,0.3,14.8,0,2,0,0,1,0,3,-11.5,52.9,1,3,1,1,30,3,3
149,0,0,0.1,5.7,0,0,0,1,1,8,1,1,1,0,-7.5,10.8,1,0,0,0,0,7,0,0,1,0,-4.6,9.7,1,0,0,0,0,5,0,1,0,0,0.7,6,0,0,1,0,0,0,0,0,0,0,0.7,6,0,0,1,0,0,0,0,0,0,0,-1.1,5.7,0,1,0,0,0,2,1,1,0,0,1,6,0,0,1,0,0,1,0,0,0,0,2.3,6,0,0,1,0,0,3,0,0,2,-10.7,32.5,0,2,0,0,1,0,0,2.2,17.7,1,2,0,0,1,1,2,-8.4,55.9,1,4,1,1,21,3,2
150,0,0,0.1,5.7,0,0,0,1,1,8,1,1,1,0,-7.5,10.8,1,0,0,0,0,7,0,0,1,0,-7.5,10.8,1,0,0,0,0,7,0,0,1,0,-4.6,9.7,1,0,0,0,0,5,0,1,0,0,0.7,6,0,0,1,0,0,0,0,0,0,0,1,6,0,0,1,0,0,1,0,0,0,0,1,6,0,0,1,0,0,1,0,0,0,0,0.1,5.7,0,0,0,1,1,8,1,1,3,-18.9,37.3,0,1,0,0,0,2,0,2.1,17.7,0,2,1,1,1,1,3,-16.7,60.7,0,3,2,2,30,2,4
151,0,0,0.1,5.7,0,0,0,1,1,8,1,1,1,0,-7.5,10.8,1,0,0,0,0,7,0,0,0,0,-0.8,5.9,0,1,0,0,0,3,1,1,1,0,-4.6,9.7,1,0,0,0,0,5,0,1,0,0,0.7,6,0,0,1,0,0,0,0,0,0,0,1,6,0,0,1,0,0,1,0,0,0,0,-1.1,5.7,0,1,0,0,0,2,1,1,0,0,2.3,6,0,0,1,0,0,3,0,0,2,-12.2,32.4,1,1,0,0,1,2,0,2.2,17.7,1,2,0,0,1,1,2,-9.9,55.8,2,3,1,1,27,3,4
152,0,0,0.1,5.7,0,0,0,1,1,8,1,1,1,0,-7.5,10.8,1,0,0,0,0,7,0,0,0,0,0.7,6,0,0,1,0,0,0,0,0,1,0,-7.5,10.8,1,0,0,0,0,7,0,0,0,0,0.7,6,0,0,1,0,0,0,0,0,0,0,1,6,0,0,1,0,0,1,0,0,0,0,1,6,0,0,1,0,0,1,0,0,0,0,-1.1,5.7,0,1,0,0,0,2,1,1,2,-13.6,33.6,0,2,0,0,0,1,0,0.9,17.7,1,2,0,0,1,1,2,-12.6,57,1,4,1,1,26,2,3
153,0,0,2.3,6,0,0,1,0,0,3,0,0,0,0,1,6,0,0,1,0,0,1,0,0,1,0,-7.5,10.8,1,0,0,0,0,7,0,0,0,0,0.7,6,0,0,1,0,0,0,0,0,0,0,-1.1,5.7,0,1,0,0,0,2,1,1,0,0,1,6,0,0,1,0,0,1,0,0,0,0,-1.1,5.7,0,1,0,0,0,2,1,1,0,0,0.1,5.7,0,0,0,1,1,8,1,1,1,-6.9,28.5,1,2,0,0,1,1,0,-8.33E-17,17.4,1,1,1,1,2,2,1,-4.6,51.9,2,4,1,1,17,3,3
154,0,0,0.1,5.7,0,0,0,1,1,8,1,1,1,0,-4.6,9.7,1,0,0,0,0,5,0,1,1,0,-7.5,10.8,1,0,0,0,0,7,0,0,0,0,0.7,6,0,0,1,0,0,0,0,0,0,0,-0.8,5.9,0,1,0,0,0,3,1,1,0,0,-1.1,5.7,0,1,0,0,0,2,1,1,0,0,0.7,6,0,0,1,0,0,0,0,0,0,0,2.3,6,0,0,1,0,0,3,0,0,2,-12.2,32.4,1,1,0,0,1,2,0,1.9,17.7,1,2,0,0,1,1,2,-10.2,55.8,2,3,1,1,21,3,4
155,0,0,0.1,5.7,0,0,0,1,1,8,1,1,1,0,-7.5,10.8,1,0,0,0,0,7,0,0,0,0,0.7,6,0,0,1,0,0,0,0,0,1,0,-7.5,10.8,1,0,0,0,0,7,0,0,0,0,0.7,6,0,0,1,0,0,0,0,0,0,0,1,6,0,0,1,0,0,1,0,0,0,0,2.2,6,0,0,1,0,0,4,0,0,0,1,-3,2.8,1,0,0,0,0,4,1,0,2,-13.6,33.6,0,2,0,0,0,1,0,0.2,14.8,0,2,0,0,1,0,3,-13.3,54.1,0,4,1,1,31,2,2
156,0,0,0.1,5.7,0,0,0,1,1,8,1,1,1,0,-7.5,10.8,1,0,0,0,0,7,0,0,1,0,-7.5,10.8,1,0,0,0,0,7,0,0,0,0,1,6,0,0,1,0,0,1,0,0,0,0,-1.1,5.7,0,1,0,0,0,2,1,1,0,0,1,6,0,0,1,0,0,1,0,0,0,0,1,6,0,0,1,0,0,1,0,0,0,0,0.1,5.7,0,0,0,1,1,8,1,1,2,-15.1,33.3,1,1,0,0,1,1,0,2.1,17.7,0,2,1,1,1,1,2,-12.9,56.7,1,3,2,2,28,3,3
157,0,0,0.1,5.7,0,0,0,1,1,8,1,1,1,0,-7.5,10.8,1,0,0,0,0,7,0,0,0,0,-0.8,5.9,0,1,0,0,0,3,1,1,1,0,-7.5,10.8,1,0,0,0,0,7,0,0,0,0,0.7,6,0,0,1,0,0,0,0,0,0,0,1,6,0,0,1,0,0,1,0,0,0,0,2.2,6,0,0,1,0,0,4,0,0,0,1,-3,2.8,1,0,0,0,0,4,1,0,2,-15.1,33.5,1,1,0,0,1,1,0,0.2,14.8,0,2,0,0,1,0,3,-14.8,54,1,3,1,1,32,3,2
158,0,0,0.1,5.7,0,0,0,1,1,8,1,1,1,0,-7.5,10.8,1,0,0,0,0,7,0,0,0,0,1,6,0,0,1,0,0,1,0,0,0,0,0.7,6,0,0,1,0,0,0,0,0,0,0,0.7,6,0,0,1,0,0,0,0,0,0,0,1,6,0,0,1,0,0,1,0,0,0,0,1,6,0,0,1,0,0,1,0,0,0,0,1,6,0,0,1,0,0,1,0,0,1,-5.1,28.8,0,3,0,0,0,0,0,3,18,0,3,0,0,0,0,1,-2,52.5,0,6,1,1,18,1,1
159,0,0,0.1,5.7,0,0,0,1,1,8,1,1,1,0,-7.5,10.8,1,0,0,0,0,7,0,0,0,0,0.7,6,0,0,1,0,0,0,0,0,0,0,1,6,0,0,1,0,0,1,0,0,0,0,0.7,6,0,0,1,0,0,0,0,0,0,0,-1.1,5.7,0,1,0,0,0,2,1,1,0,0,2.2,6,0,0,1,0,0,4,0,0,0,0,2.5,5.5,0,0,1,1,0,7,0,0,1,-5.1,28.8,0,3,0,0,0,0,0,3.6,17.2,1,2,1,0,1,1,1,-1.4,51.7,1,5,2,1,29,2,2
160,0,0,0.1,5.7,0,0,0,1,1,8,1,1,1,0,-7.5,10.8,1,0,0,0,0,7,0,0,1,0,-7.5,10.8,1,0,0,0,0,7,0,0,0,0,0.7,6,0,0,1,0,0,0,0,0,0,0,1,6,0,0,1,0,0,1,0,0,0,0,1,6,0,0,1,0,0,1,0,0,0,0,2.2,6,0,0,1,0,0,4,0,0,0,0,2.3,6,0,0,1,0,0,3,0,0,2,-13.3,33.6,0,2,0,0,0,0,0,5.5,18,0,3,0,0,0,0,2,-7.7,57.3,0,5,1,1,24,1,1
161,0,0,1,6,0,0,1,0,0,1,0,0,0,0,-0.8,5.9,0,1,0,0,0,3,1,1,0,0,0.7,6,0,0,1,0,0,0,0,0,0,0,0.7,6,0,0,1,0,0,0,0,0,0,0,-0.8,5.9,0,1,0,0,0,3,1,1,0,0,2.5,5.5,0,0,1,1,0,7,0,0,0,0,1,6,0,0,1,0,0,1,0,0,0,0,2.5,5.5,0,0,1,1,0,7,0,0,0,-0.2,23.8,2,2,0,0,2,2,0,6,17,0,3,2,0,0,0,0,6.8,46.8,2,6,2,0,22,2,2
162,0,0,2.3,6,0,0,1,0,0,3,0,0,1,0,-7.5,10.8,1,0,0,0,0,7,0,0,1,0,-4.6,9.7,1,0,0,0,0,5,0,1,1,0,-7.5,10.8,1,0,0,0,0,7,0,0,0,0,0.7,6,0,0,1,0,0,0,0,0,0,0,-1.1,5.7,0,1,0,0,0,2,1,1,0,0,2.2,6,0,0,1,0,0,4,0,0,0,0,2.5,5.5,0,0,1,1,0,7,0,0,3,-18.9,37.3,0,1,0,0,1,1,0,3.6,17.2,1,2,1,0,1,1,3,-13,60.5,1,4,1,0,30,2,2
163,0,0,2.5,5.5,0,0,1,1,0,7,0,0,0,0,1,6,0,0,1,0,0,1,0,0,0,0,1,6,0,0,1,0,0,1,0,0,1,0,-4.6,9.7,1,0,0,0,0,5,0,1,0,0,-2.7,5.4,0,1,0,0,0,4,0,0,0,1,-3,2.8,1,0,0,0,0,4,1,0,0,0,2.3,6,0,0,1,0,0,3,0,0,0,0,2.3,6,0,0,1,0,0,3,0,0,1,-5.3,27.1,1,2,0,0,0,2,0,1.6,14.8,0,2,0,0,1,0,2,-1.2,47.4,1,5,1,0,27,1,2
164,0,0,1,6,0,0,1,0,0,1,0,0,1,0,-7.5,10.8,1,0,0,0,0,7,0,0,0,0,0.7,6,0,0,1,0,0,0,0,0,0,0,0.7,6,0,0,1,0,0,0,0,0,0,0,0.7,6,0,0,1,0,0,0,0,0,0,0,2.3,6,0,0,1,0,0,3,0,0,0,0,2.3,6,0,0,1,0,0,3,0,0,0,0,2.3,6,0,0,1,0,0,3,0,0,1,-5.4,28.8,0,3,0,0,0,0,0,6.9,18,0,3,0,0,0,0,1,2.5,52.8,0,7,0,0,17,0,0
165,0,0,0.1,5.7,0,0,0,1,1,8,1,1,1,0,-7.5,10.8,1,0,0,0,0,7,0,0,0,0,0.7,6,0,0,1,0,0,0,0,0,1,0,-7.5,10.8,1,0,0,0,0,7,0,0,0,1,-3,2.8,1,0,0,0,0,4,1,0,0,0,1,6,0,0,1,0,0,1,0,0,0,0,2.2,6,0,0,1,0,0,4,0,0,0,0,2.5,5.5,0,0,1,1,0,7,0,0,3,-17.3,30.4,0,1,0,0,1,1,0,5.7,17.5,0,3,1,0,0,0,3,-11.5,53.6,0,4,2,1,38,2,2
166,0,0,0.1,5.7,0,0,0,1,1,8,1,1,1,0,-4.6,9.7,1,0,0,0,0,5,0,1,0,0,-0.8,5.9,0,1,0,0,0,3,1,1,0,0,0.7,6,0,0,1,0,0,0,0,0,0,0,0.7,6,0,0,1,0,0,0,0,0,0,0,1,6,0,0,1,0,0,1,0,0,0,0,1,6,0,0,1,0,0,1,0,0,0,0,2.3,6,0,0,1,0,0,3,0,0,1,-4,27.6,1,2,0,0,1,1,0,4.3,18,0,3,0,0,0,0,1,0.4,51.3,1,5,1,1,19,2,2
167,0,0,2.3,6,0,0,1,0,0,3,0,0,1,0,-7.5,10.8,1,0,0,0,0,7,0,0,0,0,1,6,0,0,1,0,0,1,0,0,1,0,-7.5,10.8,1,0,0,0,0,7,0,0,0,0,-1.1,5.7,0,1,0,0,0,2,1,1,0,0,-1.1,5.7,0,1,0,0,0,2,1,1,0,0,2.3,6,0,0,1,0,0,3,0,0,0,0,2.3,6,0,0,1,0,0,3,0,0,2,-15.1,33.3,1,1,0,0,1,2,0,3.5,17.7,1,2,0,0,1,1,2,-9.3,57,2,4,0,0,27,2,3
168,0,0,0.1,5.7,0,0,0,1,1,8,1,1,1,0,-7.5,10.8,1,0,0,0,0,7,0,0,1,0,-7.5,10.8,1,0,0,0,0,7,0,0,1,0,-7.5,10.8,1,0,0,0,0,7,0,0,0,0,0.7,6,0,0,1,0,0,0,0,0,0,0,-1.1,5.7,0,1,0,0,0,2,1,1,0,0,-1.1,5.7,0,1,0,0,0,2,1,1,0,0,-1.1,5.7,0,1,0,0,0,2,1,1,3,-21.8,38.4,0,1,0,0,0,1,0,-3.3,17.1,3,0,0,0,3,3,3,-25,61.2,3,1,1,1,28,4,5
169,0,0,2.5,5.5,0,0,1,1,0,7,0,0,1,0,-7.5,10.8,1,0,0,0,0,7,0,0,0,0,1,6,0,0,1,0,0,1,0,0,0,0,0.7,6,0,0,1,0,0,0,0,0,0,0,-0.8,5.9,0,1,0,0,0,3,1,1,0,0,1,6,0,0,1,0,0,1,0,0,0,0,0.7,6,0,0,1,0,0,0,0,0,0,1,-3,2.8,1,0,0,0,0,4,1,0,1,-6.6,28.7,1,2,0,0,1,1,0,-1.3,14.8,0,2,0,0,1,0,2,-5.4,49,1,5,1,0,22,2,1
170,0,0,0.1,5.7,0,0,0,1,1,8,1,1,1,0,-7.5,10.8,1,0,0,0,0,7,0,0,0,0,1,6,0,0,1,0,0,1,0,0,1,0,-7.5,10.8,1,0,0,0,0,7,0,0,0,0,0.7,6,0,0,1,0,0,0,0,0,0,0,-1.1,5.7,0,1,0,0,0,2,1,1,0,0,-1.1,5.7,0,1,0,0,0,2,1,1,0,0,-1.1,5.7,0,1,0,0,0,2,1,1,2,-13.3,33.6,0,2,0,0,0,1,0,-3.3,17.1,3,0,0,0,3,3,2,-16.5,56.4,3,2,1,1,28,4,5
171,0,0,0.1,5.7,0,0,0,1,1,8,1,1,1,0,-7.5,10.8,1,0,0,0,0,7,0,0,0,0,-0.8,5.9,0,1,0,0,0,3,1,1,1,0,-7.5,10.8,1,0,0,0,0,7,0,0,0,0,-1.1,5.7,0,1,0,0,0,2,1,1,0,0,1,6,0,0,1,0,0,1,0,0,0,0,1,6,0,0,1,0,0,1,0,0,0,0,2.3,6,0,0,1,0,0,3,0,0,2,-16.9,33.2,2,0,0,0,2,2,0,4.3,18,0,3,0,0,0,0,2,-12.5,56.9,2,3,1,1,30,3,3
172,0,0,0.1,5.7,0,0,0,1,1,8,1,1,1,0,-4.6,9.7,1,0,0,0,0,5,0,1,1,0,-4.6,9.7,1,0,0,0,0,5,0,1,1,0,-4.6,9.7,1,0,0,0,0,5,0,1,0,0,-0.8,5.9,0,1,0,0,0,3,1,1,0,0,-1.1,5.7,0,1,0,0,0,2,1,1,0,0,0.7,6,0,0,1,0,0,0,0,0,0,0,-0.8,5.9,0,1,0,0,0,3,1,1,3,-14.6,35,1,0,0,0,2,4,0,-1.2,17.6,2,1,0,0,2,2,3,-15.7,58.3,3,1,1,1,26,5,7
173,0,0,0.1,5.7,0,0,0,1,1,8,1,1,1,0,-7.5,10.8,1,0,0,0,0,7,0,0,1,0,-7.5,10.8,1,0,0,0,0,7,0,0,0,1,-2.6,3.2,1,0,0,0,0,5,1,0,0,0,0.7,6,0,0,1,0,0,0,0,0,0,0,-1.1,5.7,0,1,0,0,0,2,1,1,0,0,2.2,6,0,0,1,0,0,4,0,0,0,0,1,6,0,0,1,0,0,1,0,0,3,-16.9,30.8,0,1,0,0,1,0,0,2.1,17.7,1,2,0,0,1,1,3,-14.7,54.2,1,3,1,1,27,3,2
174,0,0,2.5,5.5,0,0,1,1,0,7,0,0,1,0,-7.5,10.8,1,0,0,0,0,7,0,0,1,0,-7.5,10.8,1,0,0,0,0,7,0,0,1,0,-4.6,9.7,1,0,0,0,0,5,0,1,0,0,1,6,0,0,1,0,0,1,0,0,0,0,0.1,5.7,0,0,0,1,1,8,1,1,0,0,1.5,6,0,0,0,1,1,10,0,0,0,0,0.1,5.7,0,0,0,1,1,8,1,1,3,-18.6,37.3,0,1,0,0,0,2,0,1.7,17.4,0,0,3,3,2,2,3,-14.4,60.2,0,2,4,3,46,2,4
175,0,0,0.1,5.7,0,0,0,1,1,8,1,1,1,0,-7.5,10.8,1,0,0,0,0,7,0,0,0,0,0.7,6,0,0,1,0,0,0,0,0,1,0,-7.5,10.8,1,0,0,0,0,7,0,0,0,0,0.7,6,0,0,1,0,0,0,0,0,0,1,-3,2.8,1,0,0,0,0,4,1,0,0,0,2.2,6,0,0,1,0,0,4,0,0,0,1,-3,2.8,1,0,0,0,0,4,1,0,2,-13.6,33.6,0,2,0,0,0,1,0,-3.8,11.6,0,1,0,0,2,0,4,-17.3,50.9,0,3,1,1,34,3,2
176,0,0,2.3,6,0,0,1,0,0,3,0,0,1,0,-4.6,9.7,1,0,0,0,0,5,0,1,0,0,0.7,6,0,0,1,0,0,0,0,0,1,0,-7.5,10.8,1,0,0,0,0,7,0,0,0,0,0.7,6,0,0,1,0,0,0,0,0,0,0,-1.1,5.7,0,1,0,0,0,2,1,1,0,0,2.2,6,0,0,1,0,0,4,0,0,0,1,-3,2.8,1,0,0,0,0,4,1,0,2,-10.7,32.5,0,2,0,0,0,2,0,-1.9,14.5,1,1,0,0,2,1,3,-10.3,53,1,4,0,0,25,2,3
