33PosCharge,33NegCharge,33HM,33pI,33Atoms,33HBondAD,50PosCharge,50NegCharge,50HM,50pI,50Atoms,50HBondAD,55PosCharge,55NegCharge,55HM,55pI,55Atoms,55HBondAD,56PosCharge,56NegCharge,56HM,56pI,56Atoms,56HBondAD,57PosCharge,57NegCharge,57HM,57pI,57Atoms,57HBondAD,99PosCharge,99NegCharge,99HM,99pI,99Atoms,99HBondAD,101PosCharge,101NegCharge,101HM,101pI,101Atoms,101HBondAD,104PosCharge,104NegCharge,104HM,104pI,104Atoms,104HBondAD,HCDR2 PosCharge,HCDR2 NegCharge,HCDR2 Hydrophobic Moment,HCDR2 pI,HCDR2 # Atoms,HCDR2 HBondA,HCDR3 PosCharge,HCDR3 NegCharge,HCDR3 Hydrophobic Moment,HCR3 pI,HCDR3 # Atoms,HCDR3 HBondA,PosCharge Score,NegCharge,Hydrophobic Moment,pI,# Atoms,HBondA
0.0,0.0,-0.8,5.9,3.0,1.0,0.0,0.0,1.5,6.0,10.0,0.0,0.0,0.0,-2.7,5.4,4.0,0.0,0.0,0.0,-0.3,6.5,3.0,0.0,0.0,0.0,1.5,6.0,10.0,0.0,0.0,0.0,0.2,5.1,2.0,0.0,1.0,0.0,-7.5,10.8,7.0,0.0,0.0,0.0,2.2,6.0,4.0,0.0,0.0,0.0,0.2999999999999998,17.4,23.7,6.5,1.0,0.0,-5.1,21.9,13.0,0.0,1.0,0.0,-5.8999999999999995,51.7,43.0,1.0
0.0,0.0,0.1,5.7,8.0,1.0,1.0,0.0,-7.5,10.8,7.0,0.0,0.0,0.0,0.7,6.0,0.0,0.0,1.0,0.0,-7.5,10.8,7.0,0.0,0.0,0.0,0.7,6.0,0.0,0.0,0.0,0.0,-1.1,5.7,2.0,1.0,0.0,0.0,2.2,6.0,4.0,0.0,0.0,1.0,-3.0,2.8,4.0,1.0,2.0,0.0,-5.1,22.8,-0.5,10.8,0.0,1.0,-1.9,14.5,10.0,2.0,2.0,1.0,-15.399999999999999,53.8,32.0,3.0
0.0,0.0,0.1,5.7,8.0,1.0,1.0,0.0,-7.5,10.8,7.0,0.0,0.0,0.0,0.7,6.0,0.0,0.0,1.0,0.0,-7.5,10.8,7.0,0.0,0.0,0.0,1.1,5.7,4.0,0.0,0.0,0.0,-1.1,5.7,2.0,1.0,0.0,0.0,2.2,6.0,4.0,0.0,0.0,1.0,-3.0,2.8,4.0,1.0,2.0,0.0,-4.699999999999999,22.5,3.5,10.8,0.0,1.0,-1.9,14.5,10.0,2.0,2.0,1.0,-15.0,53.5,36.0,3.0
0.0,0.0,0.1,5.7,8.0,1.0,1.0,0.0,-7.5,10.8,7.0,0.0,0.0,0.0,0.7,6.0,0.0,0.0,1.0,0.0,-7.5,10.8,7.0,0.0,0.0,0.0,0.7,6.0,0.0,0.0,0.0,0.0,1.0,6.0,1.0,0.0,0.0,0.0,1.0,6.0,1.0,0.0,0.0,0.0,1.0,6.0,1.0,0.0,2.0,0.0,-5.1,22.8,-0.5,10.8,0.0,0.0,3.0,18.0,3.0,0.0,2.0,0.0,-10.5,57.3,25.0,1.0
0.0,0.0,0.1,5.7,8.0,1.0,1.0,0.0,-7.5,10.8,7.0,0.0,0.0,0.0,0.7,6.0,0.0,0.0,0.0,0.0,1.5,6.0,10.0,0.0,0.0,0.0,0.7,6.0,0.0,0.0,0.0,0.0,-1.1,5.7,2.0,1.0,0.0,0.0,2.2,6.0,4.0,0.0,0.0,1.0,-3.0,2.8,4.0,1.0,1.0,0.0,-6.1,22.8,8.5,6.0,0.0,1.0,-1.9,14.5,10.0,2.0,1.0,1.0,-6.3999999999999995,49.0,35.0,3.0
0.0,0.0,0.1,5.7,8.0,1.0,1.0,0.0,-7.5,10.8,7.0,0.0,0.0,0.0,0.7,6.0,0.0,0.0,1.0,0.0,-7.5,10.8,7.0,0.0,0.0,0.0,0.7,6.0,0.0,0.0,0.0,0.0,1.0,6.0,1.0,0.0,0.0,0.0,1.0,6.0,1.0,0.0,0.0,0.0,1.0,6.0,1.0,0.0,2.0,0.0,-5.1,22.8,-0.5,10.8,0.0,0.0,3.0,18.0,3.0,0.0,2.0,0.0,-10.5,57.3,25.0,1.0
0.0,0.0,0.1,5.7,8.0,1.0,1.0,0.0,-7.5,10.8,7.0,0.0,0.0,0.0,0.7,6.0,0.0,0.0,1.0,0.0,-7.5,10.8,7.0,0.0,0.0,0.0,0.7,6.0,0.0,0.0,0.0,0.0,1.0,6.0,1.0,0.0,0.0,0.0,1.0,6.0,1.0,0.0,0.0,0.0,1.0,6.0,1.0,0.0,2.0,0.0,-5.1,22.8,-0.5,10.8,0.0,0.0,3.0,18.0,3.0,0.0,2.0,0.0,-10.5,57.3,25.0,1.0
0.0,0.0,0.1,5.7,8.0,1.0,1.0,0.0,-7.5,10.8,7.0,0.0,0.0,0.0,0.7,6.0,0.0,0.0,1.0,0.0,-7.5,10.8,7.0,0.0,0.0,0.0,2.2,6.0,4.0,0.0,0.0,0.0,-1.1,5.7,2.0,1.0,0.0,0.0,2.2,6.0,4.0,0.0,0.0,1.0,-3.0,2.8,4.0,1.0,2.0,0.0,-3.5999999999999996,22.8,3.5,10.8,0.0,1.0,-1.9,14.5,10.0,2.0,2.0,1.0,-13.899999999999999,53.8,36.0,3.0
0.0,0.0,0.1,5.7,8.0,1.0,1.0,0.0,-7.5,10.8,7.0,0.0,0.0,0.0,0.7,6.0,0.0,0.0,1.0,0.0,-7.5,10.8,7.0,0.0,0.0,0.0,0.7,6.0,0.0,0.0,0.0,0.0,1.0,6.0,1.0,0.0,0.0,0.0,1.0,6.0,1.0,0.0,0.0,0.0,1.0,6.0,1.0,0.0,2.0,0.0,-5.1,22.8,-0.5,10.8,0.0,0.0,3.0,18.0,3.0,0.0,2.0,0.0,-10.5,57.3,25.0,1.0
0.0,0.0,0.1,5.7,8.0,1.0,1.0,0.0,-7.5,10.8,7.0,0.0,0.0,0.0,0.7,6.0,0.0,0.0,1.0,0.0,-7.5,10.8,7.0,0.0,0.0,0.0,0.7,6.0,0.0,0.0,0.0,0.0,-1.1,5.7,2.0,1.0,0.0,0.0,2.2,6.0,4.0,0.0,0.0,1.0,-3.0,2.8,4.0,1.0,2.0,0.0,-5.1,22.8,-0.5,10.8,0.0,1.0,-1.9,14.5,10.0,2.0,2.0,1.0,-15.399999999999999,53.8,32.0,3.0
0.0,0.0,0.1,5.7,8.0,1.0,1.0,0.0,-7.5,10.8,7.0,0.0,0.0,0.0,0.7,6.0,0.0,0.0,0.0,0.0,1.5,6.0,10.0,0.0,0.0,0.0,0.7,6.0,0.0,0.0,0.0,0.0,1.0,6.0,1.0,0.0,0.0,0.0,1.0,6.0,1.0,0.0,0.0,0.0,1.0,6.0,1.0,0.0,1.0,0.0,-6.1,22.8,8.5,6.0,0.0,0.0,3.0,18.0,3.0,0.0,1.0,0.0,-1.5,52.5,28.0,1.0
0.0,0.0,0.1,5.7,8.0,1.0,1.0,0.0,-7.5,10.8,7.0,0.0,0.0,0.0,0.7,6.0,0.0,0.0,1.0,0.0,-7.5,10.8,7.0,0.0,0.0,0.0,0.7,6.0,0.0,0.0,0.0,0.0,-1.1,5.7,2.0,1.0,0.0,0.0,2.2,6.0,4.0,0.0,0.0,1.0,-3.0,2.8,4.0,1.0,2.0,0.0,-5.1,22.8,-0.5,10.8,0.0,1.0,-1.9,14.5,10.0,2.0,2.0,1.0,-15.399999999999999,53.8,32.0,3.0
0.0,0.0,0.1,5.7,8.0,1.0,1.0,0.0,-7.5,10.8,7.0,0.0,0.0,0.0,0.7,6.0,0.0,0.0,1.0,0.0,-7.5,10.8,7.0,0.0,0.0,0.0,0.7,6.0,0.0,0.0,0.0,0.0,-1.1,5.7,2.0,1.0,0.0,0.0,2.2,6.0,4.0,0.0,0.0,1.0,-3.0,2.8,4.0,1.0,2.0,0.0,-5.1,22.8,-0.5,10.8,0.0,1.0,-1.9,14.5,10.0,2.0,2.0,1.0,-15.399999999999999,53.8,32.0,3.0
0.0,0.0,0.1,5.7,8.0,1.0,1.0,0.0,-7.5,10.8,7.0,0.0,0.0,0.0,0.7,6.0,0.0,0.0,1.0,0.0,-7.5,10.8,7.0,0.0,0.0,0.0,0.7,6.0,0.0,0.0,0.0,0.0,-1.1,5.7,2.0,1.0,0.0,0.0,2.2,6.0,4.0,0.0,0.0,1.0,-3.0,2.8,4.0,1.0,2.0,0.0,-5.1,22.8,-0.5,10.8,0.0,1.0,-1.9,14.5,10.0,2.0,2.0,1.0,-15.399999999999999,53.8,32.0,3.0
0.0,0.0,0.1,5.7,8.0,1.0,1.0,0.0,-7.5,10.8,7.0,0.0,0.0,0.0,0.7,6.0,0.0,0.0,1.0,0.0,-7.5,10.8,7.0,0.0,0.0,0.0,0.7,6.0,0.0,0.0,0.0,0.0,1.0,6.0,1.0,0.0,0.0,0.0,1.0,6.0,1.0,0.0,0.0,0.0,1.0,6.0,1.0,0.0,2.0,0.0,-5.1,22.8,-0.5,10.8,0.0,0.0,3.0,18.0,3.0,0.0,2.0,0.0,-10.5,57.3,25.0,1.0
0.0,0.0,0.1,5.7,8.0,1.0,1.0,0.0,-7.5,10.8,7.0,0.0,0.0,0.0,0.7,6.0,0.0,0.0,1.0,0.0,-7.5,10.8,7.0,0.0,0.0,0.0,0.7,6.0,0.0,0.0,0.0,0.0,1.0,6.0,1.0,0.0,0.0,0.0,1.0,6.0,1.0,0.0,0.0,0.0,1.0,6.0,1.0,0.0,2.0,0.0,-5.1,22.8,-0.5,10.8,0.0,0.0,3.0,18.0,3.0,0.0,2.0,0.0,-10.5,57.3,25.0,1.0
0.0,0.0,0.1,5.7,8.0,1.0,1.0,0.0,-7.5,10.8,7.0,0.0,0.0,0.0,0.7,6.0,0.0,0.0,1.0,0.0,-7.5,10.8,7.0,0.0,0.0,0.0,0.7,6.0,0.0,0.0,0.0,0.0,-1.1,5.7,2.0,1.0,0.0,0.0,2.2,6.0,4.0,0.0,0.0,1.0,-3.0,2.8,4.0,1.0,2.0,0.0,-5.1,22.8,-0.5,10.8,0.0,1.0,-1.9,14.5,10.0,2.0,2.0,1.0,-15.399999999999999,53.8,32.0,3.0
0.0,0.0,0.1,5.7,8.0,1.0,1.0,0.0,-7.5,10.8,7.0,0.0,0.0,0.0,0.7,6.0,0.0,0.0,1.0,0.0,-7.5,10.8,7.0,0.0,0.0,0.0,0.7,6.0,0.0,0.0,0.0,0.0,-1.1,5.7,2.0,1.0,0.0,0.0,2.2,6.0,4.0,0.0,0.0,1.0,-3.0,2.8,4.0,1.0,2.0,0.0,-5.1,22.8,-0.5,10.8,0.0,1.0,-1.9,14.5,10.0,2.0,2.0,1.0,-15.399999999999999,53.8,32.0,3.0
0.0,0.0,0.1,5.7,8.0,1.0,1.0,0.0,-7.5,10.8,7.0,0.0,0.0,0.0,0.7,6.0,0.0,0.0,1.0,0.0,-7.5,10.8,7.0,0.0,0.0,0.0,0.7,6.0,0.0,0.0,0.0,0.0,-1.1,5.7,2.0,1.0,0.0,0.0,2.2,6.0,4.0,0.0,0.0,1.0,-3.0,2.8,4.0,1.0,2.0,0.0,-5.1,22.8,-0.5,10.8,0.0,1.0,-1.9,14.5,10.0,2.0,2.0,1.0,-15.399999999999999,53.8,32.0,3.0
0.0,0.0,0.1,5.7,8.0,1.0,1.0,0.0,-7.5,10.8,7.0,0.0,0.0,0.0,0.7,6.0,0.0,0.0,1.0,0.0,-7.5,10.8,7.0,0.0,0.0,0.0,0.7,6.0,0.0,0.0,0.0,0.0,-1.1,5.7,2.0,1.0,0.0,0.0,2.2,6.0,4.0,0.0,0.0,1.0,-3.0,2.8,4.0,1.0,2.0,0.0,-5.1,22.8,-0.5,10.8,0.0,1.0,-1.9,14.5,10.0,2.0,2.0,1.0,-15.399999999999999,53.8,32.0,3.0
0.0,0.0,0.1,5.7,8.0,1.0,1.0,0.0,-7.5,10.8,7.0,0.0,0.0,0.0,0.7,6.0,0.0,0.0,1.0,0.0,-7.5,10.8,7.0,0.0,0.0,0.0,0.7,6.0,0.0,0.0,0.0,0.0,-1.1,5.7,2.0,1.0,0.0,0.0,2.2,6.0,4.0,0.0,0.0,1.0,-3.0,2.8,4.0,1.0,2.0,0.0,-5.1,22.8,-0.5,10.8,0.0,1.0,-1.9,14.5,10.0,2.0,2.0,1.0,-15.399999999999999,53.8,32.0,3.0
0.0,0.0,0.1,5.7,8.0,1.0,1.0,0.0,-7.5,10.8,7.0,0.0,0.0,0.0,0.7,6.0,0.0,0.0,1.0,0.0,-7.5,10.8,7.0,0.0,0.0,0.0,0.7,6.0,0.0,0.0,0.0,0.0,-1.1,5.7,2.0,1.0,0.0,0.0,2.2,6.0,4.0,0.0,0.0,1.0,-3.0,2.8,4.0,1.0,2.0,0.0,-5.1,22.8,-0.5,10.8,0.0,1.0,-1.9,14.5,10.0,2.0,2.0,1.0,-15.399999999999999,53.8,32.0,3.0
0.0,0.0,0.1,5.7,8.0,1.0,1.0,0.0,-7.5,10.8,7.0,0.0,0.0,0.0,0.7,6.0,0.0,0.0,1.0,0.0,-7.5,10.8,7.0,0.0,0.0,0.0,0.7,6.0,0.0,0.0,0.0,0.0,-1.1,5.7,2.0,1.0,0.0,0.0,2.2,6.0,4.0,0.0,0.0,1.0,-3.0,2.8,4.0,1.0,2.0,0.0,-5.1,22.8,-0.5,10.8,0.0,1.0,-1.9,14.5,10.0,2.0,2.0,1.0,-15.399999999999999,53.8,32.0,3.0
0.0,0.0,0.1,5.7,8.0,1.0,1.0,0.0,-7.5,10.8,7.0,0.0,0.0,0.0,0.7,6.0,0.0,0.0,1.0,0.0,-7.5,10.8,7.0,0.0,0.0,0.0,0.7,6.0,0.0,0.0,0.0,0.0,-1.1,5.7,2.0,1.0,0.0,0.0,2.2,6.0,4.0,0.0,0.0,1.0,-3.0,2.8,4.0,1.0,2.0,0.0,-5.1,22.8,-0.5,10.8,0.0,1.0,-1.9,14.5,10.0,2.0,2.0,1.0,-15.399999999999999,53.8,32.0,3.0
0.0,0.0,0.1,5.7,8.0,1.0,1.0,0.0,-7.5,10.8,7.0,0.0,0.0,0.0,0.7,6.0,0.0,0.0,1.0,0.0,-7.5,10.8,7.0,0.0,0.0,0.0,0.7,6.0,0.0,0.0,0.0,0.0,1.0,6.0,1.0,0.0,0.0,0.0,1.0,6.0,1.0,0.0,0.0,0.0,1.0,6.0,1.0,0.0,2.0,0.0,-5.1,22.8,-0.5,10.8,0.0,0.0,3.0,18.0,3.0,0.0,2.0,0.0,-10.5,57.3,25.0,1.0
0.0,0.0,0.1,5.7,8.0,1.0,1.0,0.0,-7.5,10.8,7.0,0.0,0.0,0.0,0.7,6.0,0.0,0.0,1.0,0.0,-7.5,10.8,7.0,0.0,0.0,0.0,0.7,6.0,0.0,0.0,0.0,0.0,-1.1,5.7,2.0,1.0,0.0,0.0,2.2,6.0,4.0,0.0,0.0,1.0,-3.0,2.8,4.0,1.0,2.0,0.0,-5.1,22.8,-0.5,10.8,0.0,1.0,-1.9,14.5,10.0,2.0,2.0,1.0,-15.399999999999999,53.8,32.0,3.0
0.0,0.0,0.1,5.7,8.0,1.0,1.0,0.0,-7.5,10.8,7.0,0.0,0.0,0.0,0.7,6.0,0.0,0.0,1.0,0.0,-7.5,10.8,7.0,0.0,0.0,0.0,0.7,6.0,0.0,0.0,0.0,0.0,-1.1,5.7,2.0,1.0,0.0,0.0,2.2,6.0,4.0,0.0,0.0,1.0,-3.0,2.8,4.0,1.0,2.0,0.0,-5.1,22.8,-0.5,10.8,0.0,1.0,-1.9,14.5,10.0,2.0,2.0,1.0,-15.399999999999999,53.8,32.0,3.0
0.0,0.0,0.1,5.7,8.0,1.0,1.0,0.0,-7.5,10.8,7.0,0.0,0.0,0.0,0.7,6.0,0.0,0.0,1.0,0.0,-7.5,10.8,7.0,0.0,0.0,0.0,0.7,6.0,0.0,0.0,0.0,0.0,1.0,6.0,1.0,0.0,0.0,0.0,1.0,6.0,1.0,0.0,0.0,0.0,1.0,6.0,1.0,0.0,2.0,0.0,-5.1,22.8,-0.5,10.8,0.0,0.0,3.0,18.0,3.0,0.0,2.0,0.0,-10.5,57.3,25.0,1.0
0.0,0.0,0.1,5.7,8.0,1.0,1.0,0.0,-7.5,10.8,7.0,0.0,0.0,0.0,0.7,6.0,0.0,0.0,1.0,0.0,-7.5,10.8,7.0,0.0,0.0,0.0,0.7,6.0,0.0,0.0,0.0,0.0,-1.1,5.7,2.0,1.0,0.0,0.0,2.2,6.0,4.0,0.0,0.0,1.0,-3.0,2.8,4.0,1.0,2.0,0.0,-5.1,22.8,-0.5,10.8,0.0,1.0,-1.9,14.5,10.0,2.0,2.0,1.0,-15.399999999999999,53.8,32.0,3.0
0.0,0.0,0.1,5.7,8.0,1.0,1.0,0.0,-7.5,10.8,7.0,0.0,0.0,0.0,0.7,6.0,0.0,0.0,1.0,0.0,-7.5,10.8,7.0,0.0,0.0,0.0,0.7,6.0,0.0,0.0,0.0,0.0,-1.1,5.7,2.0,1.0,0.0,0.0,2.2,6.0,4.0,0.0,0.0,1.0,-3.0,2.8,4.0,1.0,2.0,0.0,-5.1,22.8,-0.5,10.8,0.0,1.0,-1.9,14.5,10.0,2.0,2.0,1.0,-15.399999999999999,53.8,32.0,3.0
0.0,0.0,0.1,5.7,8.0,1.0,1.0,0.0,-7.5,10.8,7.0,0.0,0.0,0.0,0.7,6.0,0.0,0.0,1.0,0.0,-7.5,10.8,7.0,0.0,0.0,0.0,0.7,6.0,0.0,0.0,0.0,0.0,-1.1,5.7,2.0,1.0,0.0,0.0,2.2,6.0,4.0,0.0,0.0,1.0,-3.0,2.8,4.0,1.0,2.0,0.0,-5.1,22.8,-0.5,10.8,0.0,1.0,-1.9,14.5,10.0,2.0,2.0,1.0,-15.399999999999999,53.8,32.0,3.0
0.0,0.0,0.1,5.7,8.0,1.0,1.0,0.0,-7.5,10.8,7.0,0.0,0.0,0.0,-1.1,5.7,2.0,1.0,1.0,0.0,-7.5,10.8,7.0,0.0,0.0,0.0,0.7,6.0,0.0,0.0,0.0,0.0,-1.1,5.7,2.0,1.0,0.0,0.0,2.2,6.0,4.0,0.0,0.0,1.0,-3.0,2.8,4.0,1.0,2.0,1.0,-6.8999999999999995,22.5,1.5,11.8,0.0,1.0,-1.9,14.5,10.0,2.0,2.0,1.0,-17.200000000000003,53.5,34.0,4.0
0.0,0.0,0.1,5.7,8.0,1.0,1.0,0.0,-7.5,10.8,7.0,0.0,0.0,0.0,0.7,6.0,0.0,0.0,1.0,0.0,-7.5,10.8,7.0,0.0,0.0,0.0,0.7,6.0,0.0,0.0,0.0,0.0,-1.1,5.7,2.0,1.0,0.0,0.0,2.2,6.0,4.0,0.0,0.0,1.0,-3.0,2.8,4.0,1.0,2.0,0.0,-5.1,22.8,-0.5,10.8,0.0,1.0,-1.9,14.5,10.0,2.0,2.0,1.0,-15.399999999999999,53.8,32.0,3.0
0.0,0.0,0.1,5.7,8.0,1.0,1.0,0.0,-7.5,10.8,7.0,0.0,0.0,0.0,0.7,6.0,0.0,0.0,1.0,0.0,-7.5,10.8,7.0,0.0,0.0,0.0,0.7,6.0,0.0,0.0,0.0,0.0,-1.1,5.7,2.0,1.0,0.0,0.0,2.2,6.0,4.0,0.0,0.0,1.0,-3.0,2.8,4.0,1.0,2.0,0.0,-5.1,22.8,-0.5,10.8,0.0,1.0,-1.9,14.5,10.0,2.0,2.0,1.0,-15.399999999999999,53.8,32.0,3.0
0.0,0.0,0.1,5.7,8.0,1.0,1.0,0.0,-7.5,10.8,7.0,0.0,0.0,0.0,0.7,6.0,0.0,0.0,1.0,0.0,-7.5,10.8,7.0,0.0,0.0,0.0,0.7,6.0,0.0,0.0,0.0,0.0,-1.1,5.7,2.0,1.0,0.0,0.0,2.2,6.0,4.0,0.0,0.0,1.0,-3.0,2.8,4.0,1.0,2.0,0.0,-5.1,22.8,-0.5,10.8,0.0,1.0,-1.9,14.5,10.0,2.0,2.0,1.0,-15.399999999999999,53.8,32.0,3.0
0.0,0.0,0.1,5.7,8.0,1.0,1.0,0.0,-7.5,10.8,7.0,0.0,0.0,0.0,0.7,6.0,0.0,0.0,1.0,0.0,-7.5,10.8,7.0,0.0,0.0,0.0,0.7,6.0,0.0,0.0,0.0,0.0,-1.1,5.7,2.0,1.0,0.0,0.0,2.2,6.0,4.0,0.0,0.0,1.0,-3.0,2.8,4.0,1.0,2.0,0.0,-5.1,22.8,-0.5,10.8,0.0,1.0,-1.9,14.5,10.0,2.0,2.0,1.0,-15.399999999999999,53.8,32.0,3.0
0.0,0.0,0.1,5.7,8.0,1.0,1.0,0.0,-7.5,10.8,7.0,0.0,0.0,0.0,0.7,6.0,0.0,0.0,1.0,0.0,-7.5,10.8,7.0,0.0,0.0,0.0,0.7,6.0,0.0,0.0,0.0,0.0,-1.1,5.7,2.0,1.0,0.0,0.0,2.2,6.0,4.0,0.0,0.0,1.0,-3.0,2.8,4.0,1.0,2.0,0.0,-5.1,22.8,-0.5,10.8,0.0,1.0,-1.9,14.5,10.0,2.0,2.0,1.0,-15.399999999999999,53.8,32.0,3.0
0.0,0.0,0.1,5.7,8.0,1.0,1.0,0.0,-7.5,10.8,7.0,0.0,0.0,0.0,0.7,6.0,0.0,0.0,1.0,0.0,-7.5,10.8,7.0,0.0,0.0,0.0,0.7,6.0,0.0,0.0,0.0,0.0,-1.1,5.7,2.0,1.0,0.0,0.0,2.2,6.0,4.0,0.0,0.0,1.0,-3.0,2.8,4.0,1.0,2.0,0.0,-5.1,22.8,-0.5,10.8,0.0,1.0,-1.9,14.5,10.0,2.0,2.0,1.0,-15.399999999999999,53.8,32.0,3.0
0.0,0.0,0.1,5.7,8.0,1.0,1.0,0.0,-7.5,10.8,7.0,0.0,0.0,0.0,0.7,6.0,0.0,0.0,1.0,0.0,-7.5,10.8,7.0,0.0,0.0,0.0,0.7,6.0,0.0,0.0,0.0,0.0,-1.1,5.7,2.0,1.0,0.0,0.0,2.2,6.0,4.0,0.0,0.0,1.0,-3.0,2.8,4.0,1.0,2.0,0.0,-5.1,22.8,-0.5,10.8,0.0,1.0,-1.9,14.5,10.0,2.0,2.0,1.0,-15.399999999999999,53.8,32.0,3.0
0.0,0.0,0.1,5.7,8.0,1.0,1.0,0.0,-7.5,10.8,7.0,0.0,0.0,0.0,0.7,6.0,0.0,0.0,1.0,0.0,-7.5,10.8,7.0,0.0,0.0,0.0,0.7,6.0,0.0,0.0,0.0,0.0,-1.1,5.7,2.0,1.0,0.0,0.0,2.2,6.0,4.0,0.0,0.0,1.0,-3.0,2.8,4.0,1.0,2.0,0.0,-5.1,22.8,-0.5,10.8,0.0,1.0,-1.9,14.5,10.0,2.0,2.0,1.0,-15.399999999999999,53.8,32.0,3.0
0.0,0.0,0.1,5.7,8.0,1.0,1.0,0.0,-7.5,10.8,7.0,0.0,0.0,0.0,0.7,6.0,0.0,0.0,1.0,0.0,-7.5,10.8,7.0,0.0,0.0,0.0,0.7,6.0,0.0,0.0,0.0,0.0,-1.1,5.7,2.0,1.0,0.0,0.0,2.2,6.0,4.0,0.0,0.0,1.0,-3.0,2.8,4.0,1.0,2.0,0.0,-5.1,22.8,-0.5,10.8,0.0,1.0,-1.9,14.5,10.0,2.0,2.0,1.0,-15.399999999999999,53.8,32.0,3.0
0.0,0.0,0.1,5.7,8.0,1.0,1.0,0.0,-7.5,10.8,7.0,0.0,0.0,0.0,0.7,6.0,0.0,0.0,1.0,0.0,-7.5,10.8,7.0,0.0,0.0,0.0,0.7,6.0,0.0,0.0,0.0,0.0,-1.1,5.7,2.0,1.0,0.0,0.0,2.2,6.0,4.0,0.0,0.0,1.0,-3.0,2.8,4.0,1.0,2.0,0.0,-5.1,22.8,-0.5,10.8,0.0,1.0,-1.9,14.5,10.0,2.0,2.0,1.0,-15.399999999999999,53.8,32.0,3.0
0.0,0.0,0.1,5.7,8.0,1.0,1.0,0.0,-7.5,10.8,7.0,0.0,0.0,0.0,0.7,6.0,0.0,0.0,1.0,0.0,-7.5,10.8,7.0,0.0,0.0,0.0,0.7,6.0,0.0,0.0,0.0,0.0,-1.1,5.7,2.0,1.0,0.0,0.0,2.2,6.0,4.0,0.0,0.0,1.0,-3.0,2.8,4.0,1.0,2.0,0.0,-5.1,22.8,-0.5,10.8,0.0,1.0,-1.9,14.5,10.0,2.0,2.0,1.0,-15.399999999999999,53.8,32.0,3.0
0.0,0.0,0.1,5.7,8.0,1.0,1.0,0.0,-7.5,10.8,7.0,0.0,0.0,0.0,0.7,6.0,0.0,0.0,1.0,0.0,-7.5,10.8,7.0,0.0,0.0,0.0,0.7,6.0,0.0,0.0,0.0,0.0,-1.1,5.7,2.0,1.0,0.0,0.0,2.2,6.0,4.0,0.0,0.0,1.0,-3.0,2.8,4.0,1.0,2.0,0.0,-5.1,22.8,-0.5,10.8,0.0,1.0,-1.9,14.5,10.0,2.0,2.0,1.0,-15.399999999999999,53.8,32.0,3.0
0.0,0.0,0.1,5.7,8.0,1.0,1.0,0.0,-7.5,10.8,7.0,0.0,0.0,0.0,0.7,6.0,0.0,0.0,1.0,0.0,-7.5,10.8,7.0,0.0,0.0,0.0,0.7,6.0,0.0,0.0,0.0,0.0,-1.1,5.7,2.0,1.0,0.0,0.0,2.2,6.0,4.0,0.0,0.0,1.0,-3.0,2.8,4.0,1.0,2.0,0.0,-5.1,22.8,-0.5,10.8,0.0,1.0,-1.9,14.5,10.0,2.0,2.0,1.0,-15.399999999999999,53.8,32.0,3.0
0.0,0.0,0.1,5.7,8.0,1.0,1.0,0.0,-7.5,10.8,7.0,0.0,0.0,0.0,0.7,6.0,0.0,0.0,1.0,0.0,-7.5,10.8,7.0,0.0,0.0,0.0,0.7,6.0,0.0,0.0,0.0,0.0,-1.1,5.7,2.0,1.0,0.0,0.0,2.2,6.0,4.0,0.0,0.0,1.0,-3.0,2.8,4.0,1.0,2.0,0.0,-5.1,22.8,-0.5,10.8,0.0,1.0,-1.9,14.5,10.0,2.0,2.0,1.0,-15.399999999999999,53.8,32.0,3.0
0.0,0.0,0.1,5.7,8.0,1.0,1.0,0.0,-7.5,10.8,7.0,0.0,0.0,0.0,0.7,6.0,0.0,0.0,1.0,0.0,-7.5,10.8,7.0,0.0,0.0,0.0,0.7,6.0,0.0,0.0,0.0,0.0,-1.1,5.7,2.0,1.0,0.0,0.0,2.3,6.0,3.0,0.0,0.0,1.0,-3.0,2.8,4.0,1.0,2.0,0.0,-5.1,22.8,-0.5,10.8,0.0,1.0,-1.8000000000000003,14.5,9.0,2.0,2.0,1.0,-15.3,53.8,31.0,3.0
0.0,0.0,0.1,5.7,8.0,1.0,1.0,0.0,-7.5,10.8,7.0,0.0,0.0,0.0,0.7,6.0,0.0,0.0,1.0,0.0,-7.5,10.8,7.0,0.0,0.0,0.0,0.7,6.0,0.0,0.0,0.0,0.0,-1.1,5.7,2.0,1.0,0.0,0.0,2.2,6.0,4.0,0.0,0.0,1.0,-3.0,2.8,4.0,1.0,2.0,0.0,-5.1,22.8,-0.5,10.8,0.0,1.0,-1.9,14.5,10.0,2.0,2.0,1.0,-15.399999999999999,53.8,32.0,3.0
0.0,0.0,0.1,5.7,8.0,1.0,1.0,0.0,-7.5,10.8,7.0,0.0,0.0,0.0,0.7,6.0,0.0,0.0,1.0,0.0,-7.5,10.8,7.0,0.0,0.0,0.0,0.7,6.0,0.0,0.0,0.0,0.0,-1.1,5.7,2.0,1.0,0.0,0.0,2.2,6.0,4.0,0.0,0.0,1.0,-3.0,2.8,4.0,1.0,2.0,0.0,-5.1,22.8,-0.5,10.8,0.0,1.0,-1.9,14.5,10.0,2.0,2.0,1.0,-15.399999999999999,53.8,32.0,3.0
0.0,0.0,0.1,5.7,8.0,1.0,1.0,0.0,-7.5,10.8,7.0,0.0,0.0,0.0,0.7,6.0,0.0,0.0,1.0,0.0,-7.5,10.8,7.0,0.0,0.0,0.0,0.7,6.0,0.0,0.0,0.0,0.0,-1.1,5.7,2.0,1.0,0.0,0.0,2.2,6.0,4.0,0.0,0.0,1.0,-3.0,2.8,4.0,1.0,2.0,0.0,-5.1,22.8,-0.5,10.8,0.0,1.0,-1.9,14.5,10.0,2.0,2.0,1.0,-15.399999999999999,53.8,32.0,3.0
0.0,0.0,0.1,5.7,8.0,1.0,1.0,0.0,-7.5,10.8,7.0,0.0,0.0,0.0,0.7,6.0,0.0,0.0,1.0,0.0,-7.5,10.8,7.0,0.0,0.0,0.0,0.7,6.0,0.0,0.0,0.0,0.0,-1.1,5.7,2.0,1.0,0.0,0.0,2.2,6.0,4.0,0.0,0.0,0.0,-2.7,5.4,4.0,0.0,2.0,0.0,-5.1,22.8,-0.5,10.8,0.0,0.0,-1.6,17.1,10.0,1.0,2.0,0.0,-15.099999999999998,56.4,32.0,2.0
0.0,0.0,0.1,5.7,8.0,1.0,1.0,0.0,-7.5,10.8,7.0,0.0,0.0,0.0,0.7,6.0,0.0,0.0,1.0,0.0,-7.5,10.8,7.0,0.0,0.0,0.0,0.7,6.0,0.0,0.0,0.0,0.0,-1.1,5.7,2.0,1.0,0.0,0.0,2.2,6.0,4.0,0.0,0.0,0.0,-2.9,5.7,5.0,0.0,2.0,0.0,-5.1,22.8,-0.5,10.8,0.0,0.0,-1.7999999999999998,17.4,11.0,1.0,2.0,0.0,-15.299999999999999,56.7,33.0,2.0
