0.0,0.1,5.7,8.0,0.0,1.0,6.0,1.0,0.0,1.0,6.0,1.0,0.0,1.0,6.0,1.0,2.0,16.4,33.6,14.0,0.0,3.0,18.0,3.0,2.0,-10.600000000000001,51.6,17.0
0.0,2.3,6.0,3.0,0.0,-1.1,5.7,2.0,0.0,0.7,6.0,0.0,0.0,0.1,5.7,8.0,2.0,16.4,33.6,14.0,0.0,1.9000000000000001,17.4,10.0,2.0,-13.900000000000002,51.00000000000001,24.0
0.0,0.1,5.7,8.0,0.0,-1.1,5.7,2.0,0.0,0.7,6.0,0.0,0.0,0.1,5.7,8.0,2.0,16.4,33.6,14.0,0.0,1.9000000000000001,17.4,10.0,2.0,-13.900000000000002,51.00000000000001,24.0
0.0,0.1,5.7,8.0,0.0,1.0,6.0,1.0,0.0,2.3,6.0,3.0,-1.0,-3.0,2.8,4.0,2.0,16.4,33.6,14.0,1.0,6.3,14.8,8.0,1.0,-13.3,48.4,22.0
0.0,0.1,5.7,8.0,0.0,1.0,6.0,1.0,0.0,1.5,6.0,10.0,-1.0,-3.0,2.8,4.0,2.0,16.4,33.6,14.0,1.0,5.5,14.8,15.0,1.0,-14.100000000000001,48.4,29.0
0.0,2.3,6.0,3.0,0.0,-1.1,5.7,2.0,0.0,0.7,6.0,0.0,0.0,1.0,6.0,1.0,2.0,16.4,33.6,14.0,0.0,2.8,17.7,3.0,2.0,-13.000000000000002,51.300000000000004,17.0
0.0,0.1,5.7,8.0,0.0,1.0,6.0,1.0,0.0,1.5,6.0,10.0,0.0,2.3,6.0,3.0,2.0,16.4,33.6,14.0,0.0,4.8,18.0,14.0,2.0,-8.8,51.6,28.0
0.0,2.3,6.0,3.0,0.0,-1.1,5.7,2.0,0.0,1.0,6.0,1.0,0.0,2.3,6.0,3.0,2.0,16.4,33.6,14.0,0.0,4.4,17.7,6.0,2.0,-11.400000000000002,51.300000000000004,20.0
0.0,-1.1,5.7,2.0,0.0,1.0,6.0,1.0,0.0,1.5,6.0,10.0,0.0,2.5,5.5,7.0,2.0,16.4,33.6,14.0,0.0,5.0,17.5,18.0,2.0,-8.600000000000001,51.1,32.0
0.0,0.1,5.7,8.0,0.0,1.0,6.0,1.0,0.0,0.7,6.0,0.0,0.0,2.5,5.5,7.0,2.0,16.4,33.6,14.0,0.0,4.2,17.5,8.0,2.0,-9.400000000000002,51.1,22.0
0.0,0.1,5.7,8.0,0.0,2.3,6.0,3.0,0.0,-1.1,5.7,2.0,0.0,2.3,6.0,3.0,2.0,16.4,33.6,14.0,0.0,5.699999999999999,17.7,8.0,2.0,-10.100000000000001,51.300000000000004,22.0
0.0,2.3,6.0,3.0,0.0,0.1,5.7,8.0,0.0,1.0,6.0,1.0,0.0,2.3,6.0,3.0,2.0,16.4,33.6,14.0,0.0,3.4,17.7,12.0,2.0,-10.200000000000003,51.300000000000004,26.0
0.0,0.1,5.7,8.0,0.0,1.0,6.0,1.0,0.0,2.2,6.0,4.0,0.0,-1.1,5.7,2.0,2.0,16.4,33.6,14.0,0.0,4.300000000000001,17.7,7.0,2.0,-11.500000000000002,51.300000000000004,21.0
0.0,0.1,5.7,8.0,0.0,-1.1,5.7,2.0,0.0,2.2,6.0,4.0,0.0,2.3,6.0,3.0,2.0,16.4,33.6,14.0,0.0,5.6,17.7,9.0,2.0,-10.2,51.300000000000004,23.0
0.0,2.3,6.0,3.0,0.0,1.0,6.0,1.0,0.0,1.0,6.0,1.0,0.0,2.3,6.0,3.0,2.0,16.4,33.6,14.0,0.0,4.3,18.0,5.0,2.0,-9.3,51.6,19.0
0.0,2.5,5.5,7.0,0.0,1.0,6.0,1.0,0.0,1.5,6.0,10.0,0.0,1.0,6.0,1.0,2.0,16.4,33.6,14.0,0.0,3.5,18.0,12.0,2.0,-10.100000000000001,51.6,26.0
0.0,2.3,6.0,3.0,0.0,-1.1,5.7,2.0,0.0,0.7,6.0,0.0,0.0,2.3,6.0,3.0,2.0,16.4,33.6,14.0,0.0,4.1,17.7,5.0,2.0,-11.700000000000003,51.300000000000004,19.0
0.0,0.1,5.7,8.0,0.0,1.0,6.0,1.0,0.0,0.7,6.0,0.0,0.0,0.1,5.7,8.0,2.0,16.4,33.6,14.0,0.0,1.8,17.7,9.0,2.0,-11.800000000000002,51.300000000000004,23.0
0.0,2.3,6.0,3.0,0.0,-1.1,5.7,2.0,0.0,0.7,6.0,0.0,0.0,0.1,5.7,8.0,2.0,16.4,33.6,14.0,0.0,1.9000000000000001,17.4,10.0,2.0,-13.900000000000002,51.00000000000001,24.0
0.0,0.1,5.7,8.0,0.0,1.0,6.0,1.0,0.0,1.0,6.0,1.0,0.0,1.0,6.0,1.0,2.0,16.4,33.6,14.0,0.0,3.0,18.0,3.0,2.0,-10.600000000000001,51.6,17.0
0.0,2.3,6.0,3.0,0.0,1.0,6.0,1.0,0.0,1.0,6.0,1.0,-1.0,-3.0,2.8,4.0,2.0,16.4,33.6,14.0,1.0,5.0,14.8,6.0,1.0,-14.600000000000001,48.4,20.0
0.0,2.3,6.0,3.0,0.0,1.0,6.0,1.0,0.0,2.3,6.0,3.0,0.0,2.3,6.0,3.0,2.0,16.4,33.6,14.0,0.0,5.6,18.0,7.0,2.0,-8.0,51.6,21.0
0.0,2.5,5.5,7.0,-1.0,-3.0,2.8,4.0,0.0,1.5,6.0,10.0,0.0,2.3,6.0,3.0,2.0,16.4,33.6,14.0,1.0,6.8,14.8,17.0,1.0,-12.8,48.4,31.0
