Wavelength,A1,A2,A3,A4,A5,B1,B2,B3,B4,B5,C1,C2,C3,C4,C5,D1,D2,D3,D4,D5,E1,E2,E3,E4,E5,F1,F2,F3,F4,F5,G1,G2,G3,G4,G5,H1,H2
450,0.362,0.386,0.397,0.389,0.382,0.369,0.388,0.38,0.364,0.362,0.373,0.382,0.368,0.327,0.334,0.386,0.397,0.392,0.367,0.386,0.384,0.404,0.383,0.385,0.404,0.369,0.379,0.383,0.369,0.367,0.351,0.362,0.39,0.368,0.279,0.308,0.306
451,0.362,0.386,0.397,0.39,0.382,0.369,0.388,0.38,0.364,0.362,0.373,0.382,0.368,0.327,0.334,0.386,0.397,0.392,0.367,0.387,0.384,0.404,0.383,0.385,0.405,0.37,0.379,0.383,0.369,0.366,0.351,0.362,0.391,0.368,0.279,0.309,0.307
452,0.363,0.386,0.398,0.39,0.382,0.369,0.388,0.38,0.364,0.362,0.373,0.383,0.368,0.327,0.334,0.387,0.397,0.393,0.367,0.387,0.385,0.404,0.384,0.385,0.405,0.37,0.379,0.383,0.369,0.366,0.351,0.363,0.391,0.367,0.279,0.309,0.307
453,0.363,0.386,0.398,0.39,0.383,0.369,0.389,0.381,0.364,0.362,0.374,0.383,0.369,0.327,0.334,0.387,0.397,0.393,0.367,0.387,0.385,0.405,0.384,0.385,0.405,0.37,0.379,0.383,0.37,0.366,0.351,0.363,0.391,0.367,0.279,0.309,0.307
454,0.363,0.386,0.398,0.391,0.383,0.369,0.389,0.381,0.365,0.362,0.374,0.384,0.369,0.327,0.334,0.387,0.397,0.394,0.368,0.388,0.385,0.405,0.385,0.386,0.406,0.371,0.38,0.383,0.37,0.366,0.351,0.364,0.392,0.367,0.28,0.31,0.308
455,0.364,0.386,0.399,0.391,0.384,0.369,0.389,0.382,0.365,0.362,0.374,0.384,0.37,0.327,0.334,0.388,0.397,0.394,0.368,0.388,0.386,0.406,0.385,0.386,0.406,0.371,0.38,0.383,0.37,0.366,0.351,0.364,0.392,0.367,0.28,0.31,0.308
456,0.364,0.385,0.399,0.392,0.384,0.369,0.39,0.382,0.365,0.362,0.375,0.384,0.37,0.327,0.334,0.388,0.397,0.394,0.368,0.388,0.386,0.406,0.385,0.386,0.406,0.372,0.38,0.383,0.37,0.366,0.351,0.364,0.392,0.367,0.28,0.31,0.308
457,0.365,0.386,0.4,0.393,0.385,0.369,0.39,0.383,0.366,0.363,0.375,0.385,0.371,0.327,0.334,0.389,0.397,0.395,0.369,0.389,0.387,0.406,0.386,0.387,0.407,0.372,0.38,0.383,0.371,0.366,0.352,0.365,0.393,0.367,0.28,0.311,0.309
458,0.365,0.385,0.401,0.393,0.385,0.369,0.391,0.383,0.367,0.363,0.376,0.386,0.372,0.327,0.334,0.389,0.398,0.396,0.37,0.39,0.387,0.407,0.387,0.387,0.407,0.373,0.38,0.383,0.371,0.366,0.352,0.365,0.394,0.367,0.28,0.311,0.309
459,0.366,0.386,0.401,0.394,0.386,0.37,0.392,0.384,0.367,0.363,0.376,0.386,0.372,0.327,0.335,0.39,0.398,0.397,0.37,0.39,0.388,0.408,0.387,0.388,0.408,0.374,0.38,0.384,0.372,0.366,0.352,0.366,0.395,0.368,0.281,0.312,0.31
460,0.367,0.386,0.402,0.395,0.387,0.37,0.392,0.385,0.368,0.363,0.377,0.387,0.373,0.327,0.335,0.391,0.398,0.397,0.371,0.391,0.389,0.409,0.388,0.389,0.409,0.374,0.38,0.384,0.373,0.366,0.352,0.367,0.395,0.368,0.281,0.312,0.31
461,0.367,0.386,0.402,0.395,0.387,0.37,0.393,0.385,0.368,0.363,0.377,0.387,0.373,0.327,0.335,0.391,0.398,0.398,0.371,0.391,0.389,0.409,0.388,0.389,0.409,0.375,0.38,0.384,0.373,0.367,0.352,0.367,0.396,0.368,0.282,0.313,0.311
462,0.368,0.386,0.403,0.396,0.388,0.37,0.394,0.386,0.369,0.364,0.378,0.388,0.374,0.327,0.335,0.392,0.398,0.399,0.372,0.392,0.39,0.41,0.389,0.39,0.41,0.375,0.381,0.384,0.374,0.367,0.352,0.368,0.397,0.368,0.282,0.313,0.311
463,0.369,0.386,0.404,0.397,0.389,0.371,0.394,0.387,0.37,0.364,0.379,0.389,0.375,0.327,0.336,0.393,0.398,0.4,0.373,0.393,0.391,0.411,0.39,0.391,0.411,0.376,0.381,0.384,0.375,0.367,0.352,0.369,0.398,0.368,0.283,0.314,0.312
464,0.37,0.386,0.406,0.398,0.39,0.371,0.396,0.388,0.371,0.365,0.38,0.39,0.376,0.328,0.336,0.394,0.399,0.401,0.374,0.394,0.392,0.412,0.391,0.392,0.412,0.377,0.381,0.384,0.376,0.367,0.353,0.37,0.399,0.369,0.284,0.315,0.313
465,0.371,0.387,0.406,0.399,0.391,0.371,0.396,0.389,0.372,0.365,0.381,0.391,0.377,0.328,0.336,0.395,0.399,0.402,0.375,0.395,0.393,0.413,0.392,0.393,0.413,0.378,0.382,0.385,0.377,0.368,0.353,0.371,0.399,0.369,0.284,0.315,0.313
466,0.372,0.387,0.408,0.4,0.392,0.372,0.397,0.39,0.373,0.366,0.382,0.392,0.378,0.328,0.337,0.396,0.399,0.403,0.376,0.396,0.394,0.414,0.393,0.394,0.415,0.379,0.382,0.385,0.378,0.368,0.353,0.372,0.401,0.369,0.285,0.316,0.314
467,0.373,0.388,0.409,0.401,0.393,0.372,0.399,0.391,0.374,0.366,0.383,0.393,0.379,0.328,0.337,0.397,0.4,0.404,0.377,0.398,0.395,0.415,0.394,0.395,0.416,0.38,0.383,0.385,0.379,0.368,0.353,0.372,0.402,0.37,0.286,0.317,0.315
468,0.374,0.388,0.41,0.403,0.394,0.373,0.4,0.392,0.375,0.367,0.384,0.394,0.38,0.329,0.338,0.398,0.4,0.405,0.379,0.399,0.396,0.416,0.395,0.397,0.417,0.381,0.383,0.385,0.38,0.369,0.354,0.374,0.403,0.37,0.286,0.318,0.316
469,0.376,0.389,0.412,0.404,0.395,0.373,0.401,0.394,0.377,0.368,0.386,0.396,0.382,0.33,0.338,0.399,0.401,0.406,0.38,0.401,0.398,0.418,0.397,0.398,0.419,0.383,0.384,0.386,0.382,0.37,0.354,0.375,0.404,0.371,0.288,0.319,0.317
470,0.377,0.389,0.413,0.405,0.397,0.374,0.402,0.395,0.378,0.369,0.387,0.397,0.383,0.33,0.339,0.401,0.401,0.408,0.381,0.402,0.399,0.419,0.398,0.4,0.42,0.384,0.384,0.386,0.383,0.37,0.355,0.376,0.406,0.372,0.288,0.32,0.318
471,0.379,0.39,0.415,0.407,0.398,0.375,0.404,0.397,0.38,0.37,0.389,0.399,0.385,0.331,0.34,0.402,0.402,0.41,0.383,0.404,0.4,0.421,0.4,0.401,0.422,0.386,0.385,0.387,0.385,0.371,0.355,0.378,0.407,0.372,0.29,0.321,0.32
472,0.381,0.391,0.417,0.409,0.4,0.376,0.406,0.398,0.381,0.371,0.391,0.4,0.387,0.331,0.341,0.404,0.402,0.411,0.385,0.405,0.402,0.422,0.401,0.403,0.424,0.387,0.386,0.388,0.386,0.372,0.356,0.38,0.409,0.373,0.291,0.323,0.321
473,0.382,0.391,0.419,0.411,0.402,0.376,0.407,0.4,0.383,0.372,0.392,0.402,0.388,0.332,0.342,0.406,0.403,0.413,0.386,0.407,0.404,0.424,0.403,0.405,0.426,0.389,0.387,0.388,0.388,0.372,0.357,0.381,0.411,0.374,0.292,0.324,0.322
474,0.384,0.392,0.421,0.412,0.403,0.377,0.409,0.401,0.384,0.373,0.394,0.404,0.39,0.332,0.342,0.407,0.404,0.415,0.388,0.409,0.405,0.426,0.405,0.407,0.428,0.39,0.388,0.389,0.389,0.373,0.357,0.383,0.412,0.375,0.293,0.325,0.324
475,0.386,0.393,0.423,0.415,0.405,0.378,0.411,0.404,0.386,0.374,0.396,0.406,0.392,0.333,0.344,0.41,0.405,0.417,0.39,0.411,0.408,0.428,0.407,0.409,0.43,0.393,0.389,0.39,0.392,0.374,0.358,0.385,0.414,0.376,0.295,0.327,0.326
476,0.389,0.394,0.426,0.417,0.408,0.38,0.414,0.406,0.389,0.375,0.399,0.408,0.394,0.334,0.345,0.412,0.406,0.42,0.393,0.414,0.41,0.431,0.409,0.412,0.433,0.395,0.39,0.391,0.394,0.375,0.359,0.387,0.417,0.377,0.296,0.329,0.328
477,0.391,0.396,0.429,0.42,0.41,0.381,0.416,0.409,0.391,0.377,0.401,0.411,0.397,0.335,0.346,0.415,0.407,0.422,0.395,0.417,0.413,0.434,0.412,0.414,0.436,0.397,0.392,0.392,0.396,0.376,0.36,0.39,0.419,0.378,0.298,0.331,0.33
478,0.393,0.397,0.431,0.421,0.412,0.382,0.417,0.41,0.393,0.378,0.403,0.412,0.398,0.336,0.347,0.416,0.408,0.424,0.397,0.418,0.414,0.435,0.413,0.416,0.438,0.399,0.392,0.392,0.398,0.377,0.361,0.391,0.421,0.379,0.299,0.332,0.331
479,0.395,0.398,0.433,0.424,0.414,0.383,0.42,0.413,0.395,0.379,0.406,0.415,0.401,0.337,0.348,0.419,0.409,0.426,0.399,0.421,0.417,0.438,0.416,0.418,0.44,0.401,0.394,0.394,0.4,0.378,0.362,0.394,0.424,0.38,0.301,0.334,0.333
480,0.399,0.4,0.437,0.427,0.417,0.385,0.423,0.416,0.398,0.381,0.409,0.418,0.404,0.338,0.35,0.422,0.411,0.43,0.403,0.424,0.42,0.441,0.419,0.422,0.444,0.405,0.396,0.395,0.404,0.38,0.364,0.397,0.427,0.382,0.303,0.337,0.336
481,0.402,0.402,0.441,0.432,0.421,0.387,0.427,0.419,0.402,0.384,0.413,0.422,0.408,0.34,0.352,0.426,0.413,0.434,0.406,0.428,0.424,0.446,0.423,0.426,0.448,0.408,0.398,0.397,0.407,0.382,0.365,0.401,0.431,0.384,0.306,0.34,0.339
482,0.406,0.404,0.445,0.435,0.425,0.389,0.431,0.423,0.405,0.386,0.416,0.426,0.412,0.341,0.354,0.43,0.415,0.438,0.41,0.432,0.428,0.449,0.427,0.43,0.452,0.412,0.4,0.399,0.411,0.383,0.367,0.404,0.435,0.386,0.309,0.343,0.342
483,0.408,0.405,0.448,0.438,0.427,0.39,0.433,0.425,0.407,0.387,0.418,0.428,0.414,0.342,0.355,0.432,0.416,0.44,0.412,0.435,0.43,0.452,0.429,0.432,0.455,0.414,0.401,0.4,0.413,0.385,0.368,0.406,0.437,0.387,0.31,0.345,0.344
484,0.411,0.406,0.451,0.441,0.43,0.392,0.436,0.428,0.41,0.389,0.421,0.431,0.416,0.344,0.357,0.435,0.418,0.443,0.415,0.437,0.433,0.455,0.432,0.435,0.458,0.417,0.403,0.401,0.416,0.386,0.369,0.409,0.44,0.388,0.312,0.347,0.346
485,0.414,0.408,0.454,0.444,0.433,0.393,0.439,0.432,0.413,0.391,0.424,0.434,0.419,0.345,0.359,0.438,0.419,0.446,0.418,0.441,0.436,0.458,0.435,0.438,0.461,0.42,0.405,0.403,0.419,0.387,0.371,0.412,0.443,0.39,0.314,0.349,0.348
486,0.418,0.41,0.458,0.448,0.437,0.396,0.443,0.436,0.417,0.393,0.428,0.438,0.423,0.346,0.361,0.442,0.421,0.45,0.421,0.445,0.44,0.462,0.439,0.442,0.465,0.424,0.407,0.404,0.422,0.389,0.373,0.416,0.447,0.392,0.317,0.352,0.351
487,0.421,0.412,0.461,0.451,0.44,0.397,0.446,0.439,0.419,0.395,0.431,0.441,0.426,0.348,0.363,0.445,0.423,0.453,0.424,0.448,0.443,0.465,0.442,0.445,0.469,0.427,0.408,0.406,0.425,0.391,0.374,0.419,0.45,0.393,0.319,0.355,0.354
488,0.425,0.415,0.467,0.456,0.445,0.4,0.451,0.444,0.424,0.398,0.436,0.446,0.431,0.35,0.365,0.45,0.426,0.458,0.429,0.453,0.448,0.47,0.447,0.45,0.474,0.431,0.411,0.408,0.43,0.393,0.377,0.423,0.455,0.396,0.323,0.358,0.358
489,0.43,0.417,0.471,0.461,0.449,0.403,0.455,0.448,0.428,0.401,0.44,0.45,0.435,0.352,0.368,0.455,0.428,0.463,0.433,0.457,0.453,0.475,0.451,0.455,0.478,0.436,0.414,0.411,0.434,0.396,0.379,0.428,0.459,0.398,0.326,0.362,0.361
490,0.434,0.42,0.476,0.465,0.453,0.405,0.459,0.452,0.432,0.403,0.444,0.454,0.439,0.354,0.37,0.459,0.431,0.467,0.437,0.462,0.457,0.479,0.455,0.459,0.483,0.44,0.416,0.413,0.438,0.398,0.381,0.432,0.463,0.4,0.329,0.365,0.365
491,0.437,0.421,0.479,0.468,0.456,0.407,0.462,0.455,0.435,0.405,0.447,0.457,0.442,0.355,0.372,0.462,0.433,0.47,0.44,0.465,0.46,0.482,0.458,0.462,0.486,0.443,0.418,0.415,0.441,0.399,0.383,0.435,0.466,0.402,0.331,0.367,0.367
492,0.442,0.424,0.484,0.473,0.461,0.41,0.467,0.46,0.44,0.408,0.452,0.462,0.447,0.357,0.375,0.467,0.436,0.475,0.445,0.47,0.465,0.488,0.463,0.467,0.492,0.448,0.421,0.417,0.446,0.402,0.385,0.439,0.471,0.405,0.334,0.372,0.371
493,0.448,0.428,0.491,0.479,0.467,0.413,0.473,0.466,0.445,0.412,0.458,0.468,0.453,0.36,0.379,0.473,0.439,0.481,0.451,0.476,0.471,0.494,0.469,0.473,0.498,0.453,0.425,0.42,0.451,0.405,0.388,0.445,0.478,0.408,0.338,0.376,0.376
494,0.454,0.432,0.497,0.486,0.473,0.417,0.479,0.472,0.451,0.416,0.464,0.474,0.459,0.363,0.382,0.479,0.443,0.487,0.456,0.482,0.477,0.5,0.475,0.479,0.504,0.459,0.429,0.424,0.457,0.408,0.391,0.451,0.484,0.411,0.343,0.381,0.381
495,0.458,0.434,0.501,0.49,0.477,0.419,0.483,0.476,0.455,0.418,0.468,0.478,0.463,0.365,0.384,0.483,0.445,0.492,0.46,0.486,0.481,0.504,0.479,0.483,0.509,0.463,0.431,0.426,0.461,0.41,0.393,0.455,0.488,0.413,0.345,0.384,0.384
496,0.463,0.438,0.508,0.496,0.483,0.423,0.489,0.482,0.46,0.422,0.474,0.484,0.468,0.367,0.388,0.489,0.449,0.498,0.466,0.492,0.487,0.511,0.485,0.489,0.515,0.469,0.435,0.429,0.467,0.414,0.397,0.46,0.494,0.417,0.349,0.389,0.389
497,0.47,0.442,0.515,0.503,0.489,0.427,0.496,0.489,0.467,0.426,0.48,0.491,0.475,0.371,0.392,0.496,0.453,0.505,0.472,0.499,0.493,0.518,0.492,0.496,0.522,0.475,0.439,0.433,0.473,0.417,0.4,0.467,0.501,0.42,0.354,0.394,0.394
498,0.477,0.446,0.523,0.51,0.496,0.431,0.503,0.496,0.473,0.431,0.487,0.498,0.482,0.374,0.396,0.503,0.457,0.512,0.479,0.507,0.501,0.525,0.499,0.503,0.53,0.482,0.444,0.437,0.48,0.421,0.404,0.473,0.508,0.424,0.359,0.4,0.399
499,0.481,0.449,0.528,0.515,0.501,0.434,0.508,0.501,0.478,0.434,0.492,0.503,0.487,0.376,0.399,0.508,0.46,0.517,0.484,0.512,0.505,0.53,0.504,0.508,0.535,0.487,0.447,0.44,0.484,0.424,0.406,0.478,0.513,0.427,0.362,0.404,0.403
500,0.488,0.453,0.535,0.522,0.508,0.438,0.514,0.507,0.485,0.438,0.499,0.51,0.493,0.38,0.403,0.515,0.464,0.524,0.49,0.518,0.512,0.537,0.51,0.515,0.542,0.493,0.451,0.444,0.491,0.427,0.41,0.485,0.52,0.431,0.367,0.409,0.409
501,0.494,0.457,0.542,0.529,0.514,0.442,0.521,0.514,0.49,0.442,0.505,0.516,0.499,0.383,0.406,0.521,0.468,0.53,0.496,0.525,0.518,0.544,0.517,0.521,0.549,0.499,0.455,0.447,0.497,0.431,0.413,0.491,0.526,0.434,0.371,0.414,0.413
502,0.5,0.461,0.548,0.535,0.52,0.446,0.527,0.52,0.496,0.446,0.511,0.522,0.505,0.386,0.41,0.528,0.472,0.537,0.502,0.531,0.525,0.551,0.523,0.527,0.556,0.506,0.459,0.451,0.503,0.434,0.417,0.497,0.532,0.438,0.375,0.418,0.418
503,0.505,0.464,0.553,0.54,0.525,0.449,0.532,0.525,0.501,0.449,0.516,0.527,0.51,0.388,0.413,0.532,0.475,0.542,0.507,0.536,0.53,0.556,0.528,0.532,0.561,0.51,0.462,0.454,0.507,0.437,0.42,0.501,0.537,0.441,0.379,0.422,0.422
504,0.512,0.469,0.562,0.549,0.533,0.454,0.54,0.532,0.508,0.454,0.523,0.535,0.517,0.392,0.418,0.54,0.48,0.55,0.514,0.544,0.537,0.564,0.535,0.54,0.569,0.518,0.467,0.458,0.515,0.442,0.424,0.508,0.545,0.445,0.384,0.428,0.428
505,0.52,0.474,0.57,0.557,0.541,0.459,0.547,0.54,0.516,0.459,0.531,0.542,0.525,0.396,0.422,0.548,0.485,0.558,0.522,0.552,0.545,0.572,0.543,0.548,0.578,0.525,0.472,0.463,0.522,0.446,0.428,0.516,0.553,0.45,0.389,0.435,0.435
506,0.527,0.479,0.578,0.564,0.548,0.464,0.555,0.547,0.522,0.464,0.538,0.55,0.532,0.4,0.427,0.556,0.49,0.565,0.529,0.56,0.553,0.58,0.551,0.555,0.586,0.532,0.477,0.467,0.529,0.45,0.433,0.523,0.561,0.454,0.394,0.44,0.44
507,0.531,0.482,0.583,0.569,0.552,0.466,0.559,0.552,0.527,0.467,0.542,0.554,0.536,0.402,0.43,0.56,0.492,0.57,0.533,0.564,0.557,0.585,0.555,0.56,0.59,0.537,0.48,0.47,0.533,0.453,0.435,0.527,0.565,0.457,0.397,0.444,0.444
508,0.537,0.487,0.589,0.576,0.559,0.471,0.566,0.558,0.533,0.471,0.549,0.561,0.543,0.405,0.434,0.567,0.497,0.577,0.539,0.571,0.564,0.592,0.561,0.566,0.597,0.543,0.485,0.474,0.54,0.457,0.439,0.533,0.572,0.461,0.402,0.449,0.449
509,0.544,0.491,0.597,0.583,0.566,0.475,0.573,0.565,0.539,0.476,0.555,0.568,0.55,0.409,0.438,0.574,0.501,0.584,0.546,0.578,0.571,0.599,0.568,0.573,0.605,0.55,0.489,0.478,0.546,0.461,0.443,0.54,0.579,0.465,0.406,0.454,0.454
510,0.551,0.497,0.605,0.59,0.573,0.48,0.58,0.572,0.546,0.481,0.563,0.575,0.557,0.413,0.443,0.581,0.506,0.591,0.553,0.585,0.578,0.607,0.576,0.581,0.612,0.557,0.494,0.483,0.553,0.465,0.447,0.547,0.586,0.469,0.411,0.46,0.46
511,0.555,0.5,0.61,0.595,0.578,0.484,0.585,0.577,0.551,0.484,0.567,0.579,0.561,0.416,0.446,0.586,0.51,0.596,0.558,0.59,0.583,0.612,0.58,0.585,0.617,0.561,0.498,0.486,0.558,0.468,0.45,0.551,0.591,0.472,0.415,0.463,0.464
512,0.561,0.504,0.616,0.601,0.584,0.488,0.591,0.583,0.556,0.488,0.573,0.585,0.567,0.419,0.45,0.592,0.514,0.602,0.563,0.596,0.588,0.618,0.586,0.591,0.624,0.567,0.502,0.49,0.564,0.472,0.454,0.557,0.597,0.476,0.419,0.468,0.468
513,0.566,0.508,0.621,0.606,0.589,0.491,0.596,0.588,0.561,0.492,0.578,0.59,0.572,0.422,0.453,0.597,0.518,0.608,0.568,0.602,0.594,0.623,0.591,0.596,0.629,0.572,0.506,0.493,0.569,0.475,0.457,0.562,0.603,0.479,0.422,0.472,0.472
514,0.571,0.512,0.627,0.612,0.594,0.495,0.602,0.593,0.566,0.496,0.583,0.596,0.577,0.425,0.457,0.602,0.522,0.613,0.573,0.607,0.599,0.629,0.597,0.602,0.635,0.577,0.51,0.497,0.574,0.479,0.461,0.567,0.608,0.483,0.426,0.476,0.476
515,0.575,0.515,0.631,0.616,0.599,0.498,0.606,0.598,0.57,0.499,0.587,0.6,0.581,0.427,0.46,0.606,0.525,0.617,0.577,0.611,0.603,0.633,0.601,0.606,0.639,0.581,0.513,0.5,0.578,0.482,0.463,0.571,0.612,0.486,0.429,0.479,0.48
516,0.581,0.52,0.638,0.623,0.605,0.503,0.612,0.604,0.576,0.503,0.593,0.606,0.587,0.431,0.464,0.613,0.53,0.624,0.583,0.617,0.609,0.64,0.607,0.612,0.646,0.587,0.518,0.505,0.584,0.486,0.468,0.577,0.618,0.49,0.433,0.484,0.484
517,0.586,0.525,0.644,0.628,0.611,0.508,0.618,0.609,0.581,0.508,0.598,0.611,0.593,0.435,0.468,0.618,0.534,0.629,0.588,0.623,0.615,0.646,0.612,0.618,0.652,0.593,0.523,0.509,0.589,0.49,0.472,0.582,0.624,0.494,0.436,0.488,0.489
518,0.591,0.529,0.648,0.633,0.615,0.511,0.622,0.614,0.585,0.511,0.603,0.616,0.597,0.438,0.471,0.623,0.538,0.634,0.593,0.627,0.619,0.651,0.617,0.622,0.656,0.597,0.526,0.513,0.593,0.493,0.475,0.586,0.629,0.498,0.439,0.492,0.492
519,0.593,0.531,0.651,0.635,0.618,0.513,0.625,0.616,0.588,0.513,0.605,0.618,0.599,0.44,0.473,0.625,0.54,0.636,0.595,0.63,0.621,0.653,0.619,0.624,0.659,0.599,0.528,0.515,0.596,0.496,0.477,0.588,0.631,0.5,0.441,0.493,0.494
520,0.596,0.534,0.654,0.639,0.621,0.516,0.628,0.619,0.591,0.516,0.608,0.621,0.603,0.442,0.476,0.629,0.544,0.64,0.598,0.633,0.625,0.657,0.622,0.628,0.663,0.603,0.532,0.518,0.599,0.498,0.48,0.591,0.635,0.503,0.443,0.496,0.497
521,0.6,0.538,0.658,0.643,0.625,0.52,0.632,0.623,0.594,0.519,0.612,0.625,0.606,0.445,0.479,0.632,0.548,0.644,0.602,0.637,0.628,0.661,0.626,0.631,0.667,0.606,0.535,0.522,0.603,0.502,0.483,0.595,0.638,0.506,0.446,0.499,0.499
522,0.603,0.542,0.662,0.646,0.629,0.524,0.636,0.627,0.598,0.523,0.615,0.628,0.61,0.449,0.483,0.636,0.552,0.648,0.605,0.641,0.632,0.665,0.63,0.635,0.671,0.61,0.54,0.526,0.606,0.506,0.487,0.598,0.642,0.51,0.448,0.501,0.502
523,0.605,0.545,0.664,0.648,0.631,0.527,0.638,0.629,0.6,0.525,0.617,0.63,0.612,0.451,0.485,0.638,0.554,0.65,0.607,0.643,0.634,0.667,0.631,0.637,0.673,0.612,0.542,0.528,0.608,0.508,0.49,0.6,0.644,0.512,0.45,0.503,0.504
524,0.607,0.549,0.666,0.651,0.634,0.53,0.64,0.631,0.602,0.528,0.619,0.633,0.614,0.454,0.488,0.64,0.558,0.652,0.609,0.645,0.636,0.67,0.633,0.639,0.675,0.614,0.545,0.531,0.611,0.511,0.492,0.602,0.646,0.515,0.451,0.505,0.505
525,0.608,0.551,0.668,0.652,0.636,0.532,0.642,0.632,0.603,0.53,0.621,0.634,0.615,0.456,0.49,0.642,0.561,0.654,0.611,0.646,0.638,0.672,0.635,0.64,0.677,0.615,0.548,0.534,0.612,0.514,0.495,0.604,0.648,0.518,0.452,0.506,0.506
526,0.609,0.554,0.669,0.653,0.637,0.535,0.643,0.633,0.604,0.532,0.622,0.635,0.617,0.458,0.492,0.643,0.563,0.655,0.612,0.647,0.639,0.673,0.636,0.641,0.678,0.616,0.551,0.537,0.614,0.516,0.498,0.605,0.649,0.52,0.452,0.506,0.507
527,0.61,0.556,0.669,0.654,0.638,0.536,0.644,0.634,0.605,0.533,0.622,0.635,0.617,0.46,0.493,0.644,0.565,0.655,0.612,0.648,0.639,0.674,0.637,0.642,0.678,0.617,0.553,0.539,0.614,0.518,0.499,0.605,0.65,0.522,0.453,0.507,0.507
528,0.61,0.559,0.67,0.654,0.639,0.539,0.645,0.634,0.605,0.535,0.623,0.636,0.618,0.462,0.495,0.644,0.568,0.656,0.613,0.648,0.64,0.674,0.637,0.642,0.679,0.618,0.555,0.541,0.615,0.52,0.502,0.605,0.65,0.524,0.453,0.507,0.507
529,0.61,0.561,0.669,0.654,0.639,0.541,0.645,0.634,0.605,0.537,0.622,0.635,0.617,0.464,0.497,0.644,0.57,0.656,0.612,0.648,0.639,0.674,0.637,0.642,0.679,0.617,0.557,0.543,0.615,0.522,0.503,0.605,0.65,0.526,0.453,0.507,0.507
530,0.609,0.563,0.669,0.653,0.639,0.542,0.644,0.634,0.604,0.538,0.622,0.635,0.617,0.465,0.498,0.643,0.572,0.655,0.612,0.647,0.639,0.674,0.636,0.641,0.678,0.617,0.558,0.545,0.614,0.524,0.505,0.604,0.649,0.527,0.453,0.506,0.507
531,0.608,0.564,0.668,0.652,0.638,0.543,0.644,0.633,0.603,0.538,0.621,0.634,0.616,0.466,0.499,0.642,0.573,0.654,0.611,0.646,0.638,0.673,0.635,0.641,0.677,0.616,0.559,0.546,0.614,0.525,0.506,0.604,0.649,0.528,0.452,0.505,0.506
532,0.607,0.565,0.666,0.651,0.637,0.545,0.642,0.632,0.602,0.539,0.62,0.632,0.615,0.468,0.5,0.641,0.575,0.653,0.61,0.645,0.636,0.672,0.634,0.639,0.676,0.615,0.561,0.548,0.613,0.527,0.508,0.602,0.647,0.53,0.451,0.504,0.505
533,0.605,0.567,0.664,0.649,0.635,0.546,0.64,0.629,0.6,0.54,0.617,0.63,0.613,0.469,0.5,0.639,0.576,0.65,0.607,0.642,0.634,0.669,0.631,0.637,0.673,0.613,0.563,0.55,0.611,0.528,0.509,0.6,0.645,0.532,0.45,0.502,0.503
534,0.602,0.569,0.661,0.646,0.633,0.547,0.638,0.627,0.597,0.541,0.614,0.627,0.61,0.471,0.501,0.636,0.578,0.648,0.605,0.639,0.631,0.667,0.629,0.634,0.67,0.61,0.564,0.552,0.608,0.53,0.511,0.597,0.642,0.533,0.448,0.5,0.501
535,0.6,0.569,0.658,0.644,0.631,0.548,0.636,0.625,0.595,0.541,0.613,0.625,0.608,0.472,0.501,0.634,0.579,0.646,0.603,0.637,0.629,0.665,0.627,0.632,0.668,0.608,0.565,0.553,0.607,0.531,0.512,0.596,0.64,0.534,0.446,0.498,0.499
536,0.597,0.57,0.655,0.641,0.629,0.549,0.633,0.622,0.593,0.541,0.61,0.622,0.605,0.472,0.502,0.631,0.58,0.643,0.6,0.634,0.626,0.662,0.624,0.629,0.665,0.605,0.565,0.554,0.604,0.532,0.513,0.593,0.637,0.534,0.444,0.496,0.497
537,0.594,0.571,0.652,0.637,0.626,0.549,0.63,0.619,0.589,0.541,0.606,0.619,0.602,0.473,0.502,0.628,0.58,0.639,0.597,0.631,0.623,0.659,0.62,0.625,0.661,0.602,0.566,0.555,0.601,0.533,0.514,0.589,0.634,0.535,0.442,0.493,0.494
538,0.589,0.572,0.646,0.632,0.622,0.55,0.625,0.614,0.585,0.54,0.602,0.614,0.597,0.474,0.501,0.623,0.581,0.634,0.592,0.626,0.618,0.654,0.615,0.62,0.656,0.597,0.566,0.556,0.597,0.534,0.514,0.585,0.629,0.536,0.439,0.489,0.49
539,0.585,0.572,0.642,0.628,0.618,0.55,0.622,0.61,0.581,0.54,0.598,0.61,0.594,0.475,0.501,0.619,0.581,0.63,0.588,0.622,0.614,0.65,0.611,0.616,0.652,0.594,0.566,0.556,0.593,0.534,0.515,0.581,0.625,0.536,0.436,0.486,0.487
540,0.58,0.572,0.636,0.622,0.613,0.55,0.616,0.604,0.575,0.539,0.592,0.604,0.588,0.475,0.5,0.613,0.582,0.624,0.583,0.615,0.608,0.644,0.605,0.61,0.646,0.588,0.566,0.557,0.588,0.535,0.515,0.575,0.619,0.536,0.432,0.481,0.482
541,0.575,0.572,0.63,0.616,0.608,0.55,0.611,0.599,0.57,0.538,0.587,0.599,0.583,0.476,0.5,0.608,0.582,0.619,0.578,0.61,0.603,0.639,0.6,0.605,0.64,0.583,0.566,0.557,0.583,0.535,0.516,0.571,0.614,0.536,0.428,0.477,0.478
542,0.57,0.572,0.625,0.612,0.604,0.549,0.607,0.594,0.566,0.537,0.582,0.594,0.579,0.476,0.499,0.603,0.582,0.614,0.573,0.605,0.599,0.634,0.595,0.6,0.635,0.579,0.566,0.557,0.579,0.535,0.516,0.566,0.609,0.536,0.425,0.474,0.474
543,0.567,0.572,0.622,0.608,0.601,0.549,0.603,0.591,0.563,0.536,0.579,0.591,0.575,0.476,0.499,0.6,0.582,0.611,0.57,0.602,0.595,0.63,0.592,0.597,0.632,0.575,0.565,0.557,0.575,0.535,0.516,0.563,0.606,0.536,0.423,0.471,0.471
544,0.561,0.571,0.615,0.602,0.596,0.548,0.598,0.585,0.557,0.535,0.573,0.585,0.569,0.476,0.498,0.594,0.581,0.605,0.564,0.596,0.589,0.624,0.586,0.591,0.625,0.57,0.564,0.557,0.57,0.535,0.515,0.557,0.6,0.536,0.419,0.466,0.467
545,0.554,0.57,0.607,0.594,0.589,0.547,0.591,0.578,0.55,0.533,0.566,0.577,0.562,0.475,0.496,0.587,0.58,0.597,0.557,0.588,0.582,0.617,0.579,0.583,0.618,0.563,0.563,0.557,0.563,0.535,0.515,0.55,0.592,0.535,0.414,0.46,0.461
546,0.546,0.569,0.599,0.586,0.581,0.546,0.583,0.57,0.543,0.531,0.558,0.569,0.555,0.475,0.494,0.579,0.579,0.589,0.55,0.58,0.574,0.609,0.571,0.575,0.609,0.555,0.562,0.556,0.556,0.534,0.514,0.543,0.585,0.534,0.409,0.454,0.455
547,0.54,0.568,0.592,0.579,0.575,0.545,0.576,0.563,0.536,0.529,0.551,0.562,0.548,0.474,0.493,0.572,0.578,0.582,0.543,0.573,0.567,0.602,0.564,0.568,0.602,0.548,0.561,0.556,0.55,0.534,0.514,0.536,0.578,0.533,0.404,0.449,0.449
548,0.536,0.567,0.587,0.575,0.571,0.544,0.572,0.559,0.532,0.528,0.547,0.558,0.544,0.474,0.491,0.568,0.578,0.578,0.539,0.568,0.563,0.597,0.56,0.564,0.597,0.544,0.56,0.555,0.546,0.533,0.513,0.532,0.573,0.533,0.401,0.445,0.446
549,0.529,0.566,0.58,0.567,0.564,0.543,0.565,0.552,0.525,0.526,0.54,0.551,0.537,0.474,0.49,0.561,0.577,0.571,0.532,0.561,0.555,0.59,0.553,0.557,0.59,0.538,0.558,0.555,0.539,0.533,0.512,0.525,0.566,0.532,0.396,0.44,0.44
550,0.52,0.564,0.57,0.558,0.556,0.541,0.556,0.544,0.517,0.523,0.532,0.542,0.529,0.472,0.487,0.552,0.575,0.562,0.524,0.552,0.547,0.581,0.544,0.548,0.58,0.529,0.556,0.553,0.531,0.531,0.511,0.517,0.557,0.53,0.39,0.433,0.433
551,0.511,0.561,0.56,0.548,0.547,0.538,0.547,0.534,0.508,0.52,0.522,0.532,0.519,0.471,0.484,0.542,0.573,0.551,0.514,0.542,0.537,0.571,0.534,0.538,0.57,0.52,0.554,0.552,0.522,0.53,0.51,0.507,0.547,0.528,0.383,0.425,0.425
552,0.504,0.56,0.553,0.541,0.54,0.537,0.54,0.527,0.502,0.517,0.516,0.526,0.513,0.47,0.482,0.535,0.571,0.545,0.508,0.535,0.53,0.564,0.527,0.531,0.563,0.513,0.552,0.551,0.516,0.529,0.509,0.501,0.541,0.527,0.379,0.42,0.42
553,0.497,0.558,0.544,0.533,0.533,0.535,0.532,0.519,0.494,0.515,0.508,0.517,0.505,0.469,0.48,0.527,0.569,0.536,0.5,0.527,0.522,0.556,0.519,0.523,0.554,0.505,0.55,0.549,0.508,0.528,0.507,0.494,0.532,0.525,0.373,0.413,0.414
554,0.489,0.555,0.536,0.525,0.525,0.532,0.525,0.512,0.487,0.512,0.5,0.51,0.498,0.468,0.478,0.519,0.567,0.529,0.493,0.519,0.514,0.548,0.511,0.515,0.546,0.498,0.547,0.548,0.501,0.526,0.505,0.486,0.524,0.524,0.368,0.407,0.408
555,0.481,0.553,0.527,0.516,0.517,0.53,0.516,0.503,0.478,0.509,0.492,0.501,0.49,0.467,0.475,0.511,0.565,0.52,0.485,0.51,0.506,0.539,0.503,0.507,0.537,0.49,0.545,0.546,0.493,0.525,0.504,0.478,0.516,0.521,0.362,0.401,0.401
556,0.475,0.551,0.52,0.509,0.511,0.528,0.51,0.497,0.473,0.507,0.486,0.495,0.484,0.465,0.473,0.504,0.563,0.513,0.479,0.504,0.5,0.532,0.497,0.5,0.53,0.484,0.543,0.544,0.487,0.523,0.502,0.472,0.51,0.52,0.358,0.396,0.396
557,0.466,0.547,0.509,0.499,0.501,0.525,0.5,0.487,0.463,0.503,0.476,0.485,0.474,0.463,0.469,0.494,0.56,0.503,0.469,0.494,0.49,0.522,0.487,0.49,0.519,0.474,0.539,0.542,0.478,0.521,0.5,0.463,0.499,0.517,0.351,0.388,0.388
558,0.456,0.544,0.499,0.489,0.492,0.522,0.491,0.478,0.454,0.499,0.467,0.475,0.465,0.461,0.466,0.485,0.557,0.493,0.46,0.484,0.48,0.512,0.477,0.48,0.509,0.465,0.536,0.54,0.469,0.519,0.498,0.454,0.49,0.515,0.344,0.381,0.381
559,0.449,0.541,0.491,0.481,0.484,0.519,0.483,0.47,0.447,0.496,0.459,0.467,0.457,0.46,0.463,0.477,0.554,0.485,0.452,0.476,0.472,0.503,0.469,0.472,0.501,0.457,0.533,0.537,0.461,0.517,0.495,0.446,0.481,0.512,0.339,0.374,0.374
560,0.443,0.539,0.485,0.475,0.479,0.517,0.477,0.464,0.441,0.493,0.454,0.462,0.452,0.458,0.461,0.471,0.552,0.48,0.447,0.47,0.467,0.498,0.464,0.467,0.495,0.452,0.531,0.536,0.456,0.515,0.494,0.441,0.476,0.51,0.335,0.37,0.37
561,0.435,0.536,0.476,0.467,0.471,0.514,0.469,0.456,0.433,0.49,0.445,0.454,0.443,0.456,0.458,0.463,0.549,0.471,0.439,0.461,0.458,0.489,0.455,0.458,0.486,0.444,0.528,0.533,0.448,0.513,0.491,0.433,0.467,0.508,0.329,0.363,0.363
562,0.426,0.532,0.465,0.456,0.461,0.511,0.459,0.446,0.424,0.485,0.436,0.444,0.434,0.454,0.454,0.453,0.545,0.461,0.429,0.451,0.448,0.478,0.445,0.448,0.475,0.434,0.524,0.53,0.438,0.51,0.488,0.423,0.457,0.505,0.322,0.355,0.355
563,0.416,0.528,0.454,0.446,0.451,0.506,0.449,0.436,0.414,0.481,0.425,0.433,0.424,0.451,0.45,0.442,0.541,0.45,0.419,0.441,0.438,0.468,0.435,0.438,0.464,0.424,0.519,0.527,0.428,0.507,0.485,0.413,0.447,0.501,0.315,0.347,0.347
564,0.41,0.525,0.448,0.439,0.445,0.504,0.442,0.429,0.408,0.478,0.419,0.427,0.418,0.449,0.447,0.436,0.539,0.444,0.413,0.434,0.431,0.461,0.429,0.431,0.457,0.418,0.517,0.525,0.423,0.505,0.483,0.407,0.44,0.499,0.311,0.342,0.342
565,0.402,0.522,0.439,0.43,0.437,0.501,0.434,0.421,0.4,0.474,0.411,0.419,0.41,0.447,0.444,0.427,0.535,0.435,0.405,0.426,0.423,0.452,0.421,0.423,0.449,0.41,0.513,0.522,0.415,0.503,0.48,0.4,0.432,0.496,0.305,0.336,0.336
566,0.394,0.518,0.43,0.422,0.429,0.497,0.426,0.413,0.393,0.47,0.404,0.411,0.402,0.444,0.441,0.419,0.532,0.427,0.398,0.418,0.415,0.444,0.413,0.415,0.44,0.403,0.509,0.519,0.407,0.5,0.478,0.392,0.424,0.493,0.3,0.33,0.329
567,0.386,0.514,0.421,0.413,0.42,0.494,0.417,0.405,0.385,0.466,0.395,0.402,0.394,0.442,0.437,0.411,0.528,0.418,0.39,0.409,0.407,0.435,0.404,0.406,0.431,0.394,0.505,0.516,0.399,0.497,0.474,0.384,0.415,0.49,0.294,0.323,0.323
568,0.38,0.511,0.414,0.407,0.414,0.491,0.411,0.398,0.379,0.463,0.389,0.396,0.388,0.44,0.434,0.404,0.525,0.411,0.383,0.402,0.4,0.428,0.398,0.4,0.424,0.388,0.502,0.513,0.393,0.495,0.472,0.378,0.408,0.487,0.289,0.318,0.318
569,0.371,0.506,0.405,0.397,0.405,0.486,0.402,0.389,0.37,0.459,0.38,0.387,0.379,0.436,0.43,0.395,0.52,0.402,0.375,0.393,0.391,0.418,0.388,0.391,0.414,0.379,0.498,0.509,0.384,0.491,0.468,0.369,0.399,0.483,0.283,0.311,0.31
570,0.363,0.502,0.396,0.389,0.396,0.482,0.393,0.381,0.362,0.454,0.371,0.378,0.37,0.433,0.426,0.386,0.516,0.393,0.366,0.384,0.382,0.409,0.38,0.382,0.405,0.371,0.493,0.506,0.376,0.488,0.465,0.361,0.39,0.48,0.277,0.304,0.304
571,0.356,0.498,0.388,0.381,0.389,0.479,0.386,0.374,0.355,0.451,0.364,0.371,0.363,0.431,0.422,0.379,0.513,0.386,0.359,0.377,0.375,0.402,0.373,0.375,0.397,0.364,0.489,0.503,0.369,0.485,0.462,0.354,0.383,0.476,0.272,0.298,0.298
572,0.351,0.496,0.383,0.376,0.384,0.476,0.381,0.368,0.35,0.448,0.359,0.366,0.358,0.429,0.42,0.374,0.51,0.381,0.354,0.372,0.37,0.396,0.368,0.37,0.392,0.359,0.487,0.501,0.364,0.483,0.46,0.349,0.378,0.474,0.269,0.294,0.294
573,0.343,0.491,0.374,0.368,0.376,0.472,0.373,0.361,0.343,0.444,0.352,0.358,0.351,0.426,0.416,0.366,0.506,0.372,0.347,0.364,0.362,0.388,0.36,0.362,0.384,0.351,0.483,0.497,0.356,0.48,0.456,0.342,0.37,0.47,0.263,0.288,0.288
574,0.335,0.486,0.365,0.359,0.368,0.468,0.364,0.352,0.335,0.439,0.344,0.349,0.343,0.422,0.412,0.357,0.501,0.364,0.339,0.355,0.353,0.379,0.351,0.353,0.374,0.343,0.478,0.493,0.348,0.476,0.453,0.334,0.361,0.467,0.257,0.281,0.281
575,0.327,0.482,0.356,0.35,0.359,0.464,0.356,0.344,0.327,0.434,0.336,0.341,0.335,0.419,0.408,0.349,0.497,0.355,0.331,0.346,0.345,0.37,0.343,0.345,0.366,0.335,0.473,0.489,0.34,0.472,0.449,0.326,0.353,0.463,0.252,0.275,0.275
576,0.323,0.479,0.351,0.345,0.354,0.461,0.351,0.339,0.322,0.431,0.331,0.337,0.33,0.417,0.405,0.344,0.494,0.35,0.326,0.342,0.34,0.365,0.338,0.34,0.36,0.33,0.47,0.486,0.336,0.47,0.446,0.321,0.347,0.46,0.248,0.271,0.271
577,0.316,0.475,0.344,0.339,0.348,0.457,0.344,0.333,0.316,0.428,0.324,0.33,0.324,0.414,0.402,0.337,0.49,0.343,0.32,0.335,0.334,0.358,0.332,0.334,0.353,0.324,0.466,0.483,0.329,0.467,0.443,0.315,0.341,0.457,0.244,0.266,0.266
578,0.31,0.47,0.337,0.331,0.341,0.453,0.337,0.326,0.31,0.424,0.318,0.323,0.317,0.411,0.398,0.33,0.486,0.336,0.313,0.328,0.327,0.35,0.325,0.326,0.346,0.317,0.462,0.479,0.323,0.464,0.439,0.308,0.334,0.453,0.239,0.261,0.26
579,0.302,0.465,0.329,0.323,0.333,0.449,0.329,0.318,0.302,0.419,0.31,0.315,0.309,0.407,0.394,0.322,0.481,0.328,0.306,0.32,0.319,0.342,0.317,0.319,0.338,0.31,0.457,0.475,0.315,0.46,0.435,0.301,0.326,0.449,0.233,0.255,0.254
580,0.297,0.462,0.323,0.318,0.328,0.445,0.324,0.313,0.297,0.415,0.305,0.31,0.304,0.405,0.391,0.317,0.477,0.323,0.3,0.314,0.314,0.336,0.312,0.313,0.332,0.304,0.453,0.472,0.31,0.457,0.432,0.296,0.32,0.446,0.23,0.25,0.25
581,0.289,0.457,0.315,0.31,0.32,0.441,0.316,0.305,0.29,0.411,0.297,0.302,0.297,0.401,0.386,0.309,0.472,0.315,0.293,0.306,0.306,0.328,0.304,0.305,0.323,0.297,0.448,0.467,0.302,0.453,0.428,0.289,0.312,0.441,0.224,0.244,0.244
582,0.283,0.452,0.308,0.303,0.313,0.437,0.309,0.299,0.284,0.406,0.291,0.296,0.29,0.398,0.382,0.302,0.468,0.308,0.287,0.3,0.299,0.321,0.298,0.299,0.317,0.29,0.444,0.463,0.296,0.449,0.424,0.282,0.306,0.437,0.22,0.239,0.239
583,0.278,0.448,0.302,0.297,0.307,0.433,0.303,0.293,0.278,0.403,0.285,0.29,0.285,0.395,0.379,0.296,0.464,0.302,0.281,0.294,0.293,0.315,0.292,0.293,0.31,0.285,0.44,0.46,0.29,0.446,0.421,0.277,0.3,0.434,0.216,0.235,0.234
584,0.274,0.445,0.297,0.293,0.303,0.43,0.299,0.289,0.274,0.4,0.281,0.286,0.281,0.392,0.376,0.292,0.461,0.298,0.277,0.29,0.289,0.311,0.288,0.289,0.306,0.281,0.437,0.457,0.286,0.443,0.419,0.273,0.295,0.431,0.213,0.232,0.231
585,0.267,0.44,0.29,0.286,0.296,0.426,0.292,0.282,0.268,0.396,0.274,0.279,0.274,0.389,0.372,0.285,0.456,0.291,0.271,0.283,0.283,0.303,0.281,0.282,0.298,0.274,0.432,0.453,0.28,0.439,0.414,0.266,0.288,0.427,0.208,0.226,0.226
586,0.26,0.435,0.283,0.278,0.289,0.421,0.285,0.275,0.261,0.391,0.267,0.272,0.267,0.385,0.367,0.278,0.451,0.283,0.264,0.275,0.275,0.295,0.274,0.275,0.291,0.267,0.427,0.448,0.273,0.435,0.41,0.26,0.281,0.422,0.203,0.221,0.22
587,0.254,0.43,0.276,0.272,0.282,0.416,0.278,0.268,0.255,0.386,0.261,0.266,0.261,0.381,0.363,0.272,0.446,0.277,0.258,0.269,0.269,0.289,0.267,0.268,0.284,0.261,0.422,0.444,0.267,0.431,0.406,0.253,0.275,0.418,0.199,0.216,0.215
588,0.249,0.426,0.27,0.266,0.277,0.412,0.273,0.263,0.25,0.382,0.256,0.26,0.256,0.378,0.36,0.266,0.442,0.271,0.253,0.263,0.264,0.283,0.262,0.263,0.278,0.256,0.418,0.44,0.261,0.427,0.402,0.248,0.269,0.414,0.195,0.212,0.211
589,0.246,0.423,0.266,0.263,0.273,0.41,0.269,0.259,0.247,0.38,0.252,0.257,0.252,0.376,0.357,0.263,0.439,0.267,0.249,0.26,0.26,0.279,0.259,0.259,0.274,0.252,0.415,0.437,0.258,0.425,0.4,0.245,0.266,0.412,0.192,0.209,0.208
590,0.24,0.418,0.261,0.257,0.267,0.406,0.263,0.254,0.241,0.376,0.247,0.251,0.247,0.372,0.354,0.257,0.435,0.262,0.244,0.254,0.255,0.273,0.253,0.254,0.269,0.247,0.411,0.433,0.253,0.421,0.396,0.24,0.26,0.408,0.189,0.205,0.204
591,0.235,0.414,0.255,0.251,0.261,0.401,0.258,0.248,0.236,0.372,0.241,0.246,0.241,0.368,0.35,0.251,0.43,0.256,0.238,0.248,0.249,0.267,0.247,0.248,0.262,0.241,0.406,0.429,0.247,0.417,0.392,0.234,0.254,0.404,0.184,0.2,0.199
592,0.229,0.409,0.248,0.245,0.255,0.397,0.252,0.242,0.23,0.367,0.236,0.24,0.235,0.365,0.345,0.245,0.425,0.25,0.233,0.242,0.243,0.261,0.241,0.242,0.256,0.236,0.401,0.424,0.241,0.413,0.388,0.229,0.248,0.399,0.18,0.196,0.195
593,0.226,0.406,0.245,0.241,0.252,0.394,0.248,0.239,0.227,0.364,0.232,0.236,0.232,0.362,0.343,0.241,0.422,0.246,0.229,0.239,0.239,0.257,0.238,0.239,0.252,0.232,0.398,0.421,0.238,0.411,0.385,0.225,0.244,0.397,0.178,0.193,0.192
594,0.221,0.402,0.239,0.236,0.247,0.39,0.243,0.234,0.222,0.36,0.228,0.232,0.227,0.359,0.339,0.237,0.418,0.241,0.225,0.234,0.234,0.252,0.233,0.234,0.247,0.227,0.394,0.418,0.233,0.407,0.382,0.221,0.239,0.393,0.175,0.189,0.188
595,0.217,0.398,0.235,0.232,0.242,0.386,0.238,0.23,0.218,0.357,0.223,0.227,0.223,0.356,0.336,0.232,0.414,0.237,0.221,0.229,0.23,0.247,0.229,0.23,0.242,0.223,0.39,0.414,0.229,0.404,0.378,0.217,0.235,0.39,0.171,0.186,0.185
596,0.213,0.393,0.23,0.227,0.237,0.382,0.234,0.225,0.214,0.353,0.219,0.223,0.219,0.353,0.333,0.228,0.41,0.232,0.216,0.225,0.226,0.242,0.224,0.225,0.237,0.219,0.386,0.41,0.224,0.4,0.375,0.212,0.23,0.386,0.168,0.182,0.181
597,0.21,0.391,0.227,0.224,0.234,0.38,0.23,0.222,0.211,0.351,0.216,0.219,0.216,0.35,0.33,0.224,0.407,0.229,0.213,0.221,0.222,0.239,0.221,0.222,0.234,0.216,0.383,0.407,0.221,0.398,0.372,0.209,0.227,0.383,0.166,0.18,0.179
598,0.205,0.386,0.222,0.219,0.229,0.376,0.226,0.217,0.206,0.347,0.211,0.215,0.211,0.347,0.327,0.22,0.403,0.224,0.209,0.217,0.218,0.234,0.217,0.217,0.229,0.211,0.379,0.403,0.217,0.394,0.368,0.205,0.222,0.379,0.163,0.176,0.175
599,0.201,0.382,0.217,0.214,0.225,0.372,0.221,0.213,0.202,0.343,0.207,0.21,0.207,0.344,0.323,0.215,0.399,0.219,0.205,0.212,0.213,0.229,0.212,0.213,0.225,0.207,0.375,0.399,0.212,0.39,0.365,0.201,0.218,0.376,0.16,0.173,0.172
600,0.197,0.378,0.213,0.21,0.221,0.368,0.217,0.209,0.199,0.34,0.203,0.207,0.203,0.341,0.32,0.211,0.395,0.215,0.201,0.208,0.209,0.225,0.208,0.209,0.22,0.203,0.371,0.396,0.209,0.387,0.361,0.197,0.214,0.372,0.157,0.17,0.169
601,0.193,0.374,0.209,0.206,0.216,0.364,0.213,0.205,0.195,0.336,0.199,0.202,0.199,0.338,0.317,0.207,0.39,0.211,0.197,0.204,0.205,0.22,0.204,0.205,0.216,0.199,0.367,0.392,0.204,0.383,0.358,0.193,0.209,0.368,0.154,0.166,0.165
602,0.19,0.371,0.205,0.203,0.213,0.361,0.209,0.202,0.192,0.333,0.196,0.199,0.196,0.335,0.314,0.204,0.387,0.208,0.194,0.201,0.202,0.217,0.201,0.201,0.212,0.196,0.364,0.389,0.201,0.38,0.355,0.19,0.206,0.365,0.152,0.164,0.163
603,0.186,0.366,0.201,0.198,0.208,0.357,0.205,0.197,0.187,0.329,0.192,0.195,0.191,0.331,0.31,0.199,0.383,0.203,0.189,0.196,0.198,0.212,0.196,0.197,0.207,0.192,0.36,0.385,0.197,0.376,0.351,0.186,0.201,0.361,0.149,0.161,0.16
604,0.182,0.362,0.197,0.194,0.204,0.353,0.201,0.193,0.184,0.326,0.188,0.191,0.188,0.328,0.307,0.195,0.379,0.199,0.186,0.192,0.194,0.208,0.193,0.193,0.203,0.188,0.356,0.381,0.193,0.373,0.347,0.182,0.197,0.358,0.146,0.158,0.157
605,0.179,0.359,0.193,0.191,0.201,0.35,0.198,0.19,0.181,0.323,0.185,0.188,0.185,0.325,0.304,0.192,0.375,0.196,0.183,0.189,0.191,0.204,0.189,0.19,0.2,0.185,0.352,0.378,0.19,0.37,0.344,0.179,0.194,0.355,0.144,0.155,0.154
606,0.177,0.357,0.191,0.189,0.199,0.348,0.196,0.188,0.179,0.321,0.183,0.186,0.183,0.324,0.302,0.19,0.373,0.194,0.181,0.187,0.189,0.202,0.188,0.188,0.198,0.183,0.35,0.376,0.188,0.368,0.342,0.177,0.192,0.353,0.142,0.154,0.153
607,0.174,0.353,0.188,0.185,0.196,0.345,0.192,0.185,0.176,0.318,0.18,0.183,0.18,0.321,0.299,0.187,0.37,0.191,0.178,0.184,0.186,0.199,0.185,0.185,0.195,0.18,0.347,0.372,0.185,0.365,0.34,0.175,0.189,0.35,0.14,0.151,0.15
608,0.171,0.35,0.184,0.182,0.192,0.341,0.189,0.182,0.173,0.314,0.176,0.179,0.176,0.318,0.296,0.183,0.366,0.187,0.174,0.18,0.182,0.195,0.181,0.181,0.191,0.176,0.343,0.369,0.182,0.361,0.336,0.171,0.185,0.346,0.138,0.148,0.147
609,0.167,0.345,0.18,0.178,0.188,0.337,0.185,0.178,0.169,0.311,0.172,0.175,0.172,0.314,0.293,0.179,0.362,0.183,0.171,0.176,0.178,0.191,0.177,0.177,0.187,0.172,0.339,0.364,0.178,0.357,0.332,0.168,0.181,0.343,0.135,0.145,0.144
610,0.164,0.342,0.177,0.174,0.184,0.334,0.181,0.174,0.166,0.307,0.169,0.172,0.169,0.311,0.29,0.176,0.358,0.179,0.168,0.173,0.175,0.187,0.174,0.174,0.183,0.169,0.336,0.361,0.174,0.354,0.329,0.164,0.178,0.339,0.133,0.143,0.142
611,0.162,0.339,0.175,0.172,0.182,0.332,0.179,0.172,0.164,0.305,0.167,0.17,0.167,0.31,0.288,0.174,0.356,0.177,0.166,0.171,0.173,0.185,0.172,0.172,0.181,0.167,0.333,0.359,0.173,0.352,0.327,0.163,0.176,0.337,0.131,0.141,0.14
612,0.16,0.336,0.172,0.17,0.179,0.329,0.176,0.17,0.162,0.303,0.165,0.168,0.165,0.307,0.285,0.171,0.353,0.175,0.163,0.169,0.17,0.182,0.169,0.17,0.178,0.165,0.33,0.356,0.17,0.349,0.324,0.16,0.173,0.334,0.13,0.139,0.138
613,0.157,0.333,0.169,0.167,0.176,0.326,0.173,0.167,0.159,0.3,0.162,0.165,0.162,0.304,0.282,0.168,0.349,0.172,0.16,0.166,0.167,0.179,0.167,0.167,0.175,0.162,0.327,0.352,0.167,0.346,0.321,0.157,0.17,0.331,0.128,0.137,0.136
614,0.154,0.329,0.165,0.163,0.173,0.322,0.17,0.164,0.156,0.296,0.159,0.162,0.159,0.301,0.279,0.165,0.345,0.168,0.157,0.162,0.164,0.175,0.163,0.163,0.172,0.159,0.323,0.348,0.164,0.343,0.317,0.154,0.167,0.328,0.125,0.134,0.133
615,0.152,0.326,0.163,0.161,0.17,0.319,0.168,0.161,0.154,0.294,0.157,0.159,0.157,0.299,0.277,0.163,0.343,0.166,0.155,0.16,0.162,0.173,0.161,0.161,0.169,0.157,0.32,0.346,0.162,0.34,0.315,0.152,0.164,0.325,0.124,0.133,0.132
616,0.149,0.323,0.16,0.158,0.167,0.316,0.165,0.159,0.151,0.291,0.154,0.156,0.154,0.296,0.274,0.16,0.339,0.163,0.152,0.157,0.159,0.17,0.158,0.158,0.166,0.154,0.317,0.343,0.159,0.337,0.312,0.149,0.161,0.322,0.122,0.131,0.129
617,0.146,0.32,0.157,0.155,0.165,0.313,0.162,0.156,0.148,0.288,0.151,0.154,0.151,0.293,0.271,0.157,0.336,0.16,0.15,0.154,0.156,0.167,0.156,0.156,0.163,0.151,0.314,0.34,0.156,0.334,0.309,0.147,0.159,0.319,0.12,0.129,0.128
618,0.144,0.317,0.155,0.153,0.162,0.31,0.16,0.154,0.146,0.285,0.149,0.152,0.149,0.291,0.269,0.155,0.333,0.158,0.148,0.152,0.154,0.165,0.153,0.153,0.161,0.149,0.311,0.337,0.154,0.331,0.306,0.145,0.156,0.316,0.118,0.127,0.126
619,0.142,0.314,0.152,0.15,0.159,0.307,0.157,0.151,0.144,0.282,0.146,0.149,0.146,0.288,0.266,0.152,0.33,0.155,0.145,0.149,0.151,0.162,0.151,0.151,0.158,0.146,0.308,0.333,0.151,0.328,0.303,0.142,0.154,0.313,0.116,0.125,0.124
620,0.14,0.311,0.15,0.148,0.158,0.305,0.155,0.149,0.142,0.28,0.145,0.147,0.145,0.286,0.264,0.15,0.327,0.153,0.143,0.147,0.149,0.16,0.149,0.149,0.156,0.145,0.306,0.331,0.15,0.326,0.301,0.141,0.152,0.311,0.115,0.123,0.122
621,0.138,0.308,0.147,0.145,0.155,0.302,0.152,0.146,0.14,0.277,0.142,0.145,0.142,0.283,0.261,0.147,0.324,0.15,0.141,0.145,0.147,0.157,0.146,0.146,0.153,0.142,0.302,0.328,0.147,0.323,0.298,0.138,0.149,0.308,0.113,0.121,0.12
622,0.135,0.305,0.145,0.143,0.152,0.299,0.15,0.144,0.137,0.275,0.14,0.142,0.14,0.281,0.259,0.145,0.32,0.148,0.139,0.142,0.144,0.154,0.144,0.144,0.151,0.14,0.299,0.325,0.145,0.32,0.295,0.136,0.146,0.305,0.111,0.119,0.118
623,0.133,0.302,0.143,0.141,0.15,0.296,0.147,0.142,0.135,0.272,0.138,0.14,0.138,0.278,0.256,0.143,0.318,0.146,0.137,0.14,0.142,0.152,0.142,0.142,0.148,0.138,0.297,0.322,0.143,0.317,0.293,0.134,0.144,0.302,0.11,0.118,0.117
624,0.131,0.299,0.141,0.139,0.148,0.293,0.145,0.14,0.133,0.27,0.136,0.138,0.136,0.276,0.254,0.141,0.315,0.144,0.135,0.138,0.14,0.15,0.14,0.14,0.146,0.136,0.294,0.319,0.141,0.314,0.29,0.132,0.142,0.3,0.108,0.116,0.115
625,0.13,0.297,0.139,0.137,0.146,0.291,0.144,0.138,0.132,0.268,0.134,0.137,0.134,0.274,0.252,0.139,0.313,0.142,0.133,0.137,0.139,0.148,0.138,0.138,0.144,0.134,0.292,0.317,0.139,0.313,0.288,0.13,0.141,0.298,0.107,0.115,0.114
626,0.128,0.294,0.137,0.135,0.144,0.288,0.141,0.136,0.13,0.265,0.132,0.134,0.132,0.272,0.25,0.137,0.31,0.14,0.131,0.134,0.136,0.146,0.136,0.136,0.142,0.132,0.289,0.314,0.137,0.31,0.285,0.128,0.138,0.295,0.106,0.113,0.112
627,0.126,0.291,0.134,0.133,0.141,0.286,0.139,0.134,0.128,0.263,0.13,0.132,0.13,0.269,0.247,0.135,0.307,0.138,0.129,0.132,0.134,0.143,0.134,0.134,0.14,0.13,0.286,0.311,0.135,0.307,0.283,0.126,0.136,0.292,0.104,0.112,0.111
628,0.124,0.289,0.133,0.131,0.14,0.283,0.137,0.132,0.126,0.261,0.128,0.131,0.128,0.267,0.245,0.133,0.304,0.136,0.127,0.131,0.133,0.142,0.132,0.132,0.138,0.128,0.284,0.308,0.133,0.305,0.281,0.125,0.134,0.29,0.103,0.11,0.109
629,0.123,0.287,0.131,0.13,0.138,0.282,0.136,0.131,0.125,0.259,0.127,0.13,0.127,0.266,0.244,0.132,0.303,0.135,0.126,0.13,0.132,0.141,0.131,0.131,0.137,0.127,0.282,0.307,0.132,0.303,0.279,0.124,0.133,0.288,0.102,0.109,0.108
630,0.121,0.285,0.13,0.128,0.137,0.28,0.134,0.13,0.124,0.257,0.126,0.128,0.126,0.264,0.242,0.13,0.3,0.133,0.125,0.128,0.13,0.139,0.129,0.129,0.135,0.125,0.28,0.304,0.13,0.301,0.277,0.122,0.131,0.286,0.101,0.108,0.107
631,0.12,0.282,0.128,0.126,0.135,0.277,0.132,0.128,0.122,0.255,0.124,0.126,0.124,0.261,0.24,0.128,0.297,0.131,0.123,0.126,0.128,0.136,0.128,0.127,0.133,0.124,0.277,0.302,0.128,0.298,0.274,0.12,0.129,0.283,0.1,0.107,0.106
632,0.117,0.279,0.125,0.124,0.132,0.274,0.13,0.126,0.12,0.252,0.122,0.124,0.122,0.259,0.237,0.126,0.294,0.129,0.121,0.124,0.126,0.134,0.125,0.125,0.131,0.122,0.274,0.298,0.126,0.295,0.271,0.118,0.127,0.281,0.098,0.105,0.104
633,0.116,0.276,0.124,0.122,0.13,0.272,0.128,0.124,0.118,0.25,0.12,0.122,0.12,0.257,0.235,0.124,0.291,0.127,0.119,0.122,0.124,0.132,0.124,0.124,0.129,0.12,0.272,0.296,0.124,0.293,0.269,0.117,0.125,0.278,0.097,0.104,0.103
634,0.115,0.275,0.122,0.121,0.129,0.27,0.127,0.123,0.117,0.248,0.119,0.121,0.119,0.255,0.234,0.123,0.29,0.126,0.118,0.121,0.123,0.131,0.123,0.122,0.128,0.119,0.27,0.294,0.123,0.291,0.268,0.116,0.124,0.277,0.096,0.103,0.102
635,0.114,0.273,0.121,0.119,0.128,0.268,0.126,0.121,0.116,0.246,0.117,0.12,0.117,0.253,0.232,0.122,0.288,0.124,0.117,0.119,0.122,0.13,0.121,0.121,0.126,0.117,0.268,0.292,0.122,0.289,0.266,0.114,0.123,0.275,0.095,0.102,0.101
636,0.112,0.27,0.119,0.118,0.126,0.266,0.124,0.12,0.114,0.244,0.116,0.118,0.116,0.251,0.23,0.12,0.285,0.123,0.115,0.118,0.12,0.128,0.12,0.119,0.125,0.116,0.266,0.289,0.12,0.287,0.263,0.113,0.121,0.272,0.094,0.1,0.1
637,0.11,0.268,0.117,0.116,0.124,0.263,0.122,0.118,0.113,0.242,0.114,0.116,0.114,0.249,0.228,0.118,0.283,0.121,0.114,0.116,0.118,0.126,0.118,0.118,0.123,0.114,0.263,0.287,0.119,0.284,0.261,0.111,0.119,0.27,0.093,0.099,0.098
638,0.109,0.265,0.116,0.114,0.122,0.261,0.12,0.116,0.111,0.24,0.113,0.115,0.113,0.247,0.226,0.116,0.28,0.119,0.112,0.114,0.117,0.124,0.116,0.116,0.121,0.112,0.261,0.284,0.117,0.282,0.259,0.11,0.117,0.268,0.092,0.098,0.097
639,0.108,0.263,0.115,0.113,0.121,0.259,0.119,0.115,0.11,0.238,0.112,0.114,0.112,0.246,0.224,0.115,0.278,0.118,0.111,0.113,0.115,0.123,0.115,0.115,0.12,0.111,0.259,0.283,0.116,0.28,0.257,0.109,0.116,0.266,0.091,0.097,0.096
640,0.107,0.261,0.113,0.112,0.12,0.257,0.118,0.114,0.109,0.236,0.11,0.112,0.11,0.244,0.223,0.114,0.276,0.117,0.11,0.112,0.114,0.122,0.114,0.114,0.118,0.11,0.257,0.281,0.115,0.278,0.255,0.108,0.115,0.264,0.09,0.096,0.095
641,0.105,0.259,0.112,0.11,0.118,0.255,0.117,0.113,0.107,0.235,0.109,0.111,0.109,0.242,0.221,0.113,0.274,0.115,0.108,0.111,0.113,0.12,0.113,0.112,0.117,0.109,0.255,0.278,0.113,0.276,0.253,0.106,0.114,0.262,0.089,0.095,0.094
642,0.104,0.257,0.111,0.109,0.117,0.253,0.115,0.111,0.106,0.233,0.108,0.11,0.108,0.24,0.219,0.111,0.272,0.114,0.107,0.109,0.111,0.118,0.111,0.111,0.116,0.107,0.253,0.276,0.112,0.274,0.251,0.105,0.112,0.26,0.088,0.094,0.093
643,0.102,0.255,0.109,0.107,0.115,0.251,0.113,0.11,0.105,0.231,0.106,0.108,0.106,0.238,0.217,0.11,0.269,0.112,0.106,0.108,0.11,0.117,0.11,0.109,0.114,0.106,0.25,0.274,0.11,0.271,0.249,0.104,0.111,0.258,0.087,0.093,0.092
644,0.101,0.252,0.107,0.106,0.114,0.248,0.112,0.108,0.103,0.229,0.105,0.107,0.105,0.236,0.215,0.108,0.267,0.111,0.104,0.106,0.108,0.115,0.108,0.108,0.112,0.105,0.248,0.271,0.109,0.269,0.247,0.102,0.109,0.255,0.086,0.091,0.091
645,0.1,0.251,0.107,0.105,0.113,0.247,0.111,0.107,0.102,0.227,0.104,0.106,0.104,0.235,0.214,0.107,0.265,0.11,0.103,0.105,0.108,0.114,0.107,0.107,0.111,0.104,0.247,0.27,0.108,0.268,0.245,0.101,0.108,0.254,0.085,0.091,0.09
646,0.099,0.249,0.105,0.104,0.112,0.245,0.11,0.106,0.101,0.226,0.103,0.105,0.103,0.233,0.212,0.106,0.263,0.109,0.102,0.104,0.106,0.113,0.106,0.106,0.11,0.102,0.245,0.268,0.107,0.266,0.243,0.1,0.107,0.252,0.085,0.09,0.089
647,0.098,0.247,0.104,0.102,0.11,0.243,0.109,0.105,0.1,0.224,0.102,0.103,0.102,0.231,0.21,0.105,0.261,0.107,0.101,0.103,0.105,0.112,0.105,0.105,0.109,0.101,0.243,0.266,0.106,0.264,0.242,0.099,0.106,0.25,0.084,0.089,0.088
648,0.097,0.245,0.103,0.101,0.109,0.241,0.107,0.104,0.099,0.222,0.1,0.102,0.1,0.23,0.209,0.103,0.259,0.106,0.1,0.102,0.104,0.11,0.104,0.103,0.108,0.1,0.241,0.264,0.105,0.262,0.24,0.098,0.104,0.248,0.083,0.088,0.087
649,0.096,0.243,0.101,0.1,0.107,0.239,0.106,0.102,0.098,0.22,0.099,0.101,0.099,0.228,0.207,0.102,0.257,0.105,0.099,0.1,0.102,0.109,0.102,0.102,0.106,0.099,0.239,0.261,0.103,0.26,0.238,0.097,0.103,0.246,0.082,0.087,0.086
650,0.095,0.241,0.101,0.099,0.107,0.238,0.105,0.102,0.097,0.219,0.098,0.1,0.098,0.226,0.206,0.101,0.256,0.104,0.098,0.1,0.102,0.108,0.102,0.101,0.105,0.098,0.237,0.26,0.102,0.258,0.236,0.096,0.102,0.245,0.081,0.086,0.086
651,0.094,0.24,0.1,0.098,0.106,0.236,0.104,0.101,0.096,0.217,0.097,0.099,0.097,0.225,0.204,0.1,0.254,0.103,0.097,0.099,0.101,0.107,0.101,0.1,0.104,0.097,0.236,0.258,0.101,0.257,0.235,0.095,0.101,0.243,0.081,0.086,0.085
652,0.093,0.238,0.099,0.097,0.104,0.234,0.103,0.1,0.095,0.216,0.096,0.098,0.096,0.223,0.203,0.099,0.252,0.102,0.096,0.098,0.1,0.106,0.1,0.099,0.103,0.096,0.234,0.256,0.1,0.255,0.233,0.094,0.1,0.241,0.08,0.085,0.084
653,0.092,0.236,0.098,0.096,0.103,0.233,0.102,0.099,0.094,0.215,0.095,0.097,0.095,0.222,0.202,0.098,0.25,0.101,0.095,0.097,0.099,0.105,0.099,0.099,0.102,0.095,0.233,0.255,0.1,0.253,0.232,0.094,0.099,0.24,0.079,0.084,0.083
654,0.091,0.234,0.096,0.095,0.102,0.231,0.101,0.098,0.093,0.213,0.094,0.096,0.094,0.22,0.2,0.097,0.248,0.1,0.094,0.096,0.098,0.104,0.098,0.097,0.101,0.094,0.231,0.252,0.098,0.251,0.23,0.092,0.098,0.238,0.079,0.083,0.083
655,0.09,0.233,0.096,0.094,0.101,0.229,0.1,0.097,0.092,0.211,0.094,0.095,0.094,0.219,0.199,0.096,0.247,0.099,0.093,0.095,0.097,0.103,0.097,0.097,0.1,0.093,0.229,0.251,0.098,0.25,0.228,0.092,0.097,0.237,0.078,0.083,0.082
656,0.089,0.231,0.095,0.093,0.1,0.228,0.099,0.096,0.091,0.21,0.092,0.094,0.092,0.217,0.197,0.095,0.245,0.098,0.092,0.094,0.096,0.102,0.096,0.096,0.099,0.092,0.227,0.249,0.096,0.248,0.227,0.091,0.096,0.235,0.077,0.082,0.081
657,0.088,0.229,0.094,0.092,0.099,0.226,0.098,0.095,0.09,0.208,0.092,0.093,0.091,0.216,0.196,0.094,0.243,0.097,0.091,0.093,0.095,0.101,0.095,0.095,0.098,0.091,0.226,0.247,0.096,0.246,0.225,0.09,0.095,0.233,0.077,0.081,0.081
658,0.088,0.228,0.093,0.091,0.098,0.224,0.097,0.094,0.09,0.207,0.091,0.092,0.091,0.215,0.194,0.093,0.242,0.096,0.09,0.092,0.094,0.1,0.094,0.094,0.097,0.091,0.224,0.246,0.095,0.245,0.224,0.089,0.094,0.232,0.076,0.081,0.08
659,0.087,0.226,0.092,0.09,0.097,0.223,0.096,0.093,0.089,0.205,0.09,0.092,0.09,0.213,0.193,0.092,0.24,0.095,0.089,0.091,0.093,0.099,0.093,0.093,0.096,0.09,0.223,0.244,0.094,0.243,0.222,0.088,0.093,0.23,0.075,0.08,0.079
660,0.086,0.225,0.091,0.089,0.096,0.221,0.095,0.092,0.088,0.204,0.089,0.091,0.089,0.212,0.192,0.091,0.238,0.094,0.089,0.09,0.092,0.098,0.092,0.092,0.095,0.089,0.221,0.242,0.093,0.241,0.22,0.087,0.092,0.228,0.075,0.079,0.079
661,0.085,0.223,0.09,0.089,0.096,0.22,0.094,0.092,0.087,0.203,0.088,0.09,0.088,0.21,0.191,0.091,0.237,0.093,0.088,0.09,0.092,0.097,0.092,0.091,0.095,0.088,0.22,0.241,0.092,0.24,0.219,0.087,0.092,0.227,0.074,0.079,0.078
662,0.085,0.222,0.089,0.088,0.095,0.219,0.093,0.091,0.087,0.202,0.088,0.089,0.088,0.209,0.19,0.09,0.235,0.092,0.087,0.089,0.091,0.096,0.091,0.09,0.094,0.087,0.218,0.239,0.091,0.239,0.218,0.086,0.091,0.226,0.074,0.078,0.077
663,0.084,0.221,0.089,0.087,0.094,0.217,0.093,0.09,0.086,0.201,0.087,0.088,0.087,0.208,0.188,0.089,0.234,0.092,0.087,0.088,0.09,0.095,0.09,0.09,0.093,0.087,0.217,0.238,0.091,0.237,0.216,0.085,0.09,0.225,0.073,0.077,0.077
664,0.083,0.219,0.088,0.086,0.093,0.216,0.092,0.089,0.085,0.199,0.086,0.088,0.086,0.207,0.187,0.088,0.232,0.091,0.086,0.087,0.089,0.095,0.089,0.089,0.092,0.086,0.216,0.236,0.09,0.236,0.215,0.085,0.089,0.223,0.073,0.077,0.076
665,0.082,0.218,0.087,0.086,0.092,0.214,0.091,0.088,0.084,0.198,0.085,0.087,0.085,0.205,0.186,0.087,0.231,0.09,0.085,0.086,0.088,0.094,0.088,0.088,0.091,0.085,0.214,0.234,0.089,0.234,0.213,0.084,0.088,0.221,0.072,0.076,0.076
666,0.082,0.216,0.086,0.085,0.091,0.212,0.09,0.087,0.083,0.196,0.084,0.086,0.084,0.204,0.184,0.086,0.229,0.089,0.084,0.086,0.087,0.092,0.087,0.087,0.09,0.084,0.212,0.233,0.088,0.232,0.212,0.083,0.087,0.22,0.071,0.075,0.075
667,0.081,0.215,0.086,0.084,0.091,0.211,0.089,0.087,0.083,0.195,0.084,0.085,0.084,0.203,0.183,0.086,0.228,0.088,0.084,0.085,0.087,0.092,0.087,0.087,0.09,0.083,0.211,0.231,0.087,0.231,0.211,0.083,0.087,0.218,0.071,0.075,0.074
668,0.08,0.213,0.085,0.083,0.09,0.21,0.088,0.086,0.082,0.194,0.083,0.085,0.083,0.201,0.182,0.085,0.226,0.087,0.083,0.084,0.086,0.091,0.086,0.086,0.089,0.083,0.21,0.23,0.087,0.23,0.209,0.082,0.086,0.217,0.071,0.074,0.074
669,0.08,0.212,0.084,0.083,0.089,0.209,0.088,0.086,0.082,0.193,0.082,0.084,0.082,0.2,0.181,0.085,0.225,0.087,0.082,0.084,0.085,0.09,0.086,0.085,0.088,0.082,0.209,0.229,0.086,0.228,0.208,0.081,0.085,0.216,0.07,0.074,0.073
670,0.079,0.21,0.083,0.082,0.088,0.207,0.087,0.085,0.081,0.192,0.082,0.083,0.082,0.199,0.18,0.084,0.223,0.086,0.082,0.083,0.085,0.089,0.085,0.085,0.087,0.081,0.207,0.227,0.086,0.227,0.207,0.081,0.085,0.215,0.07,0.073,0.073
671,0.078,0.209,0.083,0.081,0.087,0.206,0.086,0.084,0.08,0.19,0.081,0.082,0.081,0.198,0.178,0.083,0.222,0.085,0.081,0.082,0.084,0.089,0.084,0.084,0.087,0.081,0.206,0.225,0.085,0.225,0.205,0.08,0.084,0.213,0.069,0.072,0.072
672,0.078,0.207,0.082,0.08,0.087,0.204,0.085,0.083,0.08,0.189,0.08,0.082,0.08,0.196,0.177,0.082,0.22,0.085,0.08,0.081,0.083,0.088,0.083,0.083,0.086,0.08,0.204,0.224,0.084,0.224,0.204,0.079,0.083,0.211,0.069,0.072,0.072
673,0.077,0.206,0.081,0.08,0.086,0.203,0.085,0.083,0.079,0.188,0.08,0.081,0.08,0.195,0.176,0.082,0.219,0.084,0.08,0.081,0.083,0.087,0.083,0.082,0.085,0.079,0.203,0.223,0.083,0.223,0.203,0.079,0.082,0.21,0.068,0.072,0.071
674,0.077,0.205,0.081,0.079,0.086,0.202,0.084,0.082,0.078,0.187,0.079,0.081,0.079,0.194,0.175,0.081,0.218,0.083,0.079,0.08,0.082,0.087,0.082,0.082,0.085,0.079,0.202,0.221,0.083,0.222,0.202,0.078,0.082,0.209,0.068,0.071,0.071
675,0.076,0.204,0.08,0.079,0.085,0.201,0.084,0.082,0.078,0.186,0.079,0.08,0.079,0.193,0.174,0.081,0.217,0.083,0.079,0.08,0.081,0.086,0.082,0.081,0.084,0.078,0.201,0.22,0.082,0.22,0.201,0.078,0.081,0.208,0.067,0.071,0.07
676,0.075,0.203,0.079,0.078,0.084,0.2,0.083,0.081,0.077,0.185,0.078,0.08,0.078,0.192,0.173,0.08,0.215,0.082,0.078,0.079,0.081,0.085,0.081,0.081,0.083,0.078,0.2,0.219,0.082,0.219,0.199,0.077,0.08,0.207,0.067,0.07,0.07
677,0.075,0.201,0.079,0.077,0.083,0.198,0.082,0.08,0.076,0.184,0.077,0.079,0.077,0.191,0.172,0.079,0.214,0.081,0.077,0.078,0.08,0.085,0.08,0.08,0.083,0.077,0.198,0.217,0.081,0.217,0.198,0.077,0.08,0.205,0.067,0.07,0.069
678,0.074,0.2,0.078,0.077,0.083,0.197,0.081,0.08,0.076,0.183,0.077,0.078,0.077,0.189,0.171,0.078,0.212,0.081,0.077,0.078,0.079,0.084,0.08,0.079,0.082,0.076,0.197,0.216,0.08,0.216,0.196,0.076,0.079,0.204,0.066,0.069,0.069
679,0.074,0.199,0.077,0.076,0.082,0.196,0.081,0.079,0.075,0.181,0.076,0.077,0.076,0.188,0.17,0.078,0.211,0.08,0.076,0.077,0.079,0.083,0.079,0.079,0.081,0.076,0.196,0.214,0.08,0.215,0.195,0.075,0.078,0.203,0.066,0.069,0.069
680,0.073,0.198,0.077,0.076,0.082,0.195,0.08,0.079,0.075,0.181,0.076,0.077,0.076,0.188,0.169,0.077,0.21,0.08,0.076,0.077,0.079,0.083,0.079,0.078,0.081,0.075,0.195,0.214,0.079,0.214,0.195,0.075,0.078,0.202,0.065,0.068,0.068
681,0.073,0.197,0.077,0.075,0.081,0.194,0.08,0.078,0.074,0.18,0.075,0.077,0.075,0.187,0.169,0.077,0.209,0.079,0.075,0.076,0.078,0.082,0.078,0.078,0.081,0.075,0.194,0.212,0.079,0.213,0.194,0.075,0.077,0.201,0.065,0.068,0.068
682,0.072,0.196,0.076,0.075,0.081,0.193,0.079,0.078,0.074,0.179,0.075,0.076,0.075,0.186,0.168,0.076,0.208,0.079,0.075,0.076,0.077,0.082,0.078,0.077,0.08,0.074,0.193,0.211,0.078,0.212,0.192,0.074,0.077,0.2,0.065,0.068,0.067
683,0.072,0.195,0.075,0.074,0.08,0.191,0.079,0.077,0.073,0.178,0.074,0.075,0.074,0.184,0.166,0.076,0.206,0.078,0.074,0.075,0.077,0.081,0.077,0.077,0.079,0.074,0.192,0.21,0.078,0.21,0.191,0.074,0.076,0.199,0.064,0.067,0.067
684,0.071,0.193,0.075,0.074,0.079,0.19,0.078,0.077,0.073,0.177,0.074,0.075,0.073,0.183,0.166,0.075,0.205,0.077,0.074,0.075,0.076,0.08,0.077,0.076,0.079,0.073,0.19,0.208,0.077,0.209,0.19,0.073,0.076,0.197,0.064,0.067,0.067
685,0.071,0.192,0.074,0.073,0.079,0.189,0.077,0.076,0.072,0.176,0.073,0.074,0.073,0.182,0.165,0.075,0.204,0.077,0.073,0.074,0.076,0.08,0.076,0.076,0.078,0.073,0.189,0.207,0.076,0.208,0.189,0.073,0.075,0.196,0.064,0.066,0.066
686,0.07,0.191,0.074,0.073,0.078,0.188,0.077,0.076,0.072,0.175,0.073,0.074,0.073,0.181,0.164,0.074,0.203,0.076,0.073,0.074,0.075,0.079,0.075,0.075,0.078,0.072,0.188,0.206,0.076,0.207,0.188,0.072,0.075,0.195,0.063,0.066,0.066
687,0.07,0.191,0.074,0.072,0.078,0.187,0.077,0.075,0.072,0.174,0.072,0.074,0.072,0.181,0.163,0.074,0.202,0.076,0.072,0.073,0.075,0.079,0.075,0.075,0.077,0.072,0.188,0.205,0.076,0.206,0.187,0.072,0.074,0.195,0.063,0.066,0.066
688,0.07,0.189,0.073,0.072,0.077,0.186,0.076,0.075,0.071,0.173,0.072,0.073,0.072,0.18,0.162,0.073,0.201,0.075,0.072,0.073,0.074,0.078,0.075,0.074,0.077,0.071,0.186,0.204,0.075,0.205,0.186,0.071,0.074,0.193,0.063,0.065,0.065
689,0.069,0.188,0.073,0.071,0.077,0.185,0.075,0.074,0.071,0.172,0.071,0.073,0.071,0.179,0.161,0.073,0.2,0.075,0.071,0.072,0.074,0.078,0.074,0.074,0.076,0.071,0.185,0.203,0.075,0.204,0.185,0.071,0.073,0.192,0.062,0.065,0.065
690,0.069,0.187,0.072,0.071,0.076,0.184,0.075,0.074,0.07,0.171,0.071,0.072,0.071,0.178,0.16,0.072,0.199,0.074,0.071,0.072,0.073,0.077,0.074,0.073,0.076,0.07,0.184,0.201,0.074,0.203,0.184,0.071,0.073,0.191,0.062,0.065,0.065
691,0.068,0.186,0.072,0.07,0.076,0.183,0.075,0.073,0.07,0.17,0.07,0.072,0.07,0.177,0.16,0.072,0.198,0.074,0.07,0.072,0.073,0.077,0.073,0.073,0.075,0.07,0.183,0.201,0.074,0.202,0.183,0.07,0.072,0.19,0.062,0.064,0.064
692,0.068,0.185,0.071,0.07,0.075,0.182,0.074,0.073,0.069,0.17,0.07,0.071,0.07,0.176,0.159,0.071,0.197,0.073,0.07,0.071,0.072,0.076,0.073,0.072,0.075,0.07,0.182,0.199,0.073,0.201,0.182,0.07,0.072,0.189,0.062,0.064,0.064
693,0.068,0.184,0.071,0.069,0.075,0.181,0.074,0.073,0.069,0.169,0.07,0.071,0.07,0.175,0.158,0.071,0.196,0.073,0.07,0.071,0.072,0.076,0.072,0.072,0.075,0.069,0.181,0.198,0.073,0.199,0.181,0.07,0.071,0.188,0.061,0.063,0.064
694,0.067,0.183,0.07,0.069,0.074,0.18,0.073,0.072,0.069,0.168,0.069,0.07,0.069,0.174,0.157,0.07,0.194,0.072,0.069,0.07,0.071,0.075,0.072,0.071,0.074,0.069,0.18,0.197,0.072,0.198,0.18,0.069,0.071,0.187,0.061,0.063,0.063
695,0.067,0.182,0.07,0.069,0.074,0.179,0.073,0.072,0.068,0.167,0.069,0.07,0.069,0.173,0.156,0.07,0.193,0.072,0.069,0.07,0.071,0.075,0.071,0.071,0.074,0.068,0.179,0.196,0.072,0.197,0.179,0.069,0.07,0.186,0.061,0.063,0.063
696,0.067,0.181,0.07,0.068,0.074,0.178,0.072,0.071,0.068,0.166,0.069,0.07,0.068,0.172,0.156,0.07,0.192,0.072,0.069,0.07,0.071,0.074,0.071,0.071,0.073,0.068,0.178,0.195,0.072,0.196,0.178,0.069,0.07,0.185,0.06,0.063,0.063
697,0.066,0.181,0.07,0.068,0.073,0.177,0.072,0.071,0.068,0.165,0.068,0.069,0.068,0.172,0.155,0.069,0.192,0.071,0.068,0.069,0.07,0.074,0.071,0.07,0.073,0.068,0.178,0.194,0.071,0.196,0.177,0.068,0.07,0.184,0.06,0.062,0.063
698,0.066,0.18,0.069,0.068,0.073,0.177,0.072,0.071,0.067,0.165,0.068,0.069,0.068,0.171,0.154,0.069,0.191,0.071,0.068,0.069,0.07,0.074,0.07,0.07,0.073,0.067,0.177,0.193,0.071,0.195,0.176,0.068,0.069,0.184,0.06,0.062,0.062
699,0.066,0.179,0.069,0.067,0.073,0.176,0.071,0.07,0.067,0.164,0.067,0.069,0.068,0.17,0.154,0.069,0.19,0.071,0.068,0.069,0.07,0.073,0.07,0.07,0.072,0.067,0.176,0.192,0.071,0.194,0.176,0.068,0.069,0.183,0.06,0.062,0.062
700,0.065,0.178,0.069,0.067,0.072,0.175,0.071,0.07,0.067,0.163,0.067,0.068,0.067,0.169,0.153,0.068,0.189,0.07,0.067,0.068,0.07,0.073,0.07,0.07,0.072,0.067,0.175,0.191,0.07,0.193,0.175,0.067,0.069,0.182,0.06,0.062,0.062
