Wavelength,I1,I2,I3,I4,I5,I6,J1,J2,J3,J4,J5,J6,K1,K2,K3,K4,K5,K6,L1,L2,L3,L4,L5,L6,M1,M2,M3,M4,M5,M6,N1,N2,N3,I13,I14,I15,I16,I17,I18,J13,J14,J15,J16,J17,J18,K13,K14,K15,K16,K17,K18,L13,L14,L15,L16,L17,L18,M13,M14,M15,M16,M17,M18,N13,N14,N15
450,0.289,0.288,0.29,0.288,0.27,0.268,0.286,0.252,0.248,0.26,0.31,0.251,0.28,0.271,0.269,0.296,0.268,0.248,0.294,0.264,0.297,0.287,0.259,0.242,0.252,0.234,0.233,0.268,0.272,0.257,0.255,0.259,0.226,0.281,0.276,0.27,0.281,0.258,0.264,0.248,0.253,0.285,0.26,0.275,0.31,0.281,0.278,0.276,0.285,0.266,0.287,0.263,0.281,0.27,0.285,0.26,0.283,0.252,0.267,0.276,0.277,0.272,0.248,0.256,0.271,0.228
451,0.289,0.288,0.291,0.288,0.27,0.268,0.286,0.252,0.249,0.26,0.31,0.251,0.28,0.272,0.269,0.297,0.268,0.248,0.294,0.265,0.297,0.287,0.259,0.242,0.252,0.234,0.233,0.268,0.273,0.257,0.254,0.259,0.226,0.281,0.276,0.27,0.281,0.258,0.264,0.248,0.253,0.285,0.26,0.275,0.31,0.281,0.279,0.276,0.285,0.266,0.287,0.262,0.283,0.27,0.286,0.26,0.283,0.252,0.268,0.276,0.278,0.272,0.248,0.256,0.271,0.228
452,0.289,0.288,0.291,0.289,0.27,0.268,0.286,0.252,0.249,0.26,0.31,0.251,0.28,0.272,0.269,0.297,0.268,0.248,0.294,0.265,0.297,0.287,0.259,0.242,0.251,0.234,0.233,0.268,0.273,0.257,0.254,0.259,0.226,0.282,0.276,0.27,0.281,0.258,0.264,0.248,0.253,0.285,0.26,0.275,0.31,0.281,0.279,0.276,0.285,0.266,0.287,0.263,0.282,0.27,0.286,0.26,0.283,0.252,0.268,0.276,0.278,0.272,0.248,0.256,0.271,0.228
453,0.289,0.288,0.291,0.289,0.27,0.268,0.286,0.252,0.249,0.26,0.31,0.251,0.28,0.272,0.27,0.297,0.268,0.248,0.294,0.265,0.297,0.287,0.259,0.242,0.252,0.234,0.233,0.269,0.273,0.257,0.255,0.259,0.226,0.282,0.276,0.27,0.281,0.258,0.264,0.248,0.253,0.285,0.26,0.275,0.31,0.281,0.279,0.276,0.285,0.266,0.287,0.263,0.282,0.27,0.286,0.26,0.283,0.253,0.268,0.276,0.278,0.273,0.248,0.256,0.271,0.228
454,0.289,0.288,0.291,0.289,0.27,0.268,0.286,0.252,0.249,0.26,0.311,0.251,0.28,0.272,0.27,0.297,0.268,0.248,0.295,0.265,0.297,0.287,0.259,0.242,0.252,0.234,0.233,0.269,0.273,0.257,0.255,0.259,0.226,0.282,0.276,0.27,0.282,0.258,0.264,0.248,0.253,0.285,0.26,0.275,0.31,0.281,0.279,0.276,0.286,0.266,0.287,0.263,0.282,0.27,0.286,0.26,0.284,0.253,0.268,0.276,0.278,0.273,0.248,0.257,0.271,0.228
455,0.29,0.288,0.291,0.289,0.271,0.269,0.286,0.252,0.249,0.26,0.311,0.251,0.28,0.272,0.27,0.297,0.268,0.248,0.295,0.265,0.297,0.287,0.259,0.242,0.251,0.234,0.233,0.269,0.272,0.257,0.255,0.259,0.226,0.282,0.276,0.27,0.282,0.258,0.264,0.248,0.253,0.286,0.26,0.275,0.311,0.281,0.279,0.276,0.286,0.266,0.287,0.263,0.283,0.27,0.286,0.26,0.284,0.253,0.268,0.277,0.278,0.273,0.249,0.257,0.272,0.228
456,0.29,0.288,0.291,0.289,0.271,0.269,0.286,0.252,0.249,0.26,0.311,0.251,0.28,0.272,0.27,0.297,0.268,0.248,0.295,0.265,0.298,0.287,0.259,0.242,0.251,0.234,0.233,0.269,0.272,0.257,0.255,0.259,0.226,0.282,0.276,0.27,0.282,0.258,0.264,0.248,0.253,0.286,0.26,0.275,0.311,0.281,0.279,0.277,0.286,0.266,0.287,0.263,0.283,0.27,0.286,0.26,0.284,0.253,0.269,0.277,0.278,0.273,0.249,0.257,0.272,0.228
457,0.29,0.288,0.292,0.29,0.271,0.269,0.286,0.252,0.249,0.26,0.311,0.252,0.281,0.273,0.27,0.298,0.268,0.248,0.295,0.265,0.298,0.288,0.259,0.243,0.251,0.234,0.234,0.269,0.272,0.257,0.255,0.259,0.226,0.283,0.276,0.271,0.282,0.258,0.265,0.249,0.253,0.286,0.261,0.275,0.311,0.281,0.279,0.277,0.286,0.267,0.288,0.263,0.283,0.271,0.287,0.26,0.284,0.253,0.269,0.277,0.278,0.273,0.249,0.257,0.272,0.228
458,0.29,0.288,0.292,0.29,0.271,0.269,0.286,0.252,0.249,0.26,0.311,0.252,0.281,0.273,0.271,0.298,0.268,0.249,0.295,0.266,0.298,0.288,0.259,0.243,0.251,0.234,0.234,0.269,0.272,0.257,0.255,0.259,0.226,0.283,0.276,0.271,0.283,0.258,0.265,0.249,0.253,0.286,0.261,0.276,0.312,0.281,0.28,0.277,0.286,0.267,0.288,0.264,0.284,0.271,0.287,0.261,0.284,0.253,0.269,0.277,0.279,0.273,0.249,0.257,0.272,0.228
459,0.291,0.288,0.293,0.29,0.272,0.27,0.286,0.252,0.249,0.26,0.311,0.252,0.281,0.273,0.271,0.298,0.268,0.249,0.296,0.266,0.298,0.288,0.26,0.243,0.251,0.234,0.234,0.27,0.272,0.257,0.256,0.26,0.226,0.283,0.276,0.271,0.283,0.258,0.265,0.249,0.254,0.287,0.261,0.276,0.312,0.282,0.28,0.278,0.287,0.268,0.289,0.264,0.284,0.271,0.287,0.261,0.285,0.254,0.269,0.278,0.279,0.274,0.249,0.258,0.272,0.228
460,0.291,0.288,0.293,0.291,0.272,0.27,0.286,0.252,0.249,0.261,0.312,0.253,0.281,0.273,0.271,0.299,0.268,0.249,0.296,0.266,0.299,0.288,0.26,0.243,0.252,0.234,0.234,0.27,0.272,0.257,0.256,0.26,0.226,0.284,0.276,0.272,0.283,0.259,0.265,0.249,0.254,0.287,0.261,0.276,0.312,0.282,0.28,0.278,0.287,0.268,0.289,0.264,0.284,0.272,0.288,0.261,0.285,0.254,0.27,0.278,0.279,0.274,0.249,0.258,0.273,0.228
461,0.291,0.288,0.293,0.291,0.272,0.27,0.286,0.252,0.249,0.261,0.312,0.253,0.282,0.274,0.271,0.299,0.268,0.25,0.296,0.266,0.299,0.289,0.26,0.243,0.252,0.234,0.234,0.27,0.272,0.257,0.256,0.26,0.226,0.284,0.276,0.272,0.284,0.259,0.266,0.249,0.254,0.287,0.262,0.276,0.313,0.283,0.281,0.278,0.288,0.268,0.289,0.265,0.285,0.272,0.288,0.262,0.285,0.254,0.27,0.278,0.28,0.274,0.25,0.258,0.273,0.228
462,0.292,0.289,0.294,0.291,0.272,0.271,0.286,0.252,0.249,0.261,0.312,0.253,0.282,0.274,0.272,0.299,0.268,0.25,0.297,0.267,0.299,0.289,0.26,0.244,0.252,0.234,0.235,0.27,0.273,0.257,0.257,0.261,0.226,0.284,0.276,0.272,0.284,0.259,0.266,0.249,0.254,0.287,0.262,0.277,0.313,0.283,0.281,0.279,0.288,0.268,0.29,0.265,0.285,0.272,0.288,0.262,0.286,0.254,0.27,0.278,0.28,0.274,0.25,0.258,0.273,0.228
463,0.292,0.289,0.294,0.292,0.273,0.271,0.286,0.252,0.249,0.261,0.313,0.254,0.282,0.274,0.272,0.3,0.269,0.25,0.297,0.267,0.3,0.29,0.261,0.244,0.252,0.234,0.235,0.271,0.273,0.257,0.257,0.261,0.226,0.285,0.276,0.273,0.285,0.259,0.266,0.25,0.255,0.288,0.262,0.277,0.313,0.283,0.281,0.279,0.289,0.269,0.29,0.265,0.285,0.273,0.289,0.262,0.286,0.255,0.271,0.279,0.281,0.275,0.25,0.259,0.274,0.228
464,0.293,0.289,0.295,0.293,0.273,0.272,0.286,0.253,0.249,0.262,0.313,0.254,0.283,0.275,0.273,0.301,0.269,0.251,0.298,0.268,0.3,0.29,0.261,0.245,0.252,0.234,0.235,0.271,0.273,0.258,0.258,0.262,0.226,0.286,0.276,0.273,0.285,0.259,0.267,0.25,0.255,0.289,0.263,0.278,0.314,0.284,0.282,0.28,0.289,0.269,0.291,0.266,0.286,0.273,0.29,0.263,0.287,0.255,0.271,0.28,0.281,0.276,0.251,0.259,0.275,0.229
465,0.293,0.289,0.295,0.293,0.274,0.273,0.286,0.253,0.249,0.262,0.314,0.255,0.284,0.276,0.273,0.301,0.269,0.251,0.298,0.268,0.301,0.291,0.261,0.245,0.253,0.234,0.236,0.272,0.273,0.258,0.258,0.262,0.226,0.286,0.276,0.274,0.286,0.26,0.267,0.251,0.256,0.289,0.263,0.278,0.315,0.284,0.283,0.28,0.29,0.27,0.291,0.267,0.287,0.274,0.29,0.263,0.287,0.256,0.272,0.28,0.281,0.276,0.251,0.26,0.275,0.229
466,0.294,0.289,0.296,0.294,0.274,0.273,0.287,0.253,0.25,0.263,0.314,0.255,0.284,0.276,0.274,0.302,0.269,0.252,0.299,0.269,0.302,0.291,0.262,0.245,0.253,0.234,0.236,0.272,0.273,0.258,0.258,0.262,0.226,0.287,0.276,0.275,0.286,0.26,0.268,0.251,0.256,0.29,0.264,0.279,0.315,0.285,0.283,0.281,0.29,0.27,0.292,0.267,0.287,0.275,0.291,0.264,0.288,0.256,0.272,0.281,0.282,0.277,0.251,0.26,0.275,0.229
467,0.295,0.29,0.297,0.294,0.275,0.274,0.287,0.253,0.25,0.263,0.315,0.256,0.285,0.277,0.275,0.302,0.269,0.252,0.3,0.269,0.302,0.292,0.262,0.246,0.253,0.234,0.237,0.273,0.273,0.258,0.259,0.263,0.227,0.287,0.277,0.275,0.287,0.26,0.268,0.251,0.256,0.29,0.264,0.279,0.316,0.286,0.284,0.281,0.291,0.271,0.293,0.268,0.288,0.275,0.291,0.264,0.288,0.257,0.273,0.281,0.282,0.277,0.252,0.261,0.276,0.229
468,0.295,0.29,0.298,0.295,0.275,0.274,0.287,0.253,0.25,0.263,0.315,0.256,0.285,0.278,0.275,0.303,0.27,0.253,0.3,0.27,0.303,0.293,0.262,0.246,0.253,0.235,0.237,0.273,0.274,0.258,0.26,0.264,0.227,0.288,0.277,0.276,0.288,0.261,0.269,0.252,0.257,0.291,0.265,0.28,0.317,0.286,0.285,0.282,0.292,0.272,0.293,0.268,0.289,0.276,0.292,0.265,0.289,0.257,0.274,0.282,0.283,0.278,0.253,0.262,0.277,0.229
469,0.296,0.291,0.298,0.296,0.276,0.275,0.288,0.254,0.251,0.264,0.316,0.257,0.286,0.278,0.276,0.304,0.27,0.254,0.301,0.271,0.304,0.294,0.263,0.247,0.254,0.235,0.238,0.274,0.274,0.259,0.26,0.264,0.227,0.289,0.277,0.277,0.289,0.261,0.269,0.252,0.258,0.292,0.266,0.28,0.318,0.287,0.285,0.283,0.293,0.273,0.294,0.269,0.289,0.277,0.293,0.265,0.29,0.258,0.274,0.283,0.284,0.278,0.253,0.262,0.278,0.23
470,0.297,0.291,0.299,0.297,0.276,0.276,0.288,0.254,0.251,0.265,0.317,0.258,0.287,0.279,0.277,0.305,0.27,0.254,0.302,0.272,0.305,0.294,0.263,0.248,0.254,0.235,0.238,0.275,0.274,0.259,0.261,0.265,0.227,0.29,0.277,0.277,0.29,0.262,0.27,0.253,0.258,0.293,0.266,0.281,0.319,0.288,0.286,0.284,0.293,0.273,0.295,0.27,0.29,0.277,0.294,0.266,0.291,0.259,0.275,0.283,0.285,0.279,0.254,0.263,0.278,0.23
471,0.298,0.291,0.3,0.298,0.277,0.277,0.288,0.255,0.251,0.266,0.318,0.259,0.288,0.28,0.278,0.306,0.271,0.255,0.303,0.272,0.306,0.295,0.264,0.248,0.254,0.235,0.239,0.276,0.275,0.259,0.262,0.266,0.228,0.291,0.278,0.279,0.291,0.262,0.271,0.253,0.259,0.294,0.267,0.282,0.32,0.289,0.287,0.285,0.294,0.274,0.296,0.271,0.291,0.278,0.295,0.267,0.292,0.26,0.276,0.284,0.286,0.28,0.254,0.264,0.279,0.23
472,0.299,0.292,0.301,0.299,0.278,0.278,0.289,0.255,0.252,0.266,0.319,0.26,0.289,0.281,0.279,0.307,0.271,0.256,0.304,0.273,0.307,0.296,0.265,0.249,0.255,0.236,0.24,0.277,0.275,0.26,0.263,0.267,0.228,0.292,0.278,0.279,0.292,0.263,0.272,0.254,0.26,0.295,0.268,0.283,0.321,0.29,0.288,0.286,0.295,0.275,0.297,0.272,0.292,0.279,0.296,0.268,0.293,0.26,0.277,0.285,0.287,0.281,0.255,0.265,0.28,0.231
473,0.3,0.293,0.302,0.3,0.279,0.279,0.29,0.255,0.252,0.267,0.32,0.261,0.29,0.282,0.28,0.308,0.272,0.257,0.305,0.274,0.308,0.297,0.266,0.25,0.255,0.236,0.24,0.277,0.276,0.26,0.264,0.268,0.228,0.293,0.279,0.281,0.293,0.263,0.273,0.255,0.261,0.296,0.269,0.284,0.322,0.291,0.289,0.287,0.297,0.276,0.298,0.273,0.293,0.28,0.297,0.269,0.294,0.261,0.278,0.286,0.288,0.282,0.256,0.266,0.281,0.231
474,0.301,0.293,0.304,0.301,0.28,0.28,0.29,0.256,0.252,0.268,0.321,0.261,0.291,0.283,0.281,0.309,0.272,0.258,0.306,0.275,0.309,0.298,0.266,0.251,0.256,0.237,0.241,0.278,0.276,0.261,0.264,0.268,0.229,0.294,0.279,0.281,0.294,0.264,0.273,0.255,0.261,0.296,0.27,0.284,0.323,0.292,0.29,0.288,0.297,0.277,0.299,0.273,0.294,0.281,0.298,0.27,0.295,0.262,0.279,0.287,0.288,0.283,0.256,0.266,0.282,0.231
475,0.303,0.294,0.305,0.302,0.281,0.282,0.291,0.256,0.253,0.269,0.322,0.262,0.292,0.284,0.282,0.31,0.273,0.259,0.307,0.276,0.31,0.3,0.267,0.252,0.256,0.237,0.242,0.279,0.276,0.261,0.266,0.27,0.229,0.295,0.28,0.283,0.295,0.265,0.274,0.256,0.263,0.298,0.271,0.286,0.325,0.293,0.291,0.289,0.299,0.278,0.301,0.275,0.296,0.282,0.299,0.271,0.296,0.263,0.28,0.289,0.29,0.284,0.257,0.268,0.283,0.232
476,0.304,0.295,0.307,0.304,0.282,0.283,0.291,0.257,0.254,0.27,0.323,0.264,0.294,0.286,0.283,0.312,0.274,0.26,0.309,0.278,0.312,0.301,0.268,0.253,0.257,0.238,0.243,0.281,0.277,0.262,0.267,0.271,0.23,0.296,0.281,0.284,0.297,0.266,0.276,0.257,0.264,0.299,0.272,0.287,0.327,0.294,0.293,0.291,0.3,0.28,0.303,0.276,0.297,0.284,0.301,0.272,0.298,0.264,0.281,0.29,0.291,0.285,0.259,0.269,0.285,0.233
477,0.306,0.295,0.308,0.305,0.283,0.285,0.292,0.258,0.255,0.271,0.325,0.265,0.295,0.287,0.285,0.314,0.274,0.262,0.31,0.279,0.313,0.303,0.269,0.254,0.258,0.238,0.244,0.282,0.278,0.263,0.268,0.272,0.23,0.298,0.281,0.286,0.298,0.266,0.277,0.258,0.265,0.301,0.273,0.288,0.328,0.296,0.294,0.292,0.302,0.281,0.304,0.277,0.299,0.285,0.302,0.273,0.299,0.266,0.283,0.291,0.293,0.287,0.26,0.27,0.286,0.233
478,0.307,0.296,0.309,0.306,0.284,0.286,0.293,0.258,0.255,0.272,0.326,0.266,0.296,0.288,0.286,0.315,0.275,0.262,0.311,0.28,0.314,0.304,0.27,0.255,0.258,0.239,0.245,0.283,0.278,0.263,0.269,0.273,0.231,0.299,0.282,0.287,0.299,0.267,0.278,0.259,0.266,0.302,0.274,0.289,0.329,0.297,0.295,0.293,0.303,0.282,0.305,0.278,0.3,0.286,0.303,0.274,0.3,0.266,0.284,0.292,0.293,0.288,0.26,0.271,0.287,0.234
479,0.308,0.297,0.311,0.308,0.285,0.287,0.293,0.259,0.256,0.273,0.327,0.267,0.297,0.29,0.287,0.316,0.275,0.264,0.313,0.281,0.316,0.305,0.271,0.256,0.259,0.239,0.246,0.284,0.279,0.264,0.27,0.274,0.231,0.3,0.283,0.288,0.301,0.268,0.279,0.26,0.267,0.303,0.276,0.29,0.331,0.298,0.297,0.295,0.304,0.283,0.307,0.28,0.301,0.288,0.305,0.275,0.302,0.268,0.285,0.294,0.295,0.289,0.262,0.272,0.288,0.234
480,0.31,0.298,0.313,0.31,0.287,0.289,0.294,0.26,0.257,0.275,0.329,0.269,0.299,0.292,0.289,0.318,0.276,0.265,0.315,0.283,0.318,0.307,0.272,0.257,0.26,0.24,0.247,0.286,0.28,0.264,0.272,0.276,0.232,0.303,0.284,0.29,0.303,0.269,0.281,0.261,0.268,0.305,0.277,0.292,0.333,0.3,0.299,0.297,0.307,0.285,0.309,0.281,0.303,0.29,0.307,0.277,0.304,0.269,0.287,0.296,0.296,0.291,0.263,0.274,0.29,0.235
481,0.313,0.3,0.316,0.313,0.289,0.292,0.296,0.261,0.258,0.277,0.331,0.271,0.302,0.294,0.291,0.321,0.278,0.267,0.317,0.285,0.321,0.309,0.274,0.259,0.261,0.241,0.249,0.288,0.281,0.266,0.274,0.278,0.233,0.305,0.285,0.293,0.306,0.271,0.283,0.263,0.27,0.308,0.28,0.294,0.336,0.302,0.301,0.299,0.309,0.288,0.311,0.283,0.306,0.292,0.309,0.279,0.306,0.271,0.289,0.298,0.299,0.293,0.265,0.276,0.292,0.236
482,0.315,0.301,0.318,0.315,0.291,0.294,0.297,0.262,0.259,0.278,0.333,0.273,0.304,0.296,0.293,0.323,0.279,0.269,0.319,0.288,0.323,0.312,0.275,0.261,0.262,0.242,0.251,0.29,0.282,0.267,0.276,0.28,0.234,0.307,0.286,0.295,0.308,0.272,0.284,0.264,0.272,0.31,0.281,0.296,0.339,0.304,0.304,0.302,0.311,0.29,0.314,0.286,0.308,0.294,0.312,0.281,0.308,0.273,0.291,0.3,0.301,0.295,0.267,0.278,0.294,0.238
483,0.316,0.302,0.319,0.316,0.292,0.295,0.298,0.263,0.26,0.279,0.335,0.274,0.305,0.298,0.295,0.325,0.279,0.271,0.321,0.289,0.324,0.313,0.277,0.262,0.263,0.243,0.252,0.291,0.282,0.268,0.277,0.281,0.234,0.308,0.287,0.296,0.309,0.273,0.285,0.265,0.273,0.311,0.282,0.297,0.34,0.306,0.305,0.303,0.312,0.291,0.315,0.287,0.31,0.296,0.313,0.282,0.31,0.274,0.292,0.301,0.302,0.296,0.268,0.279,0.296,0.238
484,0.318,0.303,0.321,0.318,0.293,0.297,0.299,0.264,0.261,0.281,0.336,0.276,0.306,0.299,0.296,0.326,0.28,0.272,0.322,0.291,0.326,0.315,0.278,0.263,0.264,0.244,0.253,0.293,0.283,0.269,0.279,0.283,0.235,0.31,0.288,0.298,0.311,0.274,0.287,0.266,0.275,0.313,0.284,0.299,0.342,0.308,0.307,0.305,0.314,0.293,0.317,0.288,0.311,0.297,0.315,0.284,0.311,0.276,0.294,0.303,0.304,0.298,0.269,0.281,0.297,0.239
485,0.32,0.304,0.323,0.32,0.295,0.299,0.3,0.265,0.262,0.282,0.338,0.278,0.308,0.301,0.298,0.328,0.281,0.274,0.324,0.292,0.328,0.317,0.279,0.265,0.265,0.245,0.254,0.295,0.285,0.27,0.28,0.284,0.236,0.312,0.289,0.3,0.313,0.275,0.288,0.267,0.276,0.314,0.285,0.3,0.344,0.31,0.309,0.307,0.316,0.294,0.319,0.29,0.313,0.299,0.317,0.286,0.313,0.277,0.296,0.305,0.306,0.299,0.27,0.282,0.299,0.24
486,0.323,0.306,0.326,0.323,0.297,0.301,0.302,0.266,0.263,0.284,0.34,0.28,0.31,0.303,0.3,0.331,0.282,0.276,0.327,0.295,0.331,0.32,0.281,0.267,0.267,0.246,0.256,0.297,0.286,0.271,0.282,0.287,0.237,0.314,0.29,0.302,0.315,0.277,0.29,0.269,0.278,0.316,0.287,0.302,0.346,0.312,0.311,0.309,0.319,0.297,0.321,0.293,0.316,0.302,0.319,0.288,0.316,0.279,0.298,0.307,0.309,0.302,0.272,0.284,0.302,0.241
487,0.325,0.307,0.328,0.325,0.298,0.303,0.303,0.267,0.264,0.285,0.342,0.281,0.312,0.305,0.302,0.333,0.283,0.278,0.329,0.296,0.333,0.322,0.282,0.268,0.268,0.246,0.257,0.298,0.287,0.272,0.284,0.288,0.238,0.316,0.291,0.304,0.317,0.278,0.292,0.27,0.279,0.318,0.289,0.304,0.348,0.314,0.313,0.311,0.321,0.298,0.323,0.294,0.317,0.303,0.321,0.289,0.318,0.281,0.299,0.309,0.311,0.304,0.274,0.286,0.304,0.242
488,0.328,0.309,0.331,0.328,0.3,0.306,0.304,0.268,0.265,0.288,0.345,0.284,0.315,0.308,0.305,0.336,0.285,0.28,0.332,0.299,0.336,0.325,0.284,0.271,0.27,0.248,0.26,0.301,0.289,0.273,0.286,0.291,0.239,0.319,0.293,0.307,0.32,0.28,0.294,0.272,0.282,0.321,0.291,0.306,0.352,0.317,0.316,0.314,0.324,0.301,0.326,0.297,0.32,0.306,0.324,0.292,0.321,0.283,0.302,0.312,0.313,0.306,0.276,0.288,0.306,0.243
489,0.33,0.311,0.334,0.331,0.303,0.309,0.306,0.27,0.267,0.29,0.348,0.286,0.318,0.311,0.308,0.339,0.286,0.283,0.334,0.302,0.338,0.327,0.286,0.273,0.271,0.249,0.262,0.303,0.29,0.275,0.289,0.293,0.24,0.321,0.295,0.309,0.323,0.281,0.297,0.274,0.284,0.324,0.294,0.309,0.355,0.319,0.319,0.317,0.327,0.304,0.329,0.299,0.323,0.309,0.327,0.294,0.323,0.285,0.305,0.315,0.316,0.309,0.278,0.291,0.309,0.245
490,0.333,0.312,0.336,0.333,0.305,0.311,0.308,0.271,0.268,0.292,0.35,0.289,0.32,0.313,0.31,0.342,0.288,0.285,0.337,0.304,0.341,0.33,0.288,0.275,0.272,0.25,0.263,0.306,0.291,0.276,0.291,0.296,0.242,0.324,0.296,0.312,0.325,0.283,0.299,0.276,0.286,0.326,0.296,0.311,0.358,0.322,0.321,0.319,0.329,0.306,0.332,0.302,0.326,0.311,0.33,0.297,0.326,0.287,0.307,0.317,0.318,0.311,0.28,0.293,0.311,0.246
491,0.335,0.313,0.338,0.335,0.306,0.313,0.309,0.272,0.269,0.293,0.352,0.29,0.322,0.315,0.312,0.343,0.289,0.287,0.339,0.306,0.343,0.332,0.29,0.276,0.273,0.251,0.265,0.307,0.292,0.277,0.292,0.297,0.242,0.326,0.297,0.314,0.327,0.284,0.3,0.277,0.287,0.328,0.297,0.313,0.36,0.324,0.323,0.321,0.331,0.308,0.334,0.303,0.328,0.313,0.332,0.298,0.328,0.289,0.309,0.319,0.32,0.313,0.281,0.294,0.313,0.247
492,0.338,0.315,0.342,0.339,0.309,0.316,0.311,0.274,0.271,0.296,0.355,0.293,0.325,0.318,0.315,0.347,0.29,0.289,0.342,0.309,0.346,0.335,0.292,0.279,0.275,0.253,0.267,0.31,0.294,0.279,0.295,0.3,0.244,0.329,0.299,0.317,0.33,0.286,0.303,0.279,0.29,0.331,0.3,0.315,0.363,0.327,0.326,0.324,0.335,0.311,0.337,0.306,0.331,0.316,0.335,0.301,0.331,0.292,0.312,0.322,0.323,0.316,0.284,0.297,0.316,0.248
493,0.342,0.318,0.346,0.342,0.312,0.32,0.313,0.275,0.273,0.299,0.359,0.296,0.328,0.322,0.318,0.351,0.292,0.293,0.346,0.312,0.35,0.339,0.295,0.282,0.277,0.255,0.27,0.314,0.296,0.281,0.298,0.303,0.246,0.333,0.301,0.32,0.334,0.289,0.306,0.282,0.293,0.334,0.303,0.319,0.367,0.331,0.33,0.328,0.339,0.314,0.341,0.31,0.335,0.32,0.339,0.304,0.335,0.295,0.316,0.326,0.327,0.319,0.286,0.301,0.32,0.25
494,0.346,0.32,0.35,0.346,0.315,0.323,0.315,0.278,0.275,0.302,0.362,0.3,0.331,0.325,0.322,0.355,0.294,0.296,0.349,0.316,0.354,0.343,0.297,0.285,0.279,0.256,0.273,0.317,0.298,0.283,0.302,0.307,0.247,0.336,0.303,0.324,0.338,0.291,0.309,0.284,0.296,0.338,0.306,0.322,0.371,0.334,0.334,0.332,0.342,0.318,0.345,0.313,0.339,0.323,0.343,0.308,0.339,0.298,0.319,0.329,0.331,0.323,0.289,0.304,0.323,0.252
495,0.348,0.322,0.352,0.349,0.317,0.326,0.317,0.279,0.276,0.304,0.365,0.302,0.334,0.328,0.324,0.357,0.296,0.298,0.352,0.318,0.357,0.345,0.299,0.287,0.281,0.258,0.275,0.319,0.3,0.284,0.304,0.309,0.248,0.339,0.305,0.327,0.341,0.293,0.311,0.286,0.298,0.34,0.309,0.324,0.374,0.337,0.336,0.334,0.345,0.32,0.348,0.316,0.341,0.326,0.345,0.31,0.341,0.3,0.321,0.332,0.333,0.325,0.291,0.306,0.326,0.253
496,0.352,0.325,0.356,0.353,0.321,0.329,0.319,0.281,0.278,0.307,0.368,0.305,0.337,0.331,0.328,0.361,0.298,0.301,0.356,0.322,0.36,0.349,0.302,0.289,0.283,0.259,0.277,0.322,0.302,0.286,0.307,0.312,0.25,0.343,0.307,0.33,0.344,0.295,0.315,0.289,0.301,0.344,0.312,0.328,0.378,0.34,0.34,0.338,0.349,0.324,0.352,0.319,0.345,0.329,0.349,0.313,0.345,0.303,0.325,0.335,0.336,0.328,0.294,0.309,0.329,0.255
497,0.356,0.327,0.361,0.357,0.324,0.334,0.321,0.283,0.28,0.31,0.372,0.309,0.342,0.336,0.332,0.366,0.3,0.305,0.36,0.326,0.365,0.353,0.305,0.293,0.285,0.261,0.28,0.326,0.304,0.288,0.311,0.316,0.252,0.347,0.31,0.334,0.349,0.298,0.318,0.292,0.304,0.348,0.316,0.331,0.383,0.344,0.344,0.342,0.353,0.328,0.356,0.323,0.349,0.333,0.353,0.317,0.349,0.307,0.329,0.339,0.34,0.332,0.297,0.313,0.333,0.257
498,0.361,0.331,0.366,0.362,0.328,0.338,0.324,0.285,0.283,0.314,0.377,0.313,0.346,0.34,0.336,0.37,0.303,0.309,0.364,0.33,0.37,0.358,0.308,0.296,0.287,0.264,0.284,0.331,0.306,0.291,0.315,0.32,0.254,0.351,0.313,0.339,0.354,0.301,0.322,0.295,0.308,0.352,0.32,0.335,0.388,0.348,0.348,0.347,0.357,0.332,0.361,0.327,0.354,0.338,0.358,0.321,0.354,0.311,0.333,0.344,0.345,0.336,0.301,0.317,0.337,0.26
499,0.364,0.333,0.369,0.365,0.33,0.341,0.326,0.287,0.284,0.316,0.38,0.316,0.349,0.343,0.339,0.374,0.304,0.312,0.367,0.333,0.373,0.361,0.311,0.299,0.289,0.265,0.286,0.333,0.308,0.292,0.318,0.322,0.255,0.354,0.315,0.342,0.357,0.303,0.324,0.297,0.311,0.355,0.322,0.338,0.392,0.351,0.352,0.35,0.361,0.335,0.364,0.33,0.357,0.341,0.361,0.323,0.357,0.313,0.336,0.347,0.348,0.339,0.303,0.32,0.34,0.262
500,0.369,0.336,0.373,0.37,0.334,0.345,0.329,0.289,0.287,0.319,0.384,0.32,0.353,0.347,0.343,0.378,0.307,0.316,0.372,0.337,0.377,0.365,0.314,0.302,0.291,0.267,0.289,0.337,0.31,0.295,0.321,0.326,0.257,0.358,0.318,0.346,0.361,0.306,0.328,0.3,0.314,0.359,0.326,0.342,0.396,0.356,0.356,0.354,0.365,0.339,0.368,0.334,0.361,0.345,0.365,0.327,0.361,0.317,0.34,0.351,0.352,0.343,0.306,0.323,0.344,0.264
501,0.373,0.338,0.378,0.374,0.337,0.349,0.331,0.291,0.289,0.323,0.388,0.323,0.356,0.351,0.347,0.382,0.309,0.319,0.376,0.34,0.381,0.37,0.316,0.305,0.294,0.269,0.292,0.341,0.313,0.297,0.325,0.33,0.259,0.362,0.32,0.35,0.365,0.308,0.331,0.303,0.317,0.363,0.329,0.345,0.401,0.36,0.36,0.358,0.369,0.343,0.373,0.337,0.366,0.349,0.37,0.331,0.365,0.32,0.343,0.355,0.356,0.347,0.309,0.327,0.348,0.266
502,0.377,0.341,0.382,0.378,0.341,0.353,0.334,0.294,0.291,0.326,0.392,0.327,0.36,0.355,0.35,0.386,0.311,0.323,0.38,0.344,0.386,0.374,0.32,0.309,0.296,0.271,0.295,0.344,0.315,0.299,0.328,0.333,0.261,0.366,0.323,0.354,0.369,0.311,0.335,0.306,0.321,0.367,0.333,0.349,0.405,0.363,0.364,0.362,0.373,0.346,0.377,0.341,0.37,0.353,0.374,0.334,0.369,0.324,0.347,0.359,0.359,0.351,0.313,0.33,0.352,0.268
503,0.38,0.343,0.385,0.381,0.343,0.356,0.336,0.295,0.293,0.328,0.395,0.33,0.363,0.358,0.353,0.39,0.313,0.326,0.383,0.347,0.389,0.377,0.322,0.311,0.297,0.273,0.297,0.347,0.316,0.301,0.331,0.336,0.262,0.369,0.325,0.357,0.373,0.313,0.337,0.308,0.323,0.37,0.336,0.352,0.409,0.366,0.367,0.365,0.376,0.349,0.38,0.344,0.373,0.356,0.377,0.337,0.372,0.327,0.35,0.362,0.362,0.353,0.315,0.333,0.355,0.27
504,0.385,0.346,0.391,0.387,0.348,0.361,0.339,0.298,0.296,0.332,0.4,0.334,0.368,0.363,0.358,0.395,0.316,0.33,0.388,0.352,0.394,0.382,0.325,0.315,0.3,0.275,0.301,0.352,0.319,0.303,0.335,0.34,0.265,0.374,0.328,0.362,0.378,0.316,0.342,0.311,0.327,0.375,0.34,0.356,0.414,0.371,0.372,0.37,0.381,0.354,0.385,0.348,0.378,0.36,0.382,0.341,0.377,0.331,0.355,0.367,0.367,0.358,0.319,0.337,0.36,0.273
505,0.391,0.35,0.396,0.392,0.352,0.366,0.342,0.301,0.299,0.336,0.405,0.339,0.373,0.368,0.363,0.4,0.319,0.334,0.393,0.357,0.4,0.387,0.329,0.319,0.303,0.278,0.305,0.356,0.322,0.306,0.34,0.345,0.267,0.379,0.332,0.367,0.383,0.32,0.346,0.315,0.332,0.38,0.345,0.361,0.42,0.376,0.377,0.376,0.387,0.359,0.391,0.353,0.383,0.366,0.387,0.346,0.383,0.335,0.36,0.372,0.372,0.363,0.323,0.342,0.365,0.275
506,0.395,0.353,0.401,0.397,0.356,0.371,0.345,0.303,0.301,0.34,0.409,0.343,0.378,0.373,0.368,0.405,0.322,0.339,0.398,0.361,0.405,0.392,0.333,0.323,0.306,0.28,0.309,0.361,0.325,0.309,0.344,0.349,0.269,0.384,0.335,0.372,0.388,0.323,0.35,0.319,0.335,0.385,0.349,0.365,0.425,0.381,0.382,0.38,0.392,0.363,0.396,0.357,0.388,0.37,0.392,0.35,0.387,0.339,0.364,0.376,0.377,0.367,0.327,0.346,0.369,0.278
507,0.398,0.355,0.404,0.4,0.359,0.374,0.347,0.305,0.303,0.343,0.412,0.345,0.38,0.376,0.371,0.408,0.323,0.341,0.401,0.364,0.408,0.395,0.335,0.325,0.308,0.282,0.311,0.363,0.326,0.311,0.347,0.352,0.271,0.387,0.337,0.375,0.391,0.325,0.353,0.321,0.338,0.388,0.351,0.367,0.429,0.384,0.385,0.383,0.394,0.366,0.399,0.36,0.391,0.373,0.395,0.353,0.39,0.342,0.367,0.379,0.38,0.37,0.329,0.349,0.372,0.28
508,0.403,0.358,0.409,0.405,0.362,0.378,0.35,0.308,0.306,0.346,0.417,0.349,0.385,0.38,0.375,0.413,0.326,0.345,0.406,0.368,0.412,0.4,0.338,0.329,0.31,0.284,0.314,0.367,0.329,0.313,0.35,0.355,0.273,0.391,0.34,0.379,0.396,0.328,0.356,0.324,0.341,0.392,0.355,0.371,0.434,0.388,0.389,0.388,0.399,0.37,0.403,0.364,0.396,0.377,0.4,0.357,0.395,0.345,0.371,0.384,0.384,0.374,0.332,0.353,0.376,0.282
509,0.408,0.362,0.414,0.41,0.366,0.383,0.353,0.31,0.308,0.35,0.421,0.353,0.389,0.385,0.379,0.418,0.329,0.349,0.41,0.372,0.417,0.405,0.342,0.332,0.313,0.287,0.317,0.372,0.332,0.316,0.354,0.36,0.275,0.396,0.343,0.384,0.4,0.331,0.36,0.327,0.345,0.396,0.359,0.376,0.439,0.393,0.394,0.392,0.404,0.375,0.408,0.368,0.401,0.382,0.405,0.361,0.4,0.349,0.375,0.388,0.389,0.379,0.336,0.357,0.381,0.285
510,0.413,0.366,0.419,0.415,0.371,0.388,0.356,0.313,0.311,0.354,0.426,0.358,0.394,0.39,0.384,0.423,0.332,0.354,0.415,0.377,0.422,0.41,0.345,0.337,0.316,0.289,0.321,0.376,0.334,0.319,0.359,0.364,0.278,0.401,0.346,0.389,0.406,0.335,0.365,0.331,0.349,0.401,0.364,0.38,0.444,0.398,0.399,0.397,0.409,0.38,0.414,0.373,0.406,0.387,0.41,0.365,0.405,0.354,0.38,0.393,0.393,0.383,0.34,0.361,0.386,0.288
511,0.416,0.368,0.423,0.418,0.373,0.391,0.359,0.315,0.313,0.357,0.429,0.361,0.397,0.393,0.387,0.426,0.334,0.356,0.419,0.38,0.426,0.413,0.348,0.339,0.318,0.291,0.323,0.379,0.336,0.321,0.362,0.367,0.279,0.404,0.349,0.392,0.409,0.337,0.367,0.333,0.352,0.404,0.367,0.383,0.448,0.401,0.402,0.401,0.412,0.383,0.417,0.376,0.409,0.39,0.413,0.368,0.408,0.357,0.383,0.396,0.397,0.386,0.342,0.364,0.389,0.29
512,0.42,0.371,0.427,0.422,0.377,0.395,0.361,0.317,0.316,0.36,0.434,0.364,0.401,0.397,0.391,0.431,0.336,0.36,0.423,0.384,0.43,0.417,0.351,0.343,0.32,0.293,0.327,0.383,0.339,0.323,0.365,0.371,0.281,0.408,0.352,0.396,0.413,0.34,0.371,0.336,0.355,0.408,0.37,0.387,0.453,0.405,0.406,0.405,0.416,0.387,0.421,0.38,0.413,0.394,0.417,0.372,0.412,0.36,0.387,0.4,0.401,0.39,0.346,0.367,0.393,0.292
513,0.424,0.374,0.431,0.426,0.38,0.398,0.364,0.32,0.318,0.363,0.437,0.368,0.404,0.4,0.394,0.434,0.338,0.363,0.426,0.387,0.434,0.421,0.354,0.345,0.323,0.295,0.329,0.387,0.341,0.325,0.368,0.374,0.283,0.411,0.354,0.399,0.417,0.342,0.374,0.339,0.358,0.412,0.373,0.39,0.457,0.408,0.41,0.408,0.42,0.39,0.425,0.383,0.417,0.397,0.421,0.375,0.416,0.363,0.39,0.404,0.404,0.393,0.348,0.371,0.396,0.294
514,0.428,0.377,0.435,0.43,0.383,0.402,0.367,0.322,0.32,0.366,0.441,0.371,0.408,0.404,0.398,0.438,0.341,0.367,0.43,0.391,0.438,0.425,0.357,0.348,0.325,0.297,0.332,0.39,0.344,0.328,0.372,0.377,0.285,0.415,0.357,0.403,0.42,0.345,0.378,0.341,0.361,0.415,0.377,0.393,0.461,0.412,0.414,0.412,0.423,0.393,0.429,0.386,0.421,0.401,0.425,0.379,0.42,0.366,0.394,0.407,0.408,0.397,0.351,0.374,0.4,0.296
515,0.431,0.379,0.438,0.433,0.386,0.405,0.369,0.324,0.322,0.368,0.444,0.374,0.411,0.407,0.401,0.442,0.343,0.369,0.433,0.394,0.441,0.428,0.359,0.351,0.327,0.299,0.335,0.393,0.345,0.33,0.374,0.38,0.287,0.418,0.36,0.406,0.424,0.347,0.38,0.344,0.364,0.418,0.38,0.396,0.464,0.415,0.417,0.415,0.426,0.396,0.432,0.389,0.424,0.404,0.428,0.381,0.423,0.369,0.397,0.41,0.411,0.4,0.354,0.377,0.403,0.298
516,0.436,0.382,0.443,0.438,0.39,0.409,0.372,0.327,0.325,0.372,0.449,0.378,0.415,0.411,0.405,0.446,0.346,0.373,0.438,0.398,0.446,0.433,0.362,0.355,0.33,0.302,0.338,0.397,0.348,0.333,0.379,0.384,0.289,0.423,0.363,0.41,0.428,0.35,0.384,0.347,0.368,0.423,0.384,0.4,0.469,0.419,0.421,0.42,0.431,0.401,0.437,0.393,0.429,0.408,0.433,0.385,0.427,0.373,0.401,0.415,0.415,0.404,0.358,0.381,0.407,0.301
517,0.44,0.386,0.448,0.443,0.394,0.413,0.375,0.329,0.327,0.376,0.453,0.382,0.419,0.416,0.409,0.451,0.349,0.377,0.442,0.402,0.45,0.437,0.366,0.358,0.332,0.304,0.341,0.401,0.351,0.335,0.382,0.388,0.291,0.427,0.367,0.415,0.433,0.354,0.388,0.35,0.371,0.427,0.388,0.404,0.474,0.423,0.426,0.424,0.435,0.405,0.442,0.397,0.433,0.412,0.437,0.389,0.432,0.377,0.405,0.419,0.419,0.408,0.361,0.385,0.411,0.304
518,0.443,0.389,0.451,0.446,0.397,0.417,0.378,0.331,0.33,0.379,0.457,0.385,0.423,0.419,0.412,0.454,0.351,0.38,0.446,0.405,0.454,0.441,0.368,0.361,0.335,0.306,0.344,0.404,0.353,0.338,0.385,0.391,0.293,0.43,0.37,0.418,0.436,0.356,0.391,0.353,0.374,0.43,0.391,0.407,0.478,0.427,0.429,0.427,0.439,0.408,0.445,0.4,0.437,0.416,0.441,0.392,0.435,0.38,0.408,0.422,0.422,0.411,0.364,0.388,0.414,0.306
519,0.445,0.39,0.453,0.448,0.398,0.419,0.379,0.333,0.331,0.38,0.459,0.386,0.424,0.421,0.414,0.456,0.352,0.382,0.448,0.407,0.456,0.443,0.37,0.363,0.336,0.307,0.345,0.406,0.355,0.339,0.387,0.393,0.294,0.432,0.371,0.42,0.438,0.358,0.393,0.354,0.376,0.432,0.392,0.409,0.48,0.429,0.431,0.429,0.441,0.41,0.447,0.402,0.439,0.418,0.443,0.394,0.437,0.382,0.41,0.424,0.424,0.413,0.365,0.389,0.416,0.308
520,0.448,0.393,0.456,0.451,0.401,0.421,0.382,0.335,0.333,0.383,0.462,0.389,0.427,0.424,0.417,0.459,0.354,0.384,0.451,0.41,0.459,0.446,0.372,0.365,0.338,0.309,0.347,0.409,0.357,0.341,0.39,0.395,0.296,0.435,0.374,0.422,0.441,0.36,0.396,0.357,0.378,0.435,0.395,0.412,0.483,0.432,0.434,0.432,0.443,0.412,0.45,0.405,0.442,0.421,0.446,0.397,0.44,0.384,0.413,0.427,0.427,0.416,0.368,0.392,0.419,0.31
521,0.452,0.396,0.46,0.455,0.404,0.424,0.385,0.337,0.335,0.385,0.465,0.392,0.43,0.427,0.42,0.462,0.357,0.387,0.454,0.413,0.462,0.449,0.375,0.368,0.341,0.311,0.35,0.412,0.359,0.344,0.392,0.398,0.298,0.438,0.377,0.425,0.444,0.362,0.399,0.359,0.381,0.438,0.398,0.415,0.487,0.435,0.437,0.436,0.447,0.415,0.453,0.407,0.445,0.424,0.449,0.4,0.444,0.387,0.416,0.43,0.43,0.419,0.371,0.395,0.422,0.312
522,0.455,0.399,0.463,0.458,0.407,0.428,0.388,0.34,0.338,0.388,0.469,0.395,0.434,0.43,0.423,0.466,0.36,0.39,0.457,0.416,0.466,0.453,0.378,0.371,0.343,0.314,0.353,0.415,0.362,0.346,0.395,0.401,0.3,0.441,0.38,0.429,0.448,0.365,0.402,0.362,0.384,0.441,0.401,0.418,0.491,0.438,0.441,0.439,0.45,0.418,0.457,0.41,0.448,0.427,0.452,0.403,0.447,0.39,0.419,0.434,0.434,0.422,0.373,0.398,0.425,0.315
523,0.457,0.401,0.465,0.46,0.409,0.429,0.389,0.341,0.339,0.39,0.471,0.397,0.436,0.432,0.425,0.468,0.361,0.392,0.459,0.418,0.468,0.455,0.379,0.372,0.345,0.315,0.354,0.417,0.363,0.347,0.397,0.403,0.302,0.443,0.382,0.431,0.45,0.367,0.404,0.364,0.386,0.443,0.403,0.42,0.493,0.44,0.443,0.441,0.452,0.42,0.459,0.412,0.45,0.429,0.454,0.404,0.449,0.392,0.421,0.436,0.436,0.424,0.375,0.4,0.427,0.316
524,0.459,0.403,0.468,0.463,0.411,0.432,0.392,0.343,0.341,0.392,0.474,0.399,0.438,0.435,0.427,0.47,0.363,0.393,0.462,0.42,0.47,0.457,0.381,0.374,0.346,0.317,0.356,0.419,0.365,0.35,0.399,0.405,0.304,0.445,0.385,0.433,0.452,0.369,0.406,0.365,0.388,0.446,0.405,0.422,0.496,0.442,0.445,0.443,0.454,0.423,0.462,0.414,0.453,0.431,0.457,0.407,0.452,0.394,0.423,0.438,0.438,0.426,0.377,0.402,0.429,0.319
525,0.461,0.405,0.47,0.465,0.413,0.434,0.394,0.345,0.343,0.394,0.476,0.4,0.44,0.436,0.429,0.472,0.365,0.395,0.464,0.422,0.472,0.459,0.383,0.375,0.348,0.319,0.358,0.421,0.367,0.351,0.401,0.406,0.305,0.447,0.387,0.435,0.454,0.371,0.408,0.367,0.389,0.447,0.407,0.424,0.498,0.443,0.447,0.445,0.455,0.424,0.463,0.416,0.454,0.433,0.459,0.408,0.453,0.396,0.425,0.44,0.439,0.428,0.379,0.404,0.431,0.321
526,0.463,0.407,0.472,0.466,0.414,0.435,0.396,0.347,0.345,0.396,0.478,0.402,0.442,0.438,0.431,0.474,0.367,0.397,0.466,0.423,0.474,0.461,0.385,0.377,0.35,0.32,0.359,0.422,0.369,0.353,0.402,0.408,0.307,0.449,0.389,0.437,0.456,0.373,0.41,0.369,0.391,0.449,0.409,0.426,0.5,0.445,0.448,0.447,0.457,0.426,0.465,0.417,0.456,0.434,0.46,0.41,0.455,0.398,0.427,0.442,0.441,0.429,0.381,0.405,0.433,0.322
527,0.464,0.409,0.473,0.468,0.416,0.436,0.397,0.348,0.346,0.397,0.479,0.403,0.443,0.439,0.432,0.475,0.369,0.398,0.467,0.425,0.476,0.462,0.386,0.378,0.351,0.321,0.36,0.424,0.37,0.355,0.403,0.409,0.308,0.45,0.391,0.438,0.457,0.374,0.411,0.37,0.392,0.45,0.41,0.427,0.501,0.446,0.45,0.448,0.458,0.427,0.466,0.418,0.457,0.435,0.462,0.411,0.456,0.399,0.428,0.443,0.442,0.431,0.382,0.406,0.434,0.324
528,0.465,0.411,0.474,0.469,0.417,0.437,0.4,0.35,0.347,0.398,0.481,0.404,0.444,0.441,0.433,0.476,0.37,0.399,0.468,0.426,0.477,0.463,0.388,0.38,0.352,0.323,0.361,0.425,0.372,0.356,0.405,0.411,0.31,0.451,0.393,0.439,0.458,0.376,0.412,0.371,0.393,0.451,0.411,0.429,0.502,0.448,0.451,0.449,0.459,0.428,0.467,0.42,0.459,0.437,0.463,0.413,0.458,0.4,0.43,0.444,0.444,0.432,0.383,0.407,0.435,0.325
529,0.466,0.412,0.475,0.47,0.418,0.438,0.401,0.351,0.349,0.399,0.482,0.405,0.445,0.441,0.434,0.477,0.372,0.4,0.469,0.427,0.478,0.464,0.389,0.381,0.354,0.324,0.362,0.426,0.374,0.358,0.406,0.412,0.311,0.451,0.395,0.439,0.459,0.377,0.414,0.372,0.394,0.452,0.412,0.43,0.503,0.449,0.452,0.45,0.46,0.429,0.468,0.42,0.46,0.438,0.464,0.414,0.459,0.401,0.431,0.445,0.445,0.433,0.384,0.408,0.436,0.327
530,0.467,0.414,0.475,0.47,0.419,0.438,0.403,0.352,0.35,0.4,0.483,0.405,0.445,0.442,0.434,0.478,0.373,0.4,0.47,0.428,0.479,0.465,0.39,0.382,0.355,0.326,0.363,0.427,0.375,0.36,0.406,0.412,0.312,0.452,0.397,0.44,0.459,0.378,0.414,0.373,0.395,0.452,0.412,0.43,0.504,0.449,0.452,0.45,0.461,0.429,0.469,0.421,0.46,0.438,0.465,0.414,0.46,0.402,0.432,0.446,0.445,0.434,0.385,0.409,0.437,0.328
531,0.467,0.415,0.475,0.471,0.419,0.438,0.404,0.353,0.351,0.4,0.484,0.405,0.445,0.442,0.435,0.478,0.374,0.401,0.47,0.428,0.479,0.465,0.39,0.382,0.356,0.326,0.363,0.428,0.376,0.361,0.406,0.413,0.313,0.452,0.398,0.44,0.46,0.379,0.415,0.374,0.395,0.452,0.412,0.431,0.504,0.45,0.453,0.45,0.461,0.43,0.469,0.421,0.46,0.438,0.465,0.415,0.46,0.402,0.432,0.446,0.446,0.434,0.385,0.409,0.437,0.329
532,0.467,0.416,0.476,0.471,0.42,0.439,0.405,0.355,0.352,0.401,0.485,0.406,0.446,0.443,0.435,0.478,0.376,0.401,0.471,0.428,0.479,0.466,0.391,0.383,0.358,0.328,0.363,0.428,0.378,0.362,0.406,0.413,0.314,0.452,0.399,0.44,0.46,0.38,0.416,0.375,0.395,0.453,0.413,0.431,0.504,0.45,0.453,0.451,0.461,0.43,0.469,0.421,0.46,0.438,0.465,0.415,0.46,0.402,0.432,0.446,0.446,0.434,0.386,0.409,0.438,0.33
533,0.467,0.418,0.475,0.47,0.42,0.438,0.407,0.356,0.353,0.401,0.486,0.406,0.446,0.443,0.435,0.478,0.377,0.401,0.47,0.428,0.479,0.465,0.391,0.383,0.359,0.329,0.364,0.428,0.379,0.363,0.406,0.413,0.316,0.452,0.401,0.44,0.46,0.381,0.416,0.375,0.396,0.453,0.413,0.432,0.504,0.449,0.453,0.45,0.461,0.43,0.469,0.421,0.46,0.438,0.465,0.415,0.46,0.403,0.432,0.446,0.446,0.434,0.386,0.409,0.438,0.332
534,0.466,0.419,0.475,0.47,0.42,0.438,0.408,0.357,0.354,0.401,0.486,0.405,0.445,0.442,0.434,0.478,0.379,0.4,0.47,0.428,0.479,0.465,0.392,0.383,0.36,0.33,0.364,0.428,0.381,0.365,0.406,0.413,0.317,0.451,0.403,0.439,0.459,0.382,0.416,0.376,0.396,0.452,0.413,0.432,0.504,0.449,0.452,0.45,0.46,0.429,0.469,0.42,0.46,0.438,0.465,0.415,0.46,0.403,0.432,0.446,0.445,0.434,0.387,0.409,0.437,0.333
535,0.466,0.42,0.474,0.47,0.42,0.437,0.409,0.358,0.355,0.401,0.486,0.405,0.445,0.442,0.434,0.477,0.379,0.4,0.47,0.428,0.478,0.465,0.392,0.383,0.36,0.33,0.364,0.428,0.381,0.365,0.406,0.413,0.318,0.451,0.404,0.439,0.459,0.383,0.416,0.376,0.395,0.452,0.413,0.432,0.504,0.449,0.452,0.449,0.459,0.429,0.468,0.42,0.459,0.437,0.464,0.415,0.46,0.403,0.432,0.445,0.445,0.434,0.387,0.409,0.437,0.334
536,0.465,0.42,0.473,0.469,0.42,0.436,0.41,0.359,0.356,0.401,0.486,0.404,0.444,0.441,0.433,0.476,0.38,0.399,0.469,0.427,0.478,0.464,0.392,0.383,0.361,0.331,0.363,0.427,0.382,0.366,0.405,0.412,0.319,0.45,0.405,0.438,0.458,0.383,0.416,0.376,0.395,0.451,0.412,0.432,0.503,0.448,0.451,0.448,0.458,0.428,0.467,0.419,0.459,0.436,0.463,0.414,0.459,0.402,0.431,0.445,0.444,0.433,0.386,0.408,0.436,0.334
537,0.464,0.421,0.472,0.468,0.419,0.435,0.411,0.36,0.356,0.401,0.485,0.403,0.443,0.44,0.432,0.475,0.381,0.398,0.468,0.426,0.476,0.463,0.392,0.382,0.362,0.332,0.363,0.427,0.383,0.367,0.404,0.411,0.319,0.449,0.406,0.436,0.456,0.383,0.416,0.376,0.394,0.45,0.412,0.431,0.501,0.447,0.45,0.447,0.457,0.427,0.466,0.418,0.457,0.435,0.462,0.413,0.458,0.402,0.43,0.444,0.443,0.433,0.386,0.408,0.435,0.335
538,0.462,0.422,0.47,0.466,0.419,0.433,0.411,0.361,0.357,0.4,0.484,0.402,0.442,0.439,0.43,0.473,0.382,0.396,0.467,0.425,0.475,0.461,0.391,0.381,0.363,0.332,0.362,0.425,0.384,0.368,0.403,0.41,0.32,0.447,0.407,0.435,0.455,0.384,0.415,0.375,0.393,0.449,0.411,0.43,0.5,0.445,0.448,0.445,0.455,0.425,0.464,0.416,0.456,0.433,0.461,0.412,0.456,0.401,0.429,0.442,0.442,0.431,0.385,0.406,0.434,0.336
539,0.46,0.422,0.469,0.464,0.418,0.432,0.412,0.361,0.357,0.399,0.483,0.4,0.441,0.437,0.429,0.472,0.383,0.395,0.465,0.423,0.473,0.459,0.391,0.38,0.363,0.333,0.361,0.424,0.384,0.368,0.402,0.408,0.321,0.445,0.408,0.433,0.453,0.384,0.415,0.375,0.393,0.447,0.41,0.43,0.498,0.443,0.446,0.444,0.453,0.424,0.463,0.415,0.454,0.432,0.459,0.411,0.455,0.399,0.428,0.441,0.44,0.43,0.385,0.405,0.432,0.337
540,0.458,0.423,0.467,0.462,0.417,0.429,0.413,0.362,0.357,0.398,0.482,0.398,0.439,0.435,0.427,0.469,0.384,0.393,0.463,0.421,0.471,0.457,0.39,0.378,0.363,0.333,0.36,0.422,0.385,0.369,0.4,0.406,0.321,0.443,0.409,0.431,0.451,0.384,0.413,0.374,0.391,0.445,0.408,0.428,0.495,0.441,0.444,0.441,0.451,0.422,0.46,0.413,0.452,0.43,0.457,0.409,0.453,0.398,0.426,0.439,0.438,0.428,0.383,0.403,0.43,0.337
541,0.455,0.423,0.464,0.46,0.415,0.427,0.413,0.362,0.358,0.397,0.481,0.396,0.437,0.433,0.425,0.467,0.384,0.391,0.461,0.42,0.469,0.455,0.389,0.377,0.363,0.334,0.359,0.421,0.386,0.37,0.398,0.405,0.322,0.441,0.409,0.428,0.448,0.384,0.412,0.374,0.39,0.443,0.406,0.427,0.493,0.439,0.442,0.439,0.448,0.42,0.458,0.411,0.449,0.427,0.454,0.407,0.451,0.396,0.424,0.437,0.436,0.426,0.382,0.402,0.428,0.338
542,0.453,0.423,0.462,0.457,0.414,0.425,0.414,0.363,0.358,0.396,0.48,0.395,0.435,0.431,0.423,0.465,0.385,0.389,0.459,0.418,0.467,0.453,0.389,0.376,0.364,0.334,0.357,0.419,0.386,0.37,0.396,0.403,0.322,0.438,0.41,0.426,0.446,0.383,0.411,0.373,0.388,0.441,0.405,0.425,0.491,0.437,0.44,0.437,0.446,0.418,0.456,0.409,0.447,0.425,0.452,0.406,0.449,0.395,0.423,0.435,0.434,0.424,0.381,0.4,0.426,0.338
543,0.452,0.423,0.46,0.456,0.413,0.423,0.414,0.363,0.358,0.395,0.479,0.393,0.433,0.43,0.422,0.464,0.385,0.388,0.458,0.417,0.466,0.451,0.388,0.375,0.364,0.334,0.357,0.418,0.387,0.371,0.395,0.402,0.323,0.437,0.41,0.425,0.445,0.383,0.41,0.372,0.387,0.439,0.403,0.424,0.489,0.435,0.438,0.435,0.445,0.416,0.454,0.408,0.446,0.424,0.451,0.405,0.447,0.394,0.421,0.433,0.433,0.423,0.381,0.399,0.424,0.338
544,0.449,0.423,0.457,0.453,0.411,0.421,0.414,0.363,0.358,0.393,0.477,0.391,0.431,0.427,0.419,0.461,0.385,0.386,0.455,0.415,0.463,0.449,0.387,0.374,0.364,0.334,0.355,0.416,0.387,0.371,0.393,0.4,0.323,0.434,0.41,0.422,0.442,0.383,0.409,0.371,0.385,0.436,0.401,0.422,0.486,0.433,0.436,0.433,0.442,0.414,0.451,0.405,0.443,0.421,0.448,0.403,0.445,0.392,0.419,0.431,0.43,0.421,0.379,0.396,0.422,0.338
545,0.446,0.422,0.454,0.449,0.409,0.417,0.414,0.363,0.358,0.391,0.474,0.388,0.428,0.424,0.416,0.457,0.385,0.383,0.452,0.411,0.46,0.446,0.386,0.371,0.364,0.334,0.353,0.414,0.387,0.371,0.39,0.397,0.323,0.431,0.41,0.418,0.438,0.382,0.406,0.37,0.383,0.433,0.398,0.42,0.482,0.429,0.432,0.429,0.438,0.41,0.448,0.402,0.439,0.418,0.445,0.4,0.442,0.389,0.416,0.427,0.427,0.418,0.377,0.394,0.419,0.338
546,0.442,0.422,0.45,0.446,0.407,0.413,0.414,0.363,0.358,0.389,0.472,0.385,0.424,0.42,0.412,0.454,0.385,0.38,0.448,0.408,0.456,0.442,0.384,0.369,0.363,0.334,0.351,0.41,0.387,0.371,0.387,0.394,0.324,0.427,0.41,0.415,0.434,0.381,0.404,0.368,0.381,0.429,0.396,0.417,0.478,0.426,0.428,0.425,0.434,0.407,0.444,0.398,0.435,0.414,0.441,0.397,0.438,0.386,0.413,0.424,0.424,0.415,0.375,0.39,0.415,0.338
547,0.438,0.421,0.446,0.442,0.405,0.41,0.414,0.363,0.358,0.387,0.469,0.382,0.421,0.417,0.409,0.45,0.385,0.377,0.445,0.405,0.452,0.438,0.382,0.366,0.363,0.334,0.348,0.408,0.387,0.371,0.384,0.391,0.324,0.423,0.41,0.411,0.431,0.38,0.402,0.366,0.378,0.426,0.393,0.415,0.474,0.422,0.425,0.421,0.43,0.404,0.44,0.395,0.432,0.411,0.438,0.394,0.435,0.384,0.41,0.421,0.42,0.412,0.373,0.388,0.412,0.338
548,0.436,0.421,0.444,0.44,0.403,0.408,0.413,0.363,0.357,0.386,0.468,0.38,0.419,0.415,0.407,0.448,0.385,0.375,0.443,0.403,0.45,0.436,0.381,0.365,0.363,0.334,0.347,0.406,0.387,0.371,0.382,0.39,0.324,0.421,0.41,0.409,0.428,0.38,0.401,0.365,0.377,0.424,0.391,0.413,0.472,0.42,0.423,0.419,0.428,0.402,0.438,0.393,0.43,0.409,0.435,0.392,0.432,0.382,0.408,0.419,0.418,0.41,0.372,0.386,0.41,0.338
549,0.432,0.42,0.44,0.436,0.401,0.404,0.413,0.363,0.357,0.383,0.465,0.377,0.416,0.411,0.404,0.444,0.385,0.372,0.439,0.4,0.447,0.433,0.379,0.363,0.362,0.334,0.345,0.403,0.387,0.371,0.38,0.387,0.324,0.418,0.41,0.405,0.425,0.379,0.398,0.364,0.374,0.421,0.389,0.411,0.468,0.417,0.419,0.416,0.425,0.398,0.434,0.39,0.426,0.405,0.432,0.389,0.429,0.379,0.405,0.415,0.415,0.407,0.369,0.383,0.407,0.337
550,0.428,0.419,0.435,0.431,0.398,0.4,0.412,0.363,0.356,0.38,0.462,0.373,0.412,0.407,0.4,0.44,0.385,0.367,0.435,0.396,0.442,0.428,0.377,0.359,0.362,0.333,0.342,0.399,0.387,0.37,0.376,0.383,0.323,0.413,0.409,0.401,0.42,0.377,0.395,0.361,0.371,0.416,0.385,0.408,0.463,0.412,0.415,0.411,0.42,0.394,0.429,0.386,0.421,0.401,0.427,0.386,0.425,0.376,0.401,0.411,0.411,0.403,0.366,0.379,0.403,0.337
551,0.422,0.418,0.43,0.426,0.395,0.394,0.411,0.362,0.356,0.377,0.458,0.368,0.407,0.402,0.395,0.434,0.384,0.363,0.43,0.392,0.437,0.422,0.375,0.356,0.361,0.332,0.339,0.395,0.386,0.37,0.371,0.378,0.323,0.408,0.408,0.396,0.415,0.376,0.392,0.359,0.367,0.412,0.381,0.404,0.458,0.407,0.41,0.406,0.414,0.389,0.424,0.381,0.416,0.396,0.422,0.381,0.419,0.372,0.397,0.406,0.406,0.398,0.363,0.375,0.398,0.336
552,0.419,0.417,0.426,0.422,0.392,0.391,0.411,0.362,0.355,0.375,0.455,0.365,0.404,0.399,0.392,0.431,0.384,0.36,0.427,0.388,0.433,0.419,0.373,0.353,0.36,0.332,0.336,0.392,0.386,0.369,0.369,0.376,0.323,0.405,0.408,0.393,0.411,0.375,0.389,0.357,0.365,0.408,0.378,0.401,0.454,0.404,0.406,0.402,0.411,0.386,0.42,0.378,0.413,0.392,0.419,0.378,0.416,0.369,0.394,0.403,0.402,0.395,0.361,0.372,0.395,0.336
553,0.414,0.415,0.421,0.418,0.389,0.387,0.41,0.361,0.354,0.372,0.452,0.361,0.4,0.395,0.388,0.426,0.383,0.356,0.422,0.384,0.429,0.414,0.371,0.35,0.359,0.331,0.334,0.389,0.385,0.368,0.365,0.372,0.323,0.4,0.407,0.388,0.407,0.373,0.386,0.355,0.361,0.404,0.375,0.398,0.449,0.4,0.402,0.398,0.406,0.382,0.415,0.373,0.408,0.388,0.414,0.375,0.411,0.365,0.39,0.399,0.398,0.391,0.358,0.368,0.391,0.335
554,0.41,0.414,0.417,0.413,0.386,0.383,0.409,0.36,0.354,0.369,0.448,0.358,0.396,0.391,0.384,0.422,0.383,0.352,0.418,0.381,0.425,0.41,0.368,0.347,0.358,0.33,0.331,0.385,0.384,0.368,0.361,0.368,0.322,0.396,0.406,0.384,0.403,0.372,0.384,0.353,0.358,0.4,0.371,0.395,0.445,0.396,0.398,0.394,0.402,0.378,0.411,0.37,0.404,0.384,0.41,0.371,0.408,0.362,0.386,0.395,0.394,0.388,0.356,0.365,0.387,0.334
555,0.405,0.412,0.412,0.409,0.383,0.378,0.408,0.36,0.353,0.366,0.445,0.354,0.392,0.387,0.379,0.418,0.382,0.348,0.414,0.377,0.42,0.406,0.366,0.344,0.357,0.329,0.328,0.381,0.384,0.367,0.357,0.365,0.322,0.392,0.405,0.379,0.398,0.37,0.38,0.35,0.355,0.396,0.367,0.391,0.44,0.391,0.393,0.389,0.397,0.374,0.406,0.365,0.399,0.379,0.405,0.367,0.403,0.358,0.382,0.391,0.39,0.384,0.353,0.361,0.382,0.333
556,0.401,0.411,0.408,0.405,0.381,0.374,0.407,0.359,0.352,0.364,0.442,0.351,0.389,0.383,0.376,0.414,0.381,0.345,0.41,0.374,0.417,0.402,0.364,0.342,0.356,0.329,0.326,0.378,0.383,0.366,0.355,0.362,0.321,0.388,0.404,0.376,0.394,0.368,0.378,0.348,0.353,0.393,0.365,0.389,0.436,0.388,0.39,0.385,0.394,0.37,0.403,0.362,0.396,0.376,0.402,0.364,0.4,0.356,0.379,0.387,0.387,0.381,0.351,0.358,0.379,0.332
557,0.396,0.409,0.402,0.399,0.377,0.369,0.406,0.358,0.351,0.36,0.437,0.346,0.384,0.378,0.371,0.408,0.38,0.34,0.405,0.368,0.411,0.397,0.361,0.338,0.355,0.327,0.322,0.374,0.382,0.365,0.35,0.357,0.321,0.382,0.402,0.37,0.388,0.366,0.374,0.345,0.349,0.387,0.36,0.384,0.43,0.382,0.384,0.379,0.388,0.365,0.397,0.357,0.39,0.37,0.396,0.36,0.394,0.351,0.374,0.382,0.381,0.376,0.347,0.353,0.374,0.331
558,0.39,0.407,0.397,0.394,0.373,0.363,0.404,0.357,0.349,0.357,0.433,0.341,0.379,0.373,0.366,0.403,0.379,0.336,0.4,0.364,0.406,0.391,0.358,0.334,0.354,0.326,0.318,0.369,0.381,0.364,0.345,0.352,0.32,0.377,0.401,0.365,0.383,0.364,0.37,0.342,0.345,0.382,0.356,0.38,0.424,0.377,0.379,0.374,0.383,0.36,0.391,0.352,0.384,0.365,0.391,0.355,0.389,0.347,0.37,0.377,0.376,0.371,0.344,0.349,0.369,0.33
559,0.386,0.405,0.392,0.389,0.37,0.359,0.402,0.356,0.348,0.354,0.429,0.337,0.375,0.368,0.361,0.398,0.378,0.331,0.395,0.359,0.401,0.386,0.355,0.33,0.352,0.325,0.315,0.365,0.38,0.363,0.341,0.348,0.319,0.373,0.399,0.36,0.378,0.362,0.366,0.34,0.341,0.378,0.352,0.377,0.419,0.373,0.374,0.369,0.378,0.356,0.386,0.348,0.38,0.36,0.386,0.351,0.384,0.343,0.365,0.372,0.372,0.367,0.34,0.345,0.364,0.329
560,0.382,0.404,0.389,0.385,0.367,0.356,0.402,0.355,0.347,0.352,0.427,0.335,0.372,0.365,0.359,0.395,0.378,0.329,0.392,0.357,0.398,0.383,0.354,0.328,0.351,0.324,0.313,0.363,0.379,0.362,0.339,0.346,0.319,0.37,0.398,0.357,0.375,0.361,0.364,0.338,0.339,0.375,0.349,0.374,0.415,0.369,0.371,0.366,0.375,0.353,0.383,0.345,0.376,0.357,0.383,0.349,0.381,0.34,0.362,0.369,0.369,0.364,0.338,0.342,0.361,0.328
561,0.377,0.402,0.383,0.38,0.364,0.351,0.4,0.354,0.346,0.348,0.423,0.33,0.367,0.361,0.354,0.39,0.376,0.324,0.387,0.352,0.393,0.378,0.351,0.325,0.35,0.323,0.31,0.358,0.378,0.361,0.335,0.342,0.318,0.364,0.396,0.352,0.37,0.359,0.36,0.335,0.335,0.37,0.345,0.37,0.41,0.365,0.366,0.361,0.369,0.348,0.378,0.34,0.371,0.352,0.378,0.344,0.376,0.336,0.358,0.364,0.364,0.359,0.335,0.338,0.357,0.326
562,0.371,0.399,0.377,0.374,0.36,0.345,0.398,0.352,0.344,0.344,0.418,0.325,0.362,0.355,0.348,0.384,0.375,0.319,0.382,0.347,0.387,0.372,0.348,0.32,0.348,0.321,0.306,0.353,0.376,0.359,0.33,0.337,0.317,0.359,0.394,0.347,0.364,0.356,0.356,0.332,0.331,0.364,0.341,0.366,0.404,0.359,0.36,0.355,0.364,0.343,0.372,0.335,0.365,0.347,0.372,0.34,0.37,0.332,0.353,0.359,0.358,0.354,0.331,0.333,0.351,0.325
563,0.365,0.396,0.371,0.368,0.355,0.339,0.396,0.35,0.343,0.34,0.413,0.32,0.356,0.349,0.343,0.378,0.373,0.314,0.376,0.341,0.381,0.366,0.344,0.316,0.346,0.32,0.302,0.348,0.375,0.358,0.325,0.332,0.315,0.353,0.392,0.341,0.358,0.353,0.351,0.328,0.326,0.359,0.336,0.361,0.397,0.353,0.354,0.349,0.357,0.337,0.365,0.329,0.359,0.341,0.366,0.334,0.364,0.327,0.347,0.353,0.353,0.349,0.327,0.328,0.345,0.323
564,0.361,0.394,0.367,0.364,0.352,0.336,0.394,0.349,0.341,0.338,0.409,0.316,0.353,0.345,0.339,0.374,0.372,0.311,0.372,0.338,0.377,0.362,0.342,0.313,0.345,0.318,0.299,0.345,0.373,0.357,0.321,0.328,0.314,0.349,0.39,0.337,0.354,0.352,0.349,0.326,0.324,0.355,0.332,0.358,0.393,0.349,0.35,0.345,0.353,0.333,0.361,0.326,0.355,0.337,0.362,0.331,0.36,0.324,0.344,0.35,0.349,0.345,0.325,0.324,0.342,0.321
565,0.356,0.392,0.362,0.359,0.349,0.331,0.392,0.348,0.34,0.334,0.405,0.312,0.348,0.341,0.335,0.37,0.371,0.306,0.367,0.333,0.372,0.357,0.339,0.309,0.343,0.317,0.296,0.341,0.372,0.355,0.317,0.324,0.313,0.344,0.388,0.332,0.349,0.349,0.345,0.323,0.32,0.35,0.328,0.354,0.387,0.345,0.345,0.34,0.349,0.329,0.356,0.322,0.35,0.332,0.357,0.327,0.355,0.319,0.34,0.345,0.344,0.341,0.321,0.32,0.337,0.32
566,0.351,0.389,0.357,0.354,0.345,0.326,0.39,0.346,0.338,0.331,0.401,0.308,0.344,0.336,0.33,0.365,0.369,0.302,0.362,0.329,0.367,0.353,0.337,0.306,0.342,0.315,0.292,0.337,0.37,0.354,0.313,0.32,0.312,0.34,0.386,0.328,0.344,0.347,0.341,0.32,0.316,0.346,0.324,0.35,0.382,0.34,0.34,0.335,0.344,0.324,0.351,0.317,0.345,0.328,0.352,0.323,0.351,0.315,0.335,0.34,0.34,0.337,0.318,0.316,0.333,0.318
567,0.346,0.387,0.351,0.348,0.341,0.321,0.388,0.345,0.337,0.327,0.397,0.303,0.339,0.331,0.326,0.36,0.367,0.298,0.357,0.325,0.362,0.347,0.334,0.302,0.34,0.314,0.289,0.332,0.369,0.352,0.309,0.316,0.311,0.335,0.384,0.322,0.338,0.345,0.337,0.317,0.312,0.341,0.32,0.346,0.376,0.335,0.335,0.33,0.339,0.319,0.346,0.313,0.34,0.323,0.347,0.318,0.345,0.311,0.331,0.335,0.335,0.332,0.314,0.312,0.328,0.316
568,0.342,0.385,0.347,0.344,0.338,0.317,0.387,0.343,0.335,0.324,0.393,0.3,0.335,0.327,0.322,0.356,0.366,0.294,0.353,0.321,0.358,0.344,0.331,0.299,0.338,0.312,0.286,0.329,0.368,0.351,0.305,0.313,0.31,0.331,0.382,0.319,0.335,0.343,0.334,0.315,0.309,0.337,0.317,0.343,0.372,0.332,0.331,0.326,0.335,0.316,0.342,0.309,0.336,0.319,0.343,0.315,0.342,0.308,0.327,0.332,0.332,0.329,0.312,0.308,0.324,0.315
569,0.336,0.381,0.341,0.339,0.334,0.312,0.384,0.342,0.334,0.32,0.389,0.295,0.33,0.322,0.316,0.35,0.364,0.289,0.348,0.316,0.352,0.338,0.328,0.295,0.336,0.31,0.282,0.324,0.366,0.349,0.301,0.308,0.309,0.325,0.379,0.313,0.329,0.34,0.33,0.311,0.305,0.331,0.312,0.338,0.366,0.326,0.326,0.32,0.329,0.31,0.336,0.304,0.33,0.313,0.337,0.31,0.336,0.303,0.322,0.326,0.326,0.323,0.308,0.303,0.319,0.312
570,0.331,0.378,0.336,0.333,0.33,0.306,0.382,0.34,0.332,0.317,0.384,0.29,0.325,0.317,0.312,0.345,0.362,0.285,0.343,0.311,0.347,0.332,0.325,0.291,0.334,0.308,0.279,0.319,0.364,0.347,0.296,0.303,0.307,0.32,0.376,0.308,0.323,0.337,0.326,0.308,0.301,0.326,0.308,0.334,0.36,0.321,0.321,0.315,0.324,0.305,0.33,0.299,0.325,0.308,0.332,0.306,0.331,0.299,0.317,0.321,0.321,0.319,0.304,0.299,0.314,0.31
571,0.326,0.376,0.331,0.328,0.327,0.302,0.38,0.338,0.33,0.314,0.38,0.286,0.321,0.313,0.307,0.34,0.361,0.281,0.338,0.307,0.342,0.328,0.322,0.288,0.332,0.306,0.276,0.315,0.362,0.345,0.292,0.299,0.306,0.316,0.374,0.303,0.319,0.335,0.322,0.305,0.298,0.322,0.304,0.33,0.355,0.316,0.316,0.31,0.319,0.301,0.326,0.295,0.32,0.304,0.327,0.302,0.326,0.295,0.313,0.317,0.317,0.314,0.301,0.295,0.31,0.308
572,0.323,0.374,0.327,0.325,0.324,0.299,0.378,0.337,0.329,0.311,0.377,0.283,0.318,0.309,0.304,0.337,0.359,0.278,0.335,0.304,0.339,0.324,0.32,0.285,0.331,0.305,0.273,0.313,0.361,0.344,0.29,0.296,0.305,0.313,0.372,0.3,0.316,0.333,0.32,0.303,0.295,0.319,0.301,0.327,0.352,0.313,0.313,0.307,0.316,0.298,0.322,0.292,0.317,0.301,0.324,0.299,0.323,0.292,0.31,0.314,0.314,0.312,0.299,0.292,0.307,0.307
573,0.318,0.371,0.322,0.32,0.321,0.294,0.376,0.335,0.327,0.308,0.373,0.279,0.314,0.305,0.3,0.332,0.357,0.274,0.33,0.299,0.334,0.32,0.317,0.281,0.329,0.303,0.27,0.308,0.359,0.342,0.285,0.292,0.303,0.308,0.37,0.295,0.311,0.33,0.315,0.3,0.291,0.314,0.297,0.323,0.346,0.308,0.308,0.302,0.311,0.294,0.317,0.287,0.312,0.296,0.319,0.295,0.318,0.288,0.306,0.309,0.309,0.307,0.295,0.288,0.302,0.305
574,0.312,0.368,0.317,0.314,0.316,0.289,0.373,0.332,0.325,0.304,0.368,0.274,0.308,0.299,0.295,0.326,0.355,0.269,0.325,0.294,0.328,0.314,0.314,0.277,0.326,0.301,0.266,0.304,0.357,0.34,0.281,0.288,0.302,0.302,0.366,0.29,0.305,0.327,0.311,0.296,0.287,0.309,0.292,0.318,0.34,0.303,0.302,0.297,0.306,0.288,0.311,0.282,0.306,0.291,0.313,0.29,0.313,0.283,0.301,0.303,0.304,0.302,0.291,0.283,0.297,0.302
575,0.307,0.364,0.311,0.309,0.312,0.283,0.37,0.33,0.322,0.3,0.363,0.27,0.303,0.294,0.289,0.321,0.353,0.264,0.32,0.289,0.323,0.309,0.31,0.273,0.324,0.299,0.262,0.299,0.354,0.337,0.276,0.283,0.3,0.297,0.363,0.285,0.299,0.325,0.307,0.293,0.283,0.304,0.287,0.314,0.334,0.298,0.297,0.291,0.3,0.283,0.306,0.278,0.301,0.286,0.308,0.285,0.307,0.279,0.296,0.298,0.299,0.297,0.287,0.279,0.292,0.3
576,0.304,0.362,0.308,0.305,0.31,0.28,0.368,0.329,0.321,0.297,0.36,0.267,0.301,0.291,0.287,0.318,0.351,0.262,0.317,0.287,0.32,0.306,0.308,0.271,0.322,0.297,0.26,0.296,0.353,0.336,0.274,0.281,0.299,0.294,0.362,0.282,0.296,0.323,0.304,0.291,0.281,0.301,0.285,0.311,0.331,0.295,0.294,0.288,0.297,0.281,0.303,0.275,0.298,0.283,0.305,0.283,0.304,0.276,0.293,0.296,0.296,0.294,0.285,0.276,0.289,0.298
577,0.299,0.359,0.303,0.301,0.306,0.276,0.366,0.327,0.319,0.294,0.356,0.263,0.297,0.287,0.283,0.314,0.35,0.258,0.312,0.283,0.315,0.301,0.306,0.268,0.321,0.295,0.257,0.293,0.351,0.334,0.27,0.277,0.298,0.29,0.359,0.278,0.292,0.32,0.301,0.288,0.277,0.297,0.281,0.308,0.326,0.291,0.29,0.284,0.293,0.277,0.298,0.271,0.293,0.279,0.301,0.279,0.3,0.273,0.289,0.291,0.292,0.291,0.282,0.272,0.285,0.296
578,0.295,0.356,0.298,0.296,0.303,0.272,0.363,0.325,0.317,0.291,0.352,0.259,0.292,0.283,0.278,0.309,0.347,0.254,0.308,0.279,0.311,0.297,0.303,0.265,0.319,0.293,0.254,0.289,0.349,0.332,0.266,0.273,0.296,0.286,0.356,0.274,0.288,0.318,0.297,0.285,0.274,0.293,0.277,0.304,0.321,0.287,0.286,0.28,0.289,0.273,0.294,0.267,0.289,0.274,0.296,0.275,0.295,0.269,0.285,0.287,0.288,0.287,0.279,0.268,0.281,0.294
579,0.29,0.353,0.293,0.291,0.299,0.267,0.36,0.322,0.315,0.287,0.348,0.255,0.288,0.278,0.274,0.304,0.345,0.25,0.303,0.274,0.305,0.291,0.299,0.261,0.316,0.291,0.25,0.284,0.347,0.33,0.262,0.269,0.294,0.281,0.353,0.268,0.282,0.315,0.293,0.281,0.27,0.288,0.273,0.3,0.316,0.282,0.281,0.274,0.284,0.268,0.288,0.262,0.284,0.269,0.291,0.271,0.29,0.264,0.281,0.282,0.283,0.282,0.275,0.264,0.276,0.291
580,0.286,0.35,0.289,0.287,0.296,0.263,0.358,0.321,0.313,0.285,0.344,0.252,0.284,0.275,0.27,0.3,0.343,0.246,0.299,0.271,0.302,0.288,0.297,0.258,0.314,0.289,0.248,0.281,0.345,0.328,0.259,0.266,0.293,0.277,0.35,0.265,0.279,0.313,0.29,0.279,0.267,0.284,0.27,0.297,0.312,0.279,0.277,0.271,0.28,0.264,0.285,0.259,0.28,0.266,0.287,0.268,0.287,0.261,0.277,0.279,0.28,0.279,0.273,0.261,0.273,0.289
581,0.281,0.346,0.284,0.282,0.292,0.259,0.355,0.318,0.311,0.281,0.34,0.247,0.28,0.269,0.266,0.295,0.341,0.242,0.294,0.266,0.297,0.283,0.293,0.254,0.311,0.287,0.244,0.276,0.342,0.325,0.254,0.261,0.29,0.272,0.347,0.26,0.274,0.309,0.286,0.275,0.263,0.28,0.266,0.292,0.306,0.274,0.272,0.266,0.275,0.26,0.279,0.255,0.275,0.261,0.282,0.263,0.282,0.257,0.273,0.274,0.275,0.274,0.269,0.256,0.268,0.287
582,0.276,0.343,0.279,0.277,0.288,0.254,0.352,0.316,0.309,0.277,0.335,0.244,0.276,0.265,0.262,0.291,0.338,0.238,0.29,0.262,0.292,0.278,0.29,0.25,0.309,0.284,0.241,0.272,0.34,0.323,0.251,0.257,0.289,0.268,0.344,0.256,0.269,0.307,0.282,0.272,0.26,0.275,0.262,0.289,0.301,0.27,0.268,0.261,0.271,0.256,0.275,0.251,0.271,0.257,0.278,0.26,0.277,0.253,0.269,0.27,0.271,0.27,0.266,0.253,0.264,0.284
583,0.272,0.34,0.275,0.273,0.285,0.25,0.35,0.314,0.307,0.274,0.332,0.24,0.272,0.261,0.258,0.287,0.336,0.235,0.286,0.258,0.288,0.274,0.288,0.247,0.307,0.282,0.238,0.269,0.338,0.321,0.247,0.254,0.287,0.265,0.342,0.252,0.265,0.304,0.279,0.27,0.257,0.272,0.259,0.285,0.297,0.266,0.264,0.258,0.267,0.252,0.271,0.247,0.267,0.253,0.274,0.256,0.273,0.25,0.265,0.266,0.267,0.266,0.263,0.249,0.26,0.282
584,0.269,0.338,0.273,0.271,0.283,0.248,0.348,0.312,0.305,0.272,0.329,0.238,0.269,0.259,0.255,0.284,0.335,0.232,0.283,0.256,0.285,0.271,0.286,0.245,0.305,0.281,0.236,0.267,0.336,0.319,0.245,0.252,0.286,0.262,0.34,0.25,0.263,0.302,0.276,0.268,0.254,0.269,0.256,0.283,0.294,0.263,0.261,0.255,0.264,0.249,0.268,0.245,0.264,0.25,0.271,0.254,0.271,0.247,0.263,0.263,0.264,0.264,0.261,0.247,0.257,0.281
585,0.265,0.335,0.268,0.266,0.279,0.243,0.345,0.309,0.303,0.269,0.325,0.234,0.265,0.254,0.251,0.279,0.332,0.228,0.278,0.252,0.281,0.267,0.283,0.241,0.303,0.279,0.233,0.263,0.334,0.317,0.241,0.248,0.284,0.258,0.336,0.245,0.258,0.299,0.272,0.265,0.251,0.265,0.252,0.279,0.289,0.259,0.256,0.25,0.26,0.245,0.263,0.24,0.259,0.246,0.267,0.25,0.266,0.243,0.258,0.259,0.26,0.26,0.257,0.243,0.253,0.278
586,0.26,0.331,0.263,0.261,0.275,0.239,0.342,0.307,0.3,0.265,0.32,0.229,0.26,0.25,0.246,0.274,0.329,0.224,0.274,0.247,0.275,0.262,0.279,0.237,0.3,0.276,0.229,0.258,0.331,0.314,0.237,0.243,0.281,0.253,0.333,0.24,0.253,0.296,0.268,0.261,0.247,0.26,0.248,0.275,0.284,0.254,0.252,0.245,0.255,0.241,0.258,0.236,0.254,0.241,0.262,0.245,0.261,0.239,0.254,0.254,0.255,0.255,0.254,0.239,0.248,0.275
587,0.255,0.328,0.258,0.256,0.272,0.234,0.339,0.304,0.298,0.262,0.316,0.226,0.256,0.245,0.242,0.27,0.327,0.22,0.269,0.243,0.271,0.257,0.276,0.234,0.297,0.273,0.226,0.254,0.328,0.311,0.233,0.239,0.279,0.249,0.329,0.236,0.249,0.293,0.264,0.258,0.243,0.256,0.244,0.271,0.279,0.25,0.247,0.241,0.25,0.236,0.254,0.232,0.25,0.237,0.257,0.242,0.257,0.235,0.25,0.25,0.251,0.251,0.25,0.235,0.244,0.273
588,0.252,0.324,0.254,0.252,0.268,0.231,0.336,0.302,0.296,0.259,0.312,0.222,0.253,0.242,0.239,0.266,0.324,0.217,0.265,0.239,0.267,0.253,0.274,0.231,0.295,0.271,0.223,0.251,0.326,0.309,0.23,0.236,0.278,0.245,0.326,0.233,0.245,0.291,0.261,0.255,0.24,0.252,0.241,0.268,0.275,0.246,0.244,0.237,0.247,0.233,0.25,0.229,0.246,0.233,0.253,0.238,0.253,0.232,0.246,0.246,0.247,0.248,0.247,0.232,0.241,0.27
589,0.249,0.322,0.252,0.25,0.266,0.229,0.334,0.3,0.294,0.257,0.31,0.22,0.251,0.239,0.236,0.264,0.323,0.215,0.263,0.237,0.265,0.251,0.272,0.229,0.294,0.27,0.221,0.248,0.324,0.308,0.228,0.234,0.276,0.243,0.324,0.23,0.242,0.289,0.259,0.253,0.238,0.25,0.239,0.266,0.272,0.244,0.241,0.235,0.244,0.231,0.247,0.227,0.243,0.231,0.251,0.236,0.25,0.23,0.244,0.244,0.245,0.245,0.245,0.229,0.238,0.269
590,0.245,0.319,0.248,0.246,0.263,0.225,0.331,0.298,0.292,0.254,0.306,0.217,0.247,0.236,0.233,0.26,0.321,0.211,0.259,0.234,0.261,0.247,0.269,0.226,0.292,0.267,0.218,0.245,0.322,0.305,0.224,0.231,0.275,0.239,0.321,0.227,0.239,0.286,0.256,0.251,0.235,0.247,0.235,0.262,0.268,0.24,0.237,0.231,0.241,0.227,0.243,0.223,0.24,0.227,0.247,0.233,0.247,0.227,0.241,0.24,0.242,0.242,0.242,0.226,0.235,0.266
591,0.241,0.316,0.243,0.241,0.26,0.221,0.328,0.295,0.29,0.25,0.302,0.213,0.243,0.232,0.229,0.256,0.318,0.208,0.255,0.23,0.256,0.243,0.266,0.223,0.289,0.265,0.215,0.241,0.319,0.303,0.221,0.227,0.273,0.235,0.318,0.223,0.234,0.283,0.252,0.247,0.232,0.243,0.232,0.259,0.264,0.236,0.234,0.227,0.237,0.224,0.239,0.22,0.236,0.223,0.243,0.229,0.242,0.223,0.237,0.236,0.238,0.238,0.239,0.222,0.231,0.264
592,0.237,0.312,0.239,0.237,0.256,0.217,0.325,0.293,0.287,0.247,0.298,0.21,0.239,0.228,0.225,0.252,0.315,0.204,0.251,0.226,0.252,0.239,0.263,0.22,0.286,0.262,0.212,0.237,0.316,0.3,0.217,0.224,0.27,0.231,0.315,0.219,0.23,0.281,0.248,0.244,0.229,0.239,0.228,0.255,0.259,0.233,0.229,0.223,0.233,0.22,0.235,0.216,0.232,0.22,0.239,0.226,0.238,0.22,0.233,0.233,0.234,0.234,0.236,0.219,0.227,0.261
593,0.234,0.31,0.236,0.234,0.254,0.214,0.323,0.291,0.285,0.245,0.295,0.207,0.237,0.225,0.223,0.249,0.313,0.202,0.248,0.224,0.25,0.236,0.261,0.218,0.285,0.26,0.21,0.235,0.315,0.298,0.215,0.221,0.269,0.229,0.313,0.216,0.228,0.279,0.246,0.242,0.227,0.236,0.226,0.253,0.256,0.23,0.227,0.221,0.23,0.217,0.232,0.214,0.229,0.217,0.236,0.223,0.236,0.217,0.231,0.23,0.231,0.232,0.234,0.217,0.225,0.259
594,0.231,0.307,0.233,0.231,0.251,0.211,0.32,0.289,0.283,0.242,0.292,0.204,0.234,0.222,0.22,0.245,0.311,0.199,0.245,0.22,0.246,0.233,0.259,0.215,0.282,0.258,0.208,0.232,0.312,0.296,0.212,0.218,0.267,0.226,0.31,0.213,0.225,0.276,0.243,0.24,0.224,0.233,0.223,0.25,0.252,0.227,0.224,0.217,0.227,0.214,0.229,0.211,0.226,0.214,0.233,0.22,0.232,0.214,0.227,0.227,0.228,0.229,0.231,0.214,0.221,0.257
595,0.228,0.304,0.23,0.228,0.249,0.208,0.318,0.286,0.281,0.24,0.289,0.202,0.231,0.219,0.217,0.242,0.309,0.196,0.242,0.218,0.243,0.229,0.256,0.212,0.28,0.256,0.205,0.229,0.31,0.294,0.209,0.216,0.265,0.222,0.307,0.21,0.221,0.274,0.24,0.237,0.221,0.23,0.221,0.247,0.249,0.224,0.22,0.214,0.224,0.211,0.226,0.208,0.222,0.211,0.23,0.218,0.229,0.212,0.225,0.224,0.225,0.226,0.229,0.211,0.218,0.255
596,0.224,0.301,0.226,0.224,0.246,0.205,0.315,0.284,0.279,0.237,0.285,0.199,0.228,0.216,0.214,0.239,0.306,0.194,0.238,0.215,0.239,0.226,0.254,0.209,0.278,0.254,0.203,0.226,0.308,0.291,0.207,0.213,0.263,0.219,0.304,0.207,0.218,0.271,0.237,0.235,0.218,0.227,0.218,0.244,0.246,0.221,0.217,0.211,0.22,0.208,0.222,0.205,0.219,0.208,0.227,0.215,0.226,0.209,0.222,0.221,0.222,0.223,0.226,0.208,0.215,0.253
597,0.222,0.299,0.224,0.222,0.244,0.203,0.313,0.282,0.278,0.235,0.283,0.197,0.225,0.213,0.212,0.236,0.305,0.192,0.236,0.212,0.237,0.224,0.252,0.208,0.277,0.252,0.201,0.224,0.306,0.29,0.205,0.211,0.262,0.217,0.302,0.205,0.216,0.27,0.235,0.233,0.217,0.225,0.215,0.241,0.243,0.218,0.215,0.209,0.218,0.206,0.22,0.203,0.217,0.206,0.224,0.213,0.223,0.207,0.219,0.218,0.22,0.22,0.225,0.206,0.213,0.251
598,0.219,0.296,0.22,0.219,0.241,0.199,0.311,0.28,0.275,0.232,0.28,0.194,0.222,0.21,0.208,0.233,0.302,0.189,0.233,0.209,0.233,0.22,0.249,0.205,0.274,0.25,0.199,0.221,0.304,0.287,0.202,0.208,0.26,0.214,0.299,0.201,0.212,0.267,0.232,0.231,0.214,0.222,0.212,0.238,0.239,0.215,0.211,0.205,0.215,0.203,0.216,0.2,0.213,0.202,0.221,0.21,0.22,0.204,0.216,0.215,0.217,0.217,0.222,0.203,0.21,0.248
599,0.216,0.293,0.217,0.215,0.238,0.196,0.308,0.278,0.273,0.23,0.276,0.191,0.219,0.207,0.205,0.23,0.3,0.186,0.23,0.206,0.23,0.217,0.247,0.203,0.272,0.248,0.196,0.218,0.301,0.285,0.199,0.205,0.258,0.211,0.296,0.198,0.209,0.265,0.229,0.228,0.211,0.219,0.21,0.235,0.236,0.212,0.208,0.202,0.212,0.2,0.213,0.197,0.21,0.199,0.218,0.207,0.217,0.201,0.213,0.212,0.214,0.214,0.219,0.2,0.207,0.246
600,0.213,0.29,0.214,0.212,0.235,0.194,0.305,0.275,0.271,0.227,0.273,0.188,0.216,0.204,0.203,0.227,0.298,0.183,0.227,0.203,0.227,0.214,0.245,0.2,0.27,0.246,0.194,0.215,0.299,0.283,0.197,0.202,0.256,0.208,0.293,0.196,0.206,0.262,0.227,0.226,0.209,0.216,0.207,0.233,0.232,0.209,0.205,0.199,0.209,0.197,0.21,0.194,0.207,0.197,0.215,0.204,0.214,0.198,0.21,0.209,0.211,0.212,0.217,0.198,0.204,0.244
601,0.209,0.287,0.21,0.209,0.232,0.191,0.302,0.273,0.269,0.225,0.27,0.186,0.213,0.201,0.2,0.224,0.295,0.18,0.224,0.2,0.224,0.211,0.242,0.197,0.268,0.243,0.191,0.212,0.296,0.28,0.194,0.199,0.254,0.205,0.291,0.193,0.203,0.26,0.224,0.223,0.206,0.213,0.204,0.23,0.229,0.206,0.202,0.196,0.206,0.194,0.207,0.192,0.204,0.194,0.211,0.202,0.211,0.196,0.208,0.206,0.208,0.209,0.214,0.195,0.201,0.242
602,0.207,0.284,0.208,0.206,0.23,0.189,0.3,0.271,0.267,0.223,0.268,0.184,0.211,0.199,0.198,0.221,0.293,0.178,0.221,0.198,0.221,0.208,0.24,0.195,0.266,0.242,0.19,0.21,0.294,0.279,0.192,0.197,0.253,0.203,0.289,0.191,0.201,0.258,0.222,0.221,0.204,0.211,0.202,0.228,0.226,0.204,0.2,0.194,0.203,0.192,0.204,0.19,0.202,0.191,0.209,0.199,0.208,0.194,0.205,0.204,0.205,0.206,0.212,0.193,0.199,0.24
603,0.204,0.281,0.204,0.203,0.227,0.185,0.297,0.269,0.265,0.22,0.264,0.181,0.208,0.196,0.195,0.218,0.291,0.175,0.218,0.195,0.218,0.205,0.237,0.193,0.263,0.239,0.187,0.207,0.292,0.276,0.189,0.194,0.251,0.2,0.285,0.188,0.198,0.255,0.218,0.219,0.201,0.208,0.199,0.225,0.223,0.201,0.197,0.191,0.2,0.189,0.201,0.187,0.198,0.188,0.206,0.197,0.205,0.191,0.202,0.201,0.202,0.203,0.21,0.19,0.196,0.237
604,0.201,0.278,0.201,0.2,0.225,0.183,0.295,0.266,0.263,0.217,0.261,0.178,0.205,0.193,0.192,0.215,0.288,0.173,0.215,0.193,0.215,0.202,0.235,0.19,0.261,0.237,0.185,0.205,0.289,0.274,0.186,0.192,0.249,0.197,0.282,0.185,0.195,0.253,0.216,0.216,0.199,0.205,0.197,0.222,0.22,0.198,0.194,0.188,0.197,0.187,0.198,0.184,0.195,0.185,0.203,0.194,0.202,0.188,0.2,0.198,0.2,0.201,0.207,0.187,0.193,0.235
605,0.198,0.276,0.199,0.198,0.223,0.18,0.293,0.264,0.261,0.215,0.258,0.176,0.203,0.19,0.189,0.212,0.286,0.171,0.212,0.19,0.212,0.2,0.233,0.188,0.259,0.235,0.183,0.203,0.287,0.272,0.184,0.19,0.247,0.195,0.28,0.182,0.192,0.251,0.213,0.214,0.197,0.202,0.195,0.22,0.217,0.196,0.192,0.186,0.195,0.184,0.196,0.182,0.193,0.183,0.2,0.192,0.2,0.186,0.197,0.196,0.197,0.198,0.205,0.185,0.191,0.233
606,0.197,0.275,0.197,0.196,0.221,0.179,0.291,0.263,0.26,0.214,0.257,0.175,0.202,0.189,0.188,0.211,0.285,0.17,0.211,0.189,0.211,0.198,0.232,0.187,0.258,0.234,0.182,0.201,0.286,0.271,0.183,0.188,0.246,0.193,0.279,0.181,0.191,0.249,0.212,0.213,0.196,0.201,0.193,0.219,0.215,0.195,0.19,0.184,0.194,0.183,0.194,0.181,0.192,0.182,0.199,0.191,0.198,0.185,0.196,0.194,0.196,0.197,0.204,0.184,0.189,0.232
607,0.195,0.272,0.195,0.194,0.219,0.176,0.289,0.261,0.258,0.212,0.254,0.172,0.199,0.186,0.186,0.208,0.283,0.168,0.208,0.187,0.208,0.196,0.23,0.185,0.256,0.232,0.18,0.199,0.284,0.269,0.181,0.186,0.244,0.191,0.276,0.179,0.188,0.247,0.21,0.211,0.194,0.199,0.191,0.216,0.213,0.193,0.188,0.182,0.191,0.181,0.192,0.179,0.189,0.179,0.197,0.188,0.196,0.183,0.194,0.192,0.194,0.195,0.202,0.182,0.187,0.23
608,0.192,0.269,0.192,0.191,0.216,0.174,0.286,0.259,0.256,0.209,0.251,0.17,0.197,0.184,0.183,0.205,0.281,0.165,0.206,0.184,0.205,0.193,0.228,0.183,0.254,0.23,0.178,0.196,0.282,0.266,0.178,0.184,0.242,0.189,0.274,0.176,0.186,0.245,0.207,0.209,0.191,0.196,0.189,0.214,0.21,0.19,0.185,0.179,0.189,0.178,0.189,0.176,0.186,0.177,0.194,0.186,0.193,0.18,0.191,0.189,0.191,0.192,0.2,0.18,0.185,0.228
609,0.189,0.266,0.189,0.188,0.214,0.171,0.283,0.256,0.253,0.207,0.248,0.168,0.194,0.181,0.18,0.202,0.278,0.163,0.203,0.181,0.202,0.19,0.225,0.18,0.252,0.228,0.175,0.194,0.279,0.264,0.176,0.181,0.24,0.186,0.271,0.173,0.183,0.242,0.204,0.206,0.189,0.193,0.186,0.211,0.206,0.187,0.182,0.176,0.186,0.176,0.186,0.174,0.183,0.174,0.191,0.183,0.19,0.178,0.188,0.186,0.188,0.189,0.197,0.177,0.182,0.225
610,0.186,0.263,0.186,0.185,0.211,0.169,0.281,0.254,0.251,0.205,0.245,0.165,0.191,0.178,0.178,0.2,0.276,0.161,0.2,0.179,0.2,0.187,0.223,0.178,0.25,0.226,0.173,0.191,0.277,0.261,0.174,0.179,0.239,0.183,0.268,0.171,0.18,0.24,0.202,0.204,0.187,0.191,0.184,0.208,0.204,0.185,0.18,0.174,0.183,0.173,0.183,0.171,0.181,0.172,0.188,0.181,0.188,0.175,0.186,0.184,0.186,0.187,0.195,0.175,0.179,0.223
611,0.185,0.262,0.185,0.184,0.21,0.167,0.28,0.253,0.25,0.203,0.244,0.164,0.19,0.177,0.177,0.198,0.274,0.159,0.199,0.178,0.198,0.186,0.222,0.177,0.249,0.224,0.172,0.19,0.276,0.26,0.172,0.178,0.237,0.182,0.267,0.169,0.179,0.239,0.2,0.203,0.185,0.19,0.182,0.207,0.202,0.183,0.178,0.173,0.182,0.172,0.182,0.17,0.179,0.171,0.187,0.179,0.186,0.174,0.185,0.182,0.184,0.186,0.194,0.173,0.178,0.222
612,0.183,0.26,0.183,0.181,0.208,0.165,0.278,0.251,0.248,0.202,0.241,0.162,0.188,0.175,0.175,0.196,0.272,0.158,0.197,0.176,0.196,0.184,0.22,0.175,0.247,0.223,0.171,0.188,0.274,0.258,0.171,0.176,0.236,0.18,0.264,0.168,0.177,0.237,0.199,0.202,0.183,0.188,0.18,0.205,0.2,0.181,0.176,0.171,0.18,0.17,0.18,0.168,0.177,0.169,0.185,0.178,0.184,0.172,0.183,0.18,0.183,0.184,0.192,0.172,0.176,0.22
613,0.181,0.257,0.18,0.179,0.206,0.163,0.275,0.249,0.246,0.199,0.239,0.16,0.185,0.172,0.172,0.194,0.27,0.155,0.194,0.173,0.194,0.181,0.218,0.173,0.245,0.221,0.169,0.186,0.272,0.256,0.169,0.174,0.234,0.178,0.262,0.165,0.174,0.235,0.196,0.2,0.181,0.186,0.178,0.203,0.197,0.179,0.174,0.169,0.178,0.168,0.177,0.166,0.175,0.167,0.182,0.176,0.182,0.17,0.18,0.178,0.18,0.181,0.19,0.17,0.174,0.218
614,0.178,0.254,0.177,0.176,0.203,0.161,0.273,0.246,0.244,0.197,0.236,0.158,0.183,0.17,0.17,0.191,0.268,0.153,0.192,0.171,0.191,0.179,0.216,0.171,0.243,0.219,0.167,0.183,0.269,0.254,0.167,0.171,0.232,0.175,0.259,0.163,0.172,0.233,0.194,0.197,0.179,0.183,0.176,0.201,0.194,0.177,0.172,0.166,0.175,0.166,0.175,0.164,0.172,0.164,0.18,0.173,0.179,0.168,0.178,0.176,0.178,0.179,0.188,0.167,0.172,0.216
615,0.176,0.252,0.176,0.174,0.202,0.159,0.271,0.245,0.242,0.195,0.234,0.156,0.181,0.168,0.168,0.189,0.266,0.152,0.19,0.169,0.189,0.177,0.214,0.17,0.241,0.217,0.165,0.182,0.267,0.252,0.165,0.17,0.231,0.174,0.257,0.161,0.17,0.231,0.192,0.196,0.178,0.181,0.174,0.199,0.192,0.175,0.17,0.164,0.173,0.164,0.173,0.162,0.171,0.162,0.178,0.172,0.177,0.166,0.176,0.174,0.176,0.177,0.186,0.166,0.17,0.215
616,0.174,0.25,0.173,0.172,0.2,0.157,0.268,0.243,0.24,0.193,0.231,0.154,0.179,0.166,0.166,0.187,0.264,0.15,0.188,0.167,0.187,0.174,0.212,0.168,0.239,0.215,0.163,0.179,0.265,0.25,0.163,0.168,0.229,0.172,0.255,0.159,0.168,0.229,0.19,0.194,0.176,0.179,0.172,0.197,0.19,0.173,0.168,0.162,0.171,0.162,0.171,0.16,0.169,0.16,0.176,0.17,0.175,0.164,0.174,0.172,0.174,0.175,0.184,0.164,0.168,0.213
617,0.172,0.248,0.171,0.17,0.198,0.155,0.266,0.241,0.239,0.192,0.229,0.153,0.177,0.164,0.165,0.185,0.262,0.148,0.186,0.165,0.185,0.172,0.21,0.166,0.237,0.213,0.162,0.178,0.263,0.248,0.161,0.166,0.228,0.17,0.253,0.157,0.166,0.227,0.188,0.192,0.174,0.177,0.171,0.195,0.188,0.171,0.166,0.16,0.169,0.16,0.169,0.159,0.167,0.158,0.174,0.168,0.173,0.163,0.172,0.17,0.172,0.173,0.183,0.162,0.166,0.211
618,0.17,0.246,0.169,0.168,0.196,0.153,0.264,0.239,0.237,0.19,0.227,0.151,0.175,0.162,0.163,0.183,0.26,0.146,0.184,0.163,0.183,0.17,0.208,0.164,0.236,0.212,0.16,0.176,0.261,0.246,0.16,0.164,0.226,0.168,0.251,0.155,0.164,0.225,0.186,0.191,0.172,0.176,0.169,0.193,0.186,0.169,0.164,0.159,0.167,0.158,0.167,0.157,0.165,0.157,0.172,0.166,0.171,0.161,0.17,0.168,0.17,0.171,0.181,0.16,0.164,0.209
619,0.168,0.243,0.167,0.166,0.194,0.151,0.262,0.237,0.235,0.188,0.225,0.149,0.174,0.161,0.161,0.18,0.258,0.144,0.181,0.162,0.18,0.168,0.207,0.162,0.234,0.21,0.159,0.174,0.259,0.244,0.158,0.162,0.224,0.166,0.248,0.154,0.162,0.223,0.184,0.189,0.171,0.174,0.167,0.191,0.183,0.167,0.162,0.157,0.165,0.156,0.165,0.155,0.163,0.155,0.17,0.164,0.169,0.159,0.168,0.166,0.168,0.169,0.179,0.159,0.162,0.207
620,0.166,0.241,0.166,0.164,0.192,0.15,0.26,0.235,0.233,0.187,0.223,0.148,0.172,0.159,0.159,0.179,0.256,0.143,0.18,0.16,0.179,0.167,0.205,0.161,0.233,0.208,0.157,0.172,0.258,0.243,0.156,0.161,0.223,0.165,0.247,0.152,0.161,0.222,0.182,0.188,0.169,0.172,0.166,0.189,0.182,0.166,0.16,0.155,0.164,0.155,0.163,0.154,0.161,0.153,0.168,0.163,0.167,0.158,0.167,0.164,0.167,0.168,0.178,0.157,0.161,0.206
621,0.164,0.239,0.163,0.162,0.19,0.148,0.258,0.233,0.232,0.185,0.22,0.146,0.17,0.157,0.157,0.176,0.254,0.141,0.178,0.158,0.176,0.164,0.203,0.159,0.231,0.206,0.156,0.17,0.255,0.241,0.155,0.159,0.221,0.163,0.244,0.15,0.158,0.22,0.18,0.186,0.167,0.17,0.164,0.187,0.179,0.163,0.158,0.153,0.162,0.153,0.161,0.152,0.159,0.151,0.166,0.161,0.165,0.156,0.165,0.162,0.165,0.166,0.176,0.155,0.159,0.204
622,0.162,0.236,0.161,0.16,0.188,0.146,0.256,0.231,0.23,0.183,0.218,0.144,0.168,0.155,0.155,0.174,0.252,0.14,0.176,0.156,0.174,0.162,0.201,0.157,0.229,0.205,0.154,0.168,0.253,0.239,0.153,0.157,0.219,0.161,0.242,0.148,0.156,0.218,0.178,0.184,0.166,0.169,0.162,0.186,0.177,0.162,0.156,0.151,0.16,0.151,0.159,0.15,0.157,0.149,0.164,0.159,0.163,0.154,0.163,0.16,0.163,0.164,0.174,0.154,0.157,0.202
623,0.161,0.234,0.159,0.158,0.187,0.144,0.254,0.23,0.228,0.181,0.216,0.142,0.167,0.153,0.154,0.173,0.25,0.138,0.174,0.154,0.173,0.161,0.2,0.156,0.227,0.203,0.153,0.167,0.251,0.237,0.151,0.155,0.218,0.159,0.24,0.146,0.155,0.216,0.177,0.182,0.164,0.167,0.16,0.184,0.175,0.16,0.155,0.149,0.158,0.149,0.157,0.149,0.155,0.148,0.162,0.158,0.161,0.153,0.161,0.159,0.161,0.162,0.173,0.152,0.155,0.201
624,0.159,0.233,0.158,0.157,0.185,0.143,0.252,0.228,0.226,0.179,0.214,0.141,0.165,0.152,0.152,0.171,0.249,0.137,0.172,0.153,0.171,0.159,0.198,0.154,0.226,0.202,0.151,0.165,0.25,0.235,0.15,0.154,0.216,0.158,0.238,0.145,0.153,0.215,0.175,0.181,0.162,0.165,0.159,0.182,0.173,0.158,0.153,0.148,0.156,0.148,0.155,0.147,0.154,0.146,0.161,0.156,0.159,0.151,0.16,0.157,0.159,0.161,0.171,0.151,0.153,0.199
625,0.158,0.231,0.156,0.155,0.184,0.142,0.25,0.226,0.225,0.178,0.212,0.14,0.163,0.15,0.151,0.169,0.247,0.135,0.171,0.151,0.169,0.157,0.197,0.153,0.224,0.2,0.15,0.164,0.248,0.234,0.148,0.152,0.215,0.156,0.237,0.144,0.152,0.213,0.174,0.179,0.161,0.164,0.158,0.181,0.172,0.157,0.152,0.147,0.155,0.147,0.154,0.146,0.152,0.145,0.159,0.155,0.158,0.15,0.158,0.156,0.158,0.159,0.17,0.149,0.152,0.198
626,0.156,0.229,0.154,0.153,0.182,0.14,0.248,0.225,0.223,0.176,0.21,0.138,0.162,0.148,0.149,0.167,0.245,0.134,0.169,0.15,0.167,0.155,0.195,0.152,0.223,0.199,0.149,0.162,0.246,0.232,0.147,0.151,0.214,0.154,0.234,0.142,0.15,0.211,0.172,0.178,0.16,0.162,0.156,0.179,0.17,0.155,0.15,0.145,0.153,0.145,0.152,0.144,0.15,0.143,0.157,0.153,0.156,0.148,0.157,0.154,0.156,0.158,0.168,0.148,0.15,0.196
627,0.154,0.227,0.153,0.152,0.18,0.138,0.246,0.223,0.222,0.175,0.208,0.137,0.16,0.147,0.148,0.166,0.243,0.132,0.167,0.148,0.166,0.154,0.193,0.15,0.221,0.197,0.147,0.16,0.244,0.23,0.145,0.149,0.212,0.153,0.232,0.14,0.148,0.21,0.17,0.176,0.158,0.161,0.154,0.177,0.168,0.154,0.148,0.143,0.151,0.143,0.15,0.143,0.148,0.141,0.156,0.151,0.155,0.147,0.155,0.152,0.155,0.156,0.167,0.146,0.149,0.194
628,0.153,0.225,0.151,0.15,0.178,0.137,0.245,0.221,0.22,0.173,0.207,0.135,0.159,0.145,0.146,0.164,0.241,0.131,0.166,0.147,0.164,0.152,0.192,0.149,0.219,0.196,0.146,0.159,0.243,0.229,0.144,0.148,0.211,0.151,0.231,0.139,0.147,0.208,0.168,0.175,0.157,0.159,0.153,0.176,0.166,0.152,0.147,0.142,0.15,0.142,0.149,0.142,0.147,0.14,0.154,0.15,0.153,0.145,0.154,0.151,0.153,0.155,0.165,0.145,0.147,0.193
629,0.152,0.224,0.15,0.149,0.178,0.136,0.244,0.22,0.219,0.172,0.206,0.135,0.158,0.144,0.145,0.163,0.24,0.13,0.165,0.146,0.163,0.151,0.191,0.148,0.219,0.195,0.145,0.158,0.242,0.228,0.143,0.147,0.21,0.151,0.23,0.138,0.146,0.207,0.168,0.174,0.156,0.158,0.152,0.175,0.166,0.151,0.146,0.141,0.149,0.141,0.148,0.141,0.146,0.14,0.154,0.149,0.152,0.144,0.153,0.15,0.152,0.154,0.164,0.144,0.146,0.192
630,0.15,0.222,0.149,0.148,0.176,0.135,0.242,0.219,0.218,0.171,0.204,0.133,0.156,0.143,0.144,0.162,0.239,0.129,0.163,0.145,0.162,0.15,0.19,0.147,0.217,0.193,0.144,0.157,0.24,0.226,0.142,0.146,0.209,0.149,0.228,0.137,0.144,0.206,0.166,0.173,0.155,0.157,0.15,0.173,0.164,0.15,0.144,0.14,0.148,0.14,0.146,0.14,0.145,0.138,0.152,0.148,0.151,0.143,0.151,0.148,0.151,0.152,0.163,0.143,0.145,0.191
631,0.149,0.22,0.147,0.146,0.174,0.133,0.24,0.217,0.216,0.17,0.202,0.132,0.155,0.141,0.142,0.16,0.237,0.128,0.161,0.143,0.16,0.148,0.188,0.145,0.216,0.192,0.143,0.155,0.238,0.224,0.141,0.144,0.207,0.148,0.226,0.135,0.143,0.204,0.164,0.171,0.153,0.155,0.149,0.172,0.162,0.149,0.143,0.138,0.146,0.139,0.145,0.138,0.143,0.137,0.15,0.146,0.149,0.142,0.15,0.147,0.149,0.151,0.162,0.141,0.144,0.189
632,0.147,0.218,0.145,0.144,0.173,0.131,0.238,0.215,0.214,0.168,0.2,0.13,0.153,0.139,0.141,0.158,0.235,0.126,0.16,0.141,0.158,0.146,0.186,0.144,0.214,0.19,0.141,0.153,0.236,0.222,0.139,0.142,0.205,0.146,0.224,0.133,0.141,0.202,0.163,0.17,0.151,0.154,0.147,0.17,0.16,0.147,0.141,0.136,0.144,0.137,0.143,0.137,0.141,0.135,0.148,0.145,0.147,0.14,0.148,0.145,0.148,0.149,0.16,0.14,0.142,0.187
633,0.145,0.216,0.143,0.142,0.171,0.13,0.236,0.213,0.212,0.166,0.198,0.129,0.151,0.138,0.139,0.156,0.233,0.125,0.158,0.14,0.156,0.145,0.185,0.142,0.212,0.188,0.14,0.152,0.234,0.221,0.138,0.141,0.204,0.144,0.222,0.132,0.139,0.201,0.161,0.168,0.15,0.152,0.146,0.168,0.158,0.145,0.14,0.135,0.143,0.136,0.141,0.135,0.14,0.133,0.147,0.143,0.146,0.139,0.146,0.144,0.146,0.147,0.159,0.139,0.14,0.186
634,0.144,0.215,0.142,0.141,0.17,0.129,0.235,0.212,0.212,0.165,0.197,0.128,0.15,0.137,0.138,0.155,0.232,0.124,0.157,0.139,0.155,0.144,0.184,0.141,0.211,0.188,0.139,0.151,0.233,0.22,0.137,0.14,0.203,0.144,0.221,0.131,0.138,0.2,0.16,0.167,0.149,0.151,0.145,0.167,0.157,0.144,0.139,0.134,0.142,0.135,0.14,0.134,0.139,0.133,0.146,0.143,0.144,0.138,0.145,0.143,0.145,0.146,0.158,0.138,0.14,0.185
635,0.143,0.213,0.141,0.14,0.169,0.128,0.233,0.211,0.21,0.164,0.195,0.127,0.149,0.136,0.137,0.154,0.231,0.123,0.156,0.138,0.154,0.142,0.183,0.14,0.21,0.186,0.138,0.15,0.232,0.218,0.136,0.139,0.202,0.142,0.219,0.13,0.137,0.198,0.159,0.166,0.148,0.15,0.144,0.166,0.156,0.143,0.137,0.133,0.141,0.133,0.139,0.133,0.138,0.131,0.145,0.141,0.143,0.137,0.144,0.141,0.144,0.145,0.157,0.137,0.138,0.184
636,0.142,0.211,0.14,0.139,0.168,0.126,0.232,0.209,0.209,0.163,0.193,0.126,0.148,0.134,0.136,0.152,0.229,0.122,0.154,0.136,0.152,0.141,0.181,0.139,0.209,0.185,0.137,0.148,0.23,0.217,0.135,0.138,0.2,0.141,0.218,0.129,0.136,0.197,0.157,0.165,0.147,0.149,0.142,0.165,0.154,0.142,0.136,0.132,0.139,0.132,0.138,0.132,0.136,0.13,0.143,0.14,0.142,0.136,0.143,0.14,0.143,0.144,0.155,0.135,0.137,0.182
637,0.14,0.209,0.138,0.137,0.166,0.125,0.23,0.207,0.207,0.161,0.192,0.124,0.146,0.133,0.135,0.151,0.227,0.12,0.153,0.135,0.151,0.139,0.18,0.138,0.207,0.183,0.136,0.147,0.229,0.215,0.133,0.136,0.199,0.14,0.216,0.127,0.134,0.195,0.156,0.164,0.145,0.147,0.141,0.163,0.153,0.141,0.134,0.13,0.138,0.131,0.136,0.131,0.135,0.129,0.142,0.139,0.14,0.134,0.141,0.139,0.141,0.142,0.154,0.134,0.136,0.181
638,0.139,0.208,0.137,0.136,0.164,0.124,0.228,0.206,0.206,0.16,0.19,0.123,0.145,0.132,0.133,0.149,0.225,0.119,0.151,0.134,0.149,0.138,0.178,0.137,0.206,0.182,0.134,0.145,0.227,0.213,0.132,0.135,0.197,0.138,0.214,0.126,0.133,0.194,0.154,0.162,0.144,0.146,0.14,0.162,0.151,0.139,0.133,0.129,0.137,0.129,0.135,0.13,0.133,0.127,0.14,0.137,0.139,0.133,0.14,0.137,0.14,0.141,0.152,0.133,0.134,0.179
639,0.138,0.207,0.136,0.135,0.164,0.123,0.227,0.205,0.205,0.159,0.189,0.122,0.144,0.131,0.132,0.148,0.224,0.118,0.15,0.133,0.148,0.137,0.177,0.136,0.205,0.181,0.134,0.144,0.226,0.212,0.131,0.134,0.197,0.138,0.213,0.125,0.132,0.193,0.153,0.161,0.143,0.145,0.139,0.161,0.15,0.138,0.132,0.128,0.136,0.129,0.134,0.129,0.132,0.127,0.139,0.137,0.138,0.132,0.139,0.136,0.139,0.14,0.152,0.132,0.133,0.178
640,0.137,0.205,0.134,0.133,0.162,0.122,0.225,0.203,0.203,0.158,0.187,0.121,0.143,0.13,0.131,0.147,0.223,0.117,0.149,0.131,0.147,0.136,0.176,0.135,0.203,0.179,0.133,0.143,0.224,0.211,0.13,0.133,0.195,0.136,0.211,0.124,0.131,0.192,0.152,0.16,0.142,0.144,0.138,0.159,0.149,0.137,0.131,0.127,0.134,0.128,0.133,0.128,0.131,0.125,0.138,0.135,0.137,0.131,0.138,0.135,0.138,0.139,0.15,0.131,0.132,0.177
641,0.136,0.203,0.133,0.132,0.161,0.121,0.224,0.202,0.202,0.157,0.186,0.12,0.142,0.128,0.13,0.146,0.221,0.116,0.148,0.13,0.146,0.135,0.175,0.134,0.202,0.178,0.132,0.142,0.223,0.209,0.129,0.132,0.194,0.135,0.21,0.123,0.13,0.19,0.151,0.159,0.141,0.143,0.137,0.158,0.147,0.136,0.13,0.126,0.133,0.127,0.132,0.127,0.13,0.124,0.137,0.134,0.136,0.13,0.137,0.134,0.137,0.138,0.149,0.13,0.131,0.176
642,0.134,0.202,0.132,0.131,0.16,0.119,0.222,0.201,0.201,0.155,0.184,0.119,0.141,0.127,0.129,0.144,0.22,0.115,0.147,0.129,0.144,0.133,0.173,0.132,0.201,0.177,0.131,0.141,0.221,0.208,0.128,0.131,0.193,0.134,0.208,0.122,0.129,0.189,0.15,0.158,0.14,0.142,0.136,0.157,0.146,0.135,0.129,0.125,0.132,0.125,0.13,0.126,0.129,0.123,0.136,0.133,0.134,0.129,0.136,0.133,0.136,0.137,0.148,0.129,0.13,0.174
643,0.133,0.2,0.131,0.13,0.158,0.118,0.22,0.199,0.199,0.154,0.183,0.118,0.139,0.126,0.128,0.143,0.218,0.114,0.145,0.128,0.143,0.132,0.172,0.131,0.199,0.175,0.129,0.14,0.22,0.206,0.127,0.129,0.192,0.133,0.206,0.12,0.127,0.187,0.148,0.157,0.138,0.141,0.134,0.156,0.144,0.133,0.127,0.123,0.131,0.124,0.129,0.124,0.127,0.122,0.134,0.132,0.133,0.128,0.134,0.132,0.134,0.135,0.147,0.128,0.129,0.173
644,0.132,0.198,0.129,0.128,0.157,0.117,0.219,0.198,0.198,0.153,0.181,0.117,0.138,0.125,0.126,0.141,0.217,0.113,0.144,0.127,0.141,0.131,0.171,0.13,0.198,0.174,0.128,0.138,0.218,0.205,0.126,0.128,0.19,0.132,0.205,0.119,0.126,0.186,0.147,0.155,0.137,0.139,0.133,0.154,0.143,0.132,0.126,0.122,0.129,0.123,0.127,0.123,0.126,0.121,0.133,0.131,0.131,0.127,0.133,0.13,0.133,0.134,0.145,0.126,0.127,0.172
645,0.131,0.197,0.128,0.127,0.156,0.116,0.218,0.197,0.197,0.152,0.18,0.116,0.137,0.124,0.126,0.141,0.216,0.112,0.143,0.126,0.141,0.13,0.17,0.129,0.197,0.173,0.128,0.138,0.217,0.204,0.125,0.127,0.19,0.131,0.204,0.118,0.125,0.185,0.146,0.155,0.137,0.139,0.132,0.153,0.142,0.131,0.125,0.121,0.129,0.122,0.127,0.123,0.125,0.12,0.132,0.13,0.131,0.126,0.132,0.129,0.132,0.133,0.145,0.126,0.126,0.171
646,0.13,0.196,0.127,0.126,0.155,0.115,0.217,0.195,0.195,0.151,0.179,0.115,0.136,0.123,0.125,0.14,0.214,0.111,0.142,0.125,0.139,0.129,0.169,0.128,0.196,0.172,0.127,0.137,0.215,0.203,0.124,0.126,0.188,0.13,0.203,0.117,0.124,0.184,0.145,0.153,0.136,0.138,0.131,0.152,0.141,0.13,0.124,0.12,0.128,0.121,0.126,0.122,0.124,0.119,0.131,0.129,0.13,0.125,0.131,0.129,0.131,0.132,0.144,0.125,0.126,0.17
647,0.129,0.195,0.126,0.125,0.154,0.114,0.215,0.194,0.194,0.15,0.177,0.114,0.135,0.122,0.124,0.138,0.213,0.11,0.141,0.124,0.138,0.128,0.168,0.127,0.195,0.171,0.126,0.135,0.214,0.201,0.123,0.125,0.187,0.129,0.201,0.116,0.123,0.183,0.144,0.153,0.135,0.137,0.13,0.151,0.14,0.129,0.123,0.119,0.127,0.12,0.125,0.121,0.123,0.118,0.13,0.128,0.129,0.124,0.13,0.127,0.13,0.131,0.143,0.124,0.124,0.169
648,0.128,0.193,0.125,0.124,0.153,0.113,0.213,0.193,0.193,0.148,0.176,0.113,0.134,0.121,0.122,0.137,0.211,0.109,0.14,0.123,0.137,0.126,0.166,0.126,0.194,0.17,0.125,0.134,0.212,0.2,0.122,0.124,0.186,0.128,0.2,0.115,0.122,0.181,0.142,0.151,0.133,0.136,0.129,0.15,0.138,0.128,0.122,0.118,0.125,0.119,0.123,0.12,0.122,0.117,0.129,0.127,0.127,0.123,0.129,0.126,0.129,0.13,0.141,0.123,0.123,0.167
649,0.126,0.191,0.124,0.123,0.151,0.112,0.212,0.191,0.191,0.147,0.174,0.112,0.133,0.119,0.121,0.136,0.21,0.108,0.138,0.121,0.136,0.125,0.165,0.125,0.192,0.168,0.124,0.133,0.211,0.199,0.121,0.123,0.185,0.127,0.198,0.114,0.121,0.18,0.141,0.15,0.132,0.134,0.128,0.149,0.137,0.127,0.121,0.117,0.124,0.118,0.122,0.119,0.121,0.116,0.128,0.126,0.126,0.122,0.128,0.125,0.128,0.129,0.14,0.122,0.122,0.166
650,0.126,0.19,0.123,0.122,0.15,0.111,0.211,0.19,0.19,0.146,0.173,0.111,0.132,0.119,0.121,0.135,0.209,0.107,0.138,0.121,0.135,0.124,0.164,0.124,0.191,0.168,0.123,0.132,0.21,0.197,0.12,0.122,0.184,0.126,0.197,0.113,0.12,0.179,0.14,0.149,0.132,0.134,0.127,0.148,0.136,0.126,0.12,0.116,0.123,0.117,0.121,0.118,0.12,0.115,0.127,0.125,0.125,0.121,0.127,0.124,0.127,0.128,0.14,0.121,0.121,0.165
